JD,X,Y,Z,VX,VY,VZ
2460857.50000000,2.7043382881225309e-01,-4.5016237148127898e+00,2.8931957498080391e-01,-1.3843892318638440e-02,3.2530081044411907e-02,-1.4700839798587309e-03
2460857.60000000,2.6904943521953306e-01,-4.4983706344062142e+00,2.8917256194075036e-01,-1.3843978848974647e-02,3.2531525931111943e-02,-1.4701767791272769e-03
2460857.70000000,2.6766503298644134e-01,-4.4951174094032371e+00,2.8902553961285132e-01,-1.3844065125830808e-02,3.2532972973155772e-02,-1.4702697368283561e-03
2460857.80000000,2.6628062214484371e-01,-4.4918640396032421e+00,2.8887850798192899e-01,-1.3844151147785855e-02,3.2534422175153996e-02,-1.4703628533468175e-03
2460857.90000000,2.6489620270740827e-01,-4.4886105247597037e+00,2.8873146703071290e-01,-1.3844236913413280e-02,3.2535873541749978e-02,-1.4704561290699999e-03
2460858.00000000,2.6351177470628606e-01,-4.4853568646710764e+00,2.8858441674394797e-01,-1.3844322421278690e-02,3.2537327077579337e-02,-1.4705495643851337e-03
2460858.10000000,2.6212733816732503e-01,-4.4821030591202096e+00,2.8843735710565549e-01,-1.3844407669941387e-02,3.2538782787297015e-02,-1.4706431596810793e-03
2460858.20000000,2.6074289311651794e-01,-4.4788491078894790e+00,2.8829028809981794e-01,-1.3844492657953927e-02,3.2540240675570556e-02,-1.4707369153478993e-03
2460858.30000000,2.5935843958644944e-01,-4.4755950107759483e+00,2.8814320971106350e-01,-1.3844577383861694e-02,3.2541700747073347e-02,-1.4708308317764236e-03
2460858.40000000,2.5797397759050911e-01,-4.4723407675307536e+00,2.8799612192192658e-01,-1.3844661846204455e-02,3.2543163006511860e-02,-1.4709249093600046e-03
2460858.50000000,2.5658950716157369e-01,-4.4690863779500170e+00,2.8784902471695706e-01,-1.3844746043513937e-02,3.2544627458584913e-02,-1.4710191484918987e-03
2460858.60000000,2.5520502832622027e-01,-4.4658318418142429e+00,2.8770191807998013e-01,-1.3844829974315397e-02,3.2546094108010841e-02,-1.4711135495670180e-03
2460858.70000000,2.5382054111117353e-01,-4.4625771589034597e+00,2.8755480199478189e-01,-1.3844913637127166e-02,3.2547562959520812e-02,-1.4712081129814980e-03
2460858.80000000,2.5243604554975402e-01,-4.4593223290123749e+00,2.8740767644579357e-01,-1.3844997030460257e-02,3.2549034017851988e-02,-1.4713028391322596e-03
2460858.90000000,2.5105154165609017e-01,-4.4560673518897582e+00,2.8726054141535146e-01,-1.3845080152819860e-02,3.2550507287774970e-02,-1.4713977284187818e-03
2460859.00000000,2.4966702946380137e-01,-4.4528122273293675e+00,2.8711339688780702e-01,-1.3845163002702986e-02,3.2551982774052711e-02,-1.4714927812404578e-03
2460859.10000000,2.4828250900021079e-01,-4.4495569551093270e+00,2.8696624284678668e-01,-1.3845245578599992e-02,3.2553460481467990e-02,-1.4715879979983624e-03
2460859.20000000,2.4689798029279281e-01,-4.4463015350072848e+00,2.8681907927587680e-01,-1.3845327878994151e-02,3.2554940414816623e-02,-1.4716833790948162e-03
2460859.30000000,2.4551344337562109e-01,-4.4430459668155677e+00,2.8667190615930860e-01,-1.3845409902361229e-02,3.2556422578900533e-02,-1.4717789249329462e-03
2460859.40000000,2.4412889826358028e-01,-4.4397902502805415e+00,2.8652472347921704e-01,-1.3845491647170990e-02,3.2557906978555443e-02,-1.4718746359184695e-03
2460859.50000000,2.4274434499105027e-01,-4.4365343851935677e+00,2.8637753121975246e-01,-1.3845573111884866e-02,3.2559393618609503e-02,-1.4719705124570295e-03
2460859.60000000,2.4135978358611782e-01,-4.4332783713303634e+00,2.8623032936433918e-01,-1.3845654294957445e-02,3.2560882503910961e-02,-1.4720665549559776e-03
2460859.70000000,2.3997521407702468e-01,-4.4300222084661591e+00,2.8608311789636071e-01,-1.3845735194836051e-02,3.2562373639321233e-02,-1.4721627638239359e-03
2460859.80000000,2.3859063649861567e-01,-4.4267658963908669e+00,2.8593589679984532e-01,-1.3845815809960339e-02,3.2563867029708059e-02,-1.4722591394703511e-03
2460859.90000000,2.3720605086654947e-01,-4.4235094348484143e+00,2.8578866605672343e-01,-1.3845896138763763e-02,3.2565362679973349e-02,-1.4723556823072947e-03
2460860.00000000,2.3582145721598444e-01,-4.4202528236277345e+00,2.8564142565094097e-01,-1.3845976179671277e-02,3.2566860595011488e-02,-1.4724523927467767e-03
2460860.10000000,2.3443685557578917e-01,-4.4169960625021041e+00,2.8549417556571693e-01,-1.3846055931100805e-02,3.2568360779737189e-02,-1.4725492712025423e-03
2460860.20000000,2.3305224597499083e-01,-4.4137391512443083e+00,2.8534691578422899e-01,-1.3846135391462833e-02,3.2569863239078574e-02,-1.4726463180896312e-03
2460860.30000000,2.3166762844922362e-01,-4.4104820896418051e+00,2.8519964629029904e-01,-1.3846214559160004e-02,3.2571367977970223e-02,-1.4727435338239272e-03
2460860.40000000,2.3028300301493890e-01,-4.4072248774360583e+00,2.8505236706564979e-01,-1.3846293432588542e-02,3.2572875001381278e-02,-1.4728409188239752e-03
2460860.50000000,2.2889836970809174e-01,-4.4039675144135355e+00,2.8490507809401960e-01,-1.3846372010136021e-02,3.2574384314273369e-02,-1.4729384735082697e-03
2460860.60000000,2.2751372855835117e-01,-4.4007100003450379e+00,2.8475777935841906e-01,-1.3846450290182786e-02,3.2575895921628767e-02,-1.4730361982970691e-03
2460860.70000000,2.2612907959554851e-01,-4.3974523350008683e+00,2.8461047084181657e-01,-1.3846528271101560e-02,3.2577409828443343e-02,-1.4731340936119507e-03
2460860.80000000,2.2474442285612611e-01,-4.3941945181660031e+00,2.8446315252782461e-01,-1.3846605951257036e-02,3.2578926039719611e-02,-1.4732321598753550e-03
2460860.90000000,2.2335975835734675e-01,-4.3909365495794033e+00,2.8431582439795478e-01,-1.3846683329007294e-02,3.2580444560494963e-02,-1.4733303975124200e-03
2460861.00000000,2.2197508613598121e-01,-4.3876784290250397e+00,2.8416848643573472e-01,-1.3846760402701570e-02,3.2581965395799405e-02,-1.4734288069482471e-03
2460861.10000000,2.2059040622251788e-01,-4.3844201562712026e+00,2.8402113862396311e-01,-1.3846837170681697e-02,3.2583488550683791e-02,-1.4735273886097287e-03
2460861.20000000,2.1920571864761149e-01,-4.3811617310856859e+00,2.8387378094539606e-01,-1.3846913631281684e-02,3.2585014030212849e-02,-1.4736261429251008e-03
2460861.30000000,2.1782102344853166e-01,-4.3779031532509434e+00,2.8372641338343291e-01,-1.3846989782827328e-02,3.2586541839458055e-02,-1.4737250703234844e-03
2460861.40000000,2.1643632064337182e-01,-4.3746444225033994e+00,2.8357903591937128e-01,-1.3847065623637588e-02,3.2588071983526194e-02,-1.4738241712367345e-03
2460861.50000000,2.1505161026973793e-01,-4.3713855386244900e+00,2.8343164853652442e-01,-1.3847141152022426e-02,3.2589604467516721e-02,-1.4739234460966813e-03
2460861.60000000,2.1366689235895733e-01,-4.3681265013799697e+00,2.8328425121747591e-01,-1.3847216366284177e-02,3.2591139296550171e-02,-1.4740228953369770e-03
2460861.70000000,2.1228216694252755e-01,-4.3648673105350762e+00,2.8313684394476596e-01,-1.3847291264717169e-02,3.2592676475761188e-02,-1.4741225193926405e-03
2460861.80000000,2.1089743405856534e-01,-4.3616079658697133e+00,2.8298942670157773e-01,-1.3847365845607322e-02,3.2594216010291353e-02,-1.4742223186995978e-03
2460861.90000000,2.0951269372601458e-01,-4.3583484671177333e+00,2.8284199946899130e-01,-1.3847440107233499e-02,3.2595757905317942e-02,-1.4743222936965466e-03
2460862.00000000,2.0812794598333634e-01,-4.3550888140580089e+00,2.8269456223010209e-01,-1.3847514047865387e-02,3.2597302166010922e-02,-1.4744224448221732e-03
2460862.10000000,2.0674319086271681e-01,-4.3518290064537108e+00,2.8254711496727541e-01,-1.3847587665764839e-02,3.2598848797561662e-02,-1.4745227725170150e-03
2460862.20000000,2.0535842839651650e-01,-4.3485690440674922e+00,2.8239965766283215e-01,-1.3847660959185489e-02,3.2600397805175839e-02,-1.4746232772230021e-03
2460862.30000000,2.0397365862371930e-01,-4.3453089266766716e+00,2.8225219029973575e-01,-1.3847733926372383e-02,3.2601949194066254e-02,-1.4747239593829935e-03
2460862.40000000,2.0258888156413998e-01,-4.3420486540124950e+00,2.8210471285884520e-01,-1.3847806565563274e-02,3.2603502969481751e-02,-1.4748248194426574e-03
2460862.50000000,2.0120409725711502e-01,-4.3387882258512285e+00,2.8195722532303474e-01,-1.3847878874986556e-02,3.2605059136663977e-02,-1.4749258578476644e-03
2460862.60000000,1.9981930573571008e-01,-4.3355276419534325e+00,2.8180972767444767e-01,-1.3847950852862582e-02,3.2606617700876257e-02,-1.4750270750455679e-03
2460862.70000000,1.9843450703316914e-01,-4.3322669020791409e+00,2.8166221989518231e-01,-1.3848022497403271e-02,3.2608178667396438e-02,-1.4751284714853378e-03
2460862.80000000,1.9704970118936407e-01,-4.3290060060030413e+00,2.8151470196797884e-01,-1.3848093806811750e-02,3.2609742041509640e-02,-1.4752300476168964e-03
2460862.90000000,1.9566488822500130e-01,-4.3257449534537411e+00,2.8136717387347154e-01,-1.3848164779283627e-02,3.2611307828537467e-02,-1.4753318038930147e-03
2460863.00000000,1.9428006818031354e-01,-4.3224837442048676e+00,2.8121963559431035e-01,-1.3848235413004962e-02,3.2612876033794362e-02,-1.4754337407664794e-03
2460863.10000000,1.9289524108926692e-01,-4.3192223780143317e+00,2.8107208711241266e-01,-1.3848305706153549e-02,3.2614446662616751e-02,-1.4755358586919900e-03
2460863.20000000,1.9151040698601013e-01,-4.3159608546395090e+00,2.8092452840965060e-01,-1.3848375656898542e-02,3.2616019720355792e-02,-1.4756381581256910e-03
2460863.30000000,1.9012556591132415e-01,-4.3126991738524278e+00,2.8077695946853759e-01,-1.3848445263400098e-02,3.2617595212370135e-02,-1.4757406395247015e-03
2460863.40000000,1.8874071788682828e-01,-4.3094373353790125e+00,2.8062938026947998e-01,-1.3848514523810600e-02,3.2619173144055283e-02,-1.4758433033490281e-03
2460863.50000000,1.8735586295367312e-01,-4.3061753389902178e+00,2.8048179079489916e-01,-1.3848583436272705e-02,3.2620753520799635e-02,-1.4759461500587078e-03
2460863.60000000,1.8597100114674672e-01,-4.3029131844412669e+00,2.8033419102648371e-01,-1.3848651998920573e-02,3.2622336348013863e-02,-1.4760491801157219e-03
2460863.70000000,1.8458613250112421e-01,-4.2996508714868398e+00,2.8018658094587567e-01,-1.3848720209879510e-02,3.2623921631123633e-02,-1.4761523939835247e-03
2460863.80000000,1.8320125705851731e-01,-4.2963883998962684e+00,2.8003896053535809e-01,-1.3848788067265598e-02,3.2625509375562252e-02,-1.4762557921265676e-03
2460863.90000000,1.8181637484148028e-01,-4.2931257693927654e+00,2.7989132977510539e-01,-1.3848855569186917e-02,3.2627099586800316e-02,-1.4763593750122296e-03
2460864.00000000,1.8043148589210342e-01,-4.2898629797445693e+00,2.7974368864730725e-01,-1.3848922713741612e-02,3.2628692270301372e-02,-1.4764631431079358e-03
2460864.10000000,1.7904659024621880e-01,-4.2866000307041761e+00,2.7959603713341918e-01,-1.3848989499019098e-02,3.2630287431551545e-02,-1.4765670968830875e-03
2460864.20000000,1.7766168793985013e-01,-4.2833369220235360e+00,2.7944837521484978e-01,-1.3849055923099710e-02,3.2631885076052192e-02,-1.4766712368085870e-03
2460864.30000000,1.7627677901566238e-01,-4.2800736534692474e+00,2.7930070287364811e-01,-1.3849121984054349e-02,3.2633485209312481e-02,-1.4767755633563560e-03
2460864.40000000,1.7489186349716701e-01,-4.2768102247617632e+00,2.7915302008975273e-01,-1.3849187679945658e-02,3.2635087836879288e-02,-1.4768800770012865e-03
2460864.50000000,1.7350694142741660e-01,-4.2735466356665732e+00,2.7900532684511808e-01,-1.3849253008826138e-02,3.2636692964292495e-02,-1.4769847782183316e-03
2460864.60000000,1.7212201284321008e-01,-4.2702828859334145e+00,2.7885762312096302e-01,-1.3849317968739326e-02,3.2638300597114894e-02,-1.4770896674844529e-03
2460864.70000000,1.7073707778154232e-01,-4.2670189753114665e+00,2.7870990889845865e-01,-1.3849382557719447e-02,3.2639910740924746e-02,-1.4771947452781420e-03
2460864.80000000,1.6935213628605447e-01,-4.2637549035645508e+00,2.7856218415941641e-01,-1.3849446773791062e-02,3.2641523401308298e-02,-1.4773000120789335e-03
2460864.90000000,1.6796718838123817e-01,-4.2604906704103316e+00,2.7841444888353528e-01,-1.3849510614970218e-02,3.2643138583889925e-02,-1.4774054683693747e-03
2460865.00000000,1.6658223411113149e-01,-4.2572262756115062e+00,2.7826670305253032e-01,-1.3849574079262609e-02,3.2644756294287085e-02,-1.4775111146320902e-03
2460865.10000000,1.6519727351352323e-01,-4.2539617189150123e+00,2.7811894664738002e-01,-1.3849637164664719e-02,3.2646376538140440e-02,-1.4776169513517452e-03
2460865.20000000,1.6381230662640295e-01,-4.2506970000672206e+00,2.7797117964901447e-01,-1.3849699869163481e-02,3.2647999321106368e-02,-1.4777229790145646e-03
2460865.30000000,1.6242733349441135e-01,-4.2474321188291411e+00,2.7782340203900308e-01,-1.3849762190735943e-02,3.2649624648849442e-02,-1.4778291981078419e-03
2460865.40000000,1.6104235414304396e-01,-4.2441670749156026e+00,2.7767561379680206e-01,-1.3849824127350365e-02,3.2651252527072787e-02,-1.4779356091219251e-03
2460865.50000000,1.5965736861734800e-01,-4.2409018680864765e+00,2.7752781490388279e-01,-1.3849885676964435e-02,3.2652882961472667e-02,-1.4780422125472549e-03
2460865.60000000,1.5827237695612589e-01,-4.2376364980858581e+00,2.7738000534097967e-01,-1.3849946837526390e-02,3.2654515957768866e-02,-1.4781490088763482e-03
2460865.70000000,1.5688737919838591e-01,-4.2343709646572734e+00,2.7723218508877762e-01,-1.3850007606974666e-02,3.2656151521697145e-02,-1.4782559986033102e-03
2460865.80000000,1.5550237538979242e-01,-4.2311052675588794e+00,2.7708435412860061e-01,-1.3850067983237570e-02,3.2657789659001644e-02,-1.4783631822233407e-03
2460865.90000000,1.5411736555686897e-01,-4.2278394065026328e+00,2.7693651243965745e-01,-1.3850127964234352e-02,3.2659430375465488e-02,-1.4784705602347372e-03
2460866.00000000,1.5273234974569613e-01,-4.2245733812455386e+00,2.7678866000317270e-01,-1.3850187547873476e-02,3.2661073676865014e-02,-1.4785781331359074e-03
2460866.10000000,1.5134732799611461e-01,-4.2213071915288118e+00,2.7664079679963210e-01,-1.3850246732053682e-02,3.2662719569000416e-02,-1.4786859014273687e-03
2460866.20000000,1.4996230034817581e-01,-4.2180408370930875e+00,2.7649292280947180e-01,-1.3850305514663668e-02,3.2664368057688097e-02,-1.4787938656112578e-03
2460866.30000000,1.4857726684859235e-01,-4.2147743176936316e+00,2.7634503801376575e-01,-1.3850363893581758e-02,3.2666019148753042e-02,-1.4789020261908317e-03
2460866.40000000,1.4719222752494066e-01,-4.2115076330394938e+00,2.7619714239147214e-01,-1.3850421866676935e-02,3.2667672848059631e-02,-1.4790103836724896e-03
2460866.50000000,1.4580718242435972e-01,-4.2082407828847641e+00,2.7604923592356390e-01,-1.3850479431807164e-02,3.2669329161465602e-02,-1.4791189385627576e-03
2460866.60000000,1.4442213158775347e-01,-4.2049737669677381e+00,2.7590131859027472e-01,-1.3850536586820431e-02,3.2670988094852818e-02,-1.4792276913703081e-03
2460866.70000000,1.4303707505624166e-01,-4.2017065850261259e+00,2.7575339037178742e-01,-1.3850593329554416e-02,3.2672649654119611e-02,-1.4793366426054620e-03
2460866.80000000,1.4165201287761051e-01,-4.1984392368122583e+00,2.7560545124892255e-01,-1.3850649657836171e-02,3.2674313845173102e-02,-1.4794457927796878e-03
2460866.90000000,1.4026694508051479e-01,-4.1951717220322307e+00,2.7545750120038270e-01,-1.3850705569483122e-02,3.2675980673960277e-02,-1.4795551424076423e-03
2460867.00000000,1.3888187171317740e-01,-4.1919040404371861e+00,2.7530954020688564e-01,-1.3850761062301447e-02,3.2677650146421537e-02,-1.4796646920041256e-03
2460867.10000000,1.3749679281759125e-01,-4.1886361917624582e+00,2.7516156824840876e-01,-1.3850816134087058e-02,3.2679322268521702e-02,-1.4797744420861202e-03
2460867.20000000,1.3611170843597034e-01,-4.1853681757427861e+00,2.7501358530487752e-01,-1.3850870782625306e-02,3.2680997046242395e-02,-1.4798843931722895e-03
2460867.30000000,1.3472661861720037e-01,-4.1820999921275259e+00,2.7486559135685473e-01,-1.3850925005690658e-02,3.2682674485574194e-02,-1.4799945457824721e-03
2460867.40000000,1.3334152339104058e-01,-4.1788316406197792e+00,2.7471758638278354e-01,-1.3850978801047655e-02,3.2684354592547982e-02,-1.4801049004397385e-03
2460867.50000000,1.3195642280682396e-01,-4.1755631209676984e+00,2.7456957036312218e-01,-1.3851032166449341e-02,3.2686037373188141e-02,-1.4802154576673227e-03
2460867.60000000,1.3057131690765886e-01,-4.1722944329036125e+00,2.7442154327758744e-01,-1.3851085099638233e-02,3.2687722833543834e-02,-1.4803262179906777e-03
2460867.70000000,1.2918620573687983e-01,-4.1690255761592505e+00,2.7427350510584320e-01,-1.3851137598345987e-02,3.2689410979681255e-02,-1.4804371819369696e-03
2460867.80000000,1.2780108934449882e-01,-4.1657565504809515e+00,2.7412545582819042e-01,-1.3851189660293136e-02,3.2691101817675774e-02,-1.4805483500345670e-03
2460867.90000000,1.2641596776140651e-01,-4.1624873555687767e+00,2.7397739542280858e-01,-1.3851241283189961e-02,3.2692795353643549e-02,-1.4806597228151188e-03
2460868.00000000,1.2503084103807272e-01,-4.1592179911678482e+00,2.7382932386989217e-01,-1.3851292464735016e-02,3.2694491593694287e-02,-1.4807713008104537e-03
2460868.10000000,1.2364570921874819e-01,-4.1559484570074510e+00,2.7368124114889286e-01,-1.3851343202616023e-02,3.2696190543962840e-02,-1.4808830845546579e-03
2460868.20000000,1.2226057234791542e-01,-4.1526787528162554e+00,2.7353314723920913e-01,-1.3851393494509581e-02,3.2697892210601320e-02,-1.4809950745835647e-03
2460868.30000000,1.2087543047673985e-01,-4.1494088783375433e+00,2.7338504212087528e-01,-1.3851443338080872e-02,3.2699596599771286e-02,-1.4811072714342372e-03
2460868.40000000,1.1949028363727074e-01,-4.1461388332683002e+00,2.7323692577180297e-01,-1.3851492730984530e-02,3.2701303717675483e-02,-1.4812196756470667e-03
2460868.50000000,1.1810513188114272e-01,-4.1428686173505671e+00,2.7308879817191828e-01,-1.3851541670863197e-02,3.2703013570510357e-02,-1.4813322877626439e-03
2460868.60000000,1.1671997525377659e-01,-4.1395982303105407e+00,2.7294065930040423e-01,-1.3851590155348394e-02,3.2704726164497773e-02,-1.4814451083238552e-03
2460868.70000000,1.1533481380083063e-01,-4.1363276718737954e+00,2.7279250913638875e-01,-1.3851638182060219e-02,3.2706441505877204e-02,-1.4815581378753669e-03
2460868.80000000,1.1394964757465183e-01,-4.1330569417805085e+00,2.7264434765963547e-01,-1.3851685748607082e-02,3.2708159600897721e-02,-1.4816713769631056e-03
2460868.90000000,1.1256447660847636e-01,-4.1297860397245403e+00,2.7249617484778360e-01,-1.3851732852586526e-02,3.2709880455850097e-02,-1.4817848261363740e-03
2460869.00000000,1.1117930095513176e-01,-4.1265149654448141e+00,2.7234799068048704e-01,-1.3851779491583831e-02,3.2711604077018862e-02,-1.4818984859446937e-03
2460869.10000000,1.0979412066123748e-01,-4.1232437186643924e+00,2.7219979513665454e-01,-1.3851825663172853e-02,3.2713330470714334e-02,-1.4820123569399218e-03
2460869.20000000,1.0840893577365612e-01,-4.1199722991057079e+00,2.7205158819513986e-01,-1.3851871364915731e-02,3.2715059643264724e-02,-1.4821264396757299e-03
2460869.30000000,1.0702374634594500e-01,-4.1167007065057923e+00,2.7190336983543140e-01,-1.3851916594362631e-02,3.2716791601008023e-02,-1.4822407347070785e-03
2460869.40000000,1.0563855241255608e-01,-4.1134289405553384e+00,2.7175514003489132e-01,-1.3851961349052510e-02,3.2718526350324441e-02,-1.4823552425923536e-03
2460869.50000000,1.0425335402753895e-01,-4.1101570009901049e+00,2.7160689877289651e-01,-1.3852005626511805e-02,3.2720263897588017e-02,-1.4824699638901824e-03
2460869.60000000,1.0286815123874084e-01,-4.1068848875299766e+00,2.7145864602807768e-01,-1.3852049424255206e-02,3.2722004249198924e-02,-1.4825848991615654e-03
2460869.70000000,1.0148294409425804e-01,-4.1036125998941984e+00,2.7131038177900918e-01,-1.3852092739785389e-02,3.2723747411575521e-02,-1.4827000489693533e-03
2460869.80000000,1.0009773264888773e-01,-4.1003401378166116e+00,2.7116210600489982e-01,-1.3852135570592752e-02,3.2725493391146193e-02,-1.4828154138777166e-03
2460869.90000000,9.8712516938327319e-02,-4.0970675009846937e+00,2.7101381868283014e-01,-1.3852177914156149e-02,3.2727242194381979e-02,-1.4829309944543025e-03
2460870.00000000,9.7327297017878192e-02,-4.0937946891309984e+00,2.7086551979189555e-01,-1.3852219767941635e-02,3.2728993827747882e-02,-1.4830467912670181e-03
2460870.10000000,9.5942072936645334e-02,-4.0905217019721842e+00,2.7071720931044391e-01,-1.3852261129403198e-02,3.2730748297735396e-02,-1.4831628048861858e-03
2460870.20000000,9.4556844743988969e-02,-4.0872485392242650e+00,2.7056888721676597e-01,-1.3852301995982497e-02,3.2732505610854445e-02,-1.4832790358840148e-03
2460870.30000000,9.3171612495976261e-02,-4.0839752006178447e+00,2.7042055348978578e-01,-1.3852342365108608e-02,3.2734265773625246e-02,-1.4833954848340646e-03
2460870.40000000,9.1786376229580593e-02,-4.0807016858371430e+00,2.7027220810629798e-01,-1.3852382234198716e-02,3.2736028792611158e-02,-1.4835121523134225e-03
2460870.50000000,9.0401136001385732e-02,-4.0774279946114573e+00,2.7012385104511144e-01,-1.3852421600656913e-02,3.2737794674369589e-02,-1.4836290388994563e-03
2460870.60000000,8.9015891861785171e-02,-4.0741541266541779e+00,2.6997548228428647e-01,-1.3852460461874900e-02,3.2739563425484806e-02,-1.4837461451719931e-03
2460870.70000000,8.7630643861433877e-02,-4.0708800816780411e+00,2.6982710180182551e-01,-1.3852498815231725e-02,3.2741335052559779e-02,-1.4838634717127814e-03
2460870.80000000,8.6245392057700154e-02,-4.0676058594103663e+00,2.6967870957636347e-01,-1.3852536658093545e-02,3.2743109562208050e-02,-1.4839810191049519e-03
2460870.90000000,8.4860136488864535e-02,-4.0643314595320685e+00,2.6953030558440394e-01,-1.3852573987814254e-02,3.2744886961086773e-02,-1.4840987879352167e-03
2460871.00000000,8.3474877212824608e-02,-4.0610568817691410e+00,2.6938188980446465e-01,-1.3852610801734373e-02,3.2746667255847225e-02,-1.4842167787905908e-03
2460871.10000000,8.2089614281293868e-02,-4.0577821258316593e+00,2.6923346221431382e-01,-1.3852647097181679e-02,3.2748450453167918e-02,-1.4843349922605889e-03
2460871.20000000,8.0704347746253763e-02,-4.0545071914290363e+00,2.6908502279166047e-01,-1.3852682871470973e-02,3.2750236559746418e-02,-1.4844534289366854e-03
2460871.30000000,7.9319077666405613e-02,-4.0512320782852598e+00,2.6893657151484540e-01,-1.3852718121903839e-02,3.2752025582291018e-02,-1.4845720894117705e-03
2460871.40000000,7.7933804081369157e-02,-4.0479567860778936e+00,2.6878810836007649e-01,-1.3852752845769230e-02,3.2753817527554192e-02,-1.4846909742823676e-03
2460871.50000000,7.6548527050387921e-02,-4.0446813145295790e+00,2.6863963330557561e-01,-1.3852787040342424e-02,3.2755612402282627e-02,-1.4848100841453264e-03
2460871.60000000,7.5163246626527916e-02,-4.0414056633470334e+00,2.6849114632881355e-01,-1.3852820702885606e-02,3.2757410213250585e-02,-1.4849294196000401e-03
2460871.70000000,7.3777962863129598e-02,-4.0381298322362893e+00,2.6834264740720104e-01,-1.3852853830647634e-02,3.2759210967251692e-02,-1.4850489812478992e-03
2460871.80000000,7.2392675820259947e-02,-4.0348538209179630e+00,2.6819413651878032e-01,-1.3852886420863833e-02,3.2761014671090598e-02,-1.4851687696917440e-03
2460871.90000000,7.1007385538910797e-02,-4.0315776290662129e+00,2.6804561363945828e-01,-1.3852918470756511e-02,3.2762821331616551e-02,-1.4852887855381016e-03
2460872.00000000,6.9622092079704767e-02,-4.0283012564002885e+00,2.6789707874715596e-01,-1.3852949977533984e-02,3.2764630955673182e-02,-1.4854090293938489e-03
2460872.10000000,6.8236795497093480e-02,-4.0250247026234920e+00,2.6774853181904185e-01,-1.3852980938391124e-02,3.2766443550132092e-02,-1.4855295018684500e-03
2460872.20000000,6.6851495845809850e-02,-4.0217479674384373e+00,2.6759997283222364e-01,-1.3853011350509122e-02,3.2768259121884503e-02,-1.4856502035734069e-03
2460872.30000000,6.5466193187320068e-02,-4.0184710505623116e+00,2.6745140176443949e-01,-1.3853041211055290e-02,3.2770077677832896e-02,-1.4857711351217036e-03
2460872.40000000,6.4080887564021916e-02,-4.0151939516658270e+00,2.6730281859129046e-01,-1.3853070517183536e-02,3.2771899224924919e-02,-1.4858922971300677e-03
2460872.50000000,6.2695579037950894e-02,-4.0119166704647844e+00,2.6715422329039157e-01,-1.3853099266033460e-02,3.2773723770102674e-02,-1.4860136902155997e-03
2460872.60000000,6.1310267664978428e-02,-4.0086392066590228e+00,2.6700561583860416e-01,-1.3853127454730841e-02,3.2775551320336604e-02,-1.4861353149980331e-03
2460872.70000000,5.9924953501264075e-02,-4.0053615599476906e+00,2.6685699621272757e-01,-1.3853155080387420e-02,3.2777381882617133e-02,-1.4862571720991786e-03
2460872.80000000,5.8539636609707804e-02,-4.0020837300444949e+00,2.6670836439019086e-01,-1.3853182140100709e-02,3.2779215463946160e-02,-1.4863792621423642e-03
2460872.90000000,5.7154317034147882e-02,-3.9988057166166535e+00,2.6655972034628411e-01,-1.3853208630954414e-02,3.2781052071371303e-02,-1.4865015857547180e-03
2460873.00000000,5.5768994838067562e-02,-3.9955275193764672e+00,2.6641106405831122e-01,-1.3853234550017602e-02,3.2782891711934700e-02,-1.4866241435637655e-03
2460873.10000000,5.4383670078793050e-02,-3.9922491380202687e+00,2.6626239550282105e-01,-1.3853259894345134e-02,3.2784734392707245e-02,-1.4867469361997104e-03
2460873.20000000,5.2998342813945769e-02,-3.9889705722436832e+00,2.6611371465629940e-01,-1.3853284660977476e-02,3.2786580120780125e-02,-1.4868699642948760e-03
2460873.30000000,5.1613013107894755e-02,-3.9856918217568928e+00,2.6596502149586104e-01,-1.3853308846940490e-02,3.2788428903256256e-02,-1.4869932284831372e-03
2460873.40000000,5.0227681005954351e-02,-3.9824128862235648e+00,2.6581631599647992e-01,-1.3853332449245822e-02,3.2790280747284808e-02,-1.4871167294022273e-03
2460873.50000000,4.8842346573091326e-02,-3.9791337653524539e+00,2.6566759813514346e-01,-1.3853355464890148e-02,3.2792135660009582e-02,-1.4872404676903018e-03
2460873.60000000,4.7457009868122547e-02,-3.9758544588363338e+00,2.6551886788808271e-01,-1.3853377890855542e-02,3.2793993648603532e-02,-1.4873644439882415e-03
2460873.70000000,4.6071670950167419e-02,-3.9725749663672567e+00,2.6537012523146469e-01,-1.3853399724109299e-02,3.2795854720260219e-02,-1.4874886589390872e-03
2460873.80000000,4.4686329885100379e-02,-3.9692952876518279e+00,2.6522137014208441e-01,-1.3853420961603739e-02,3.2797718882185169e-02,-1.4876131131874714e-03
2460873.90000000,4.3300986719748337e-02,-3.9660154223501149e+00,2.6507260259459442e-01,-1.3853441600276548e-02,3.2799586141630734e-02,-1.4877378073819402e-03
2460874.00000000,4.1915641520598235e-02,-3.9627353701672754e+00,2.6492382256566038e-01,-1.3853461637050084e-02,3.2801456505843998e-02,-1.4878627421714894e-03
2460874.10000000,4.0530294347994489e-02,-3.9594551307924681e+00,2.6477503003119024e-01,-1.3853481068831703e-02,3.2803329982101621e-02,-1.4879879182078872e-03
2460874.20000000,3.9144945262591567e-02,-3.9561747039141251e+00,2.6462622496702659e-01,-1.3853499892513591e-02,3.2805206577701161e-02,-1.4881133361451062e-03
2460874.30000000,3.7759594331806520e-02,-3.9528940892352220e+00,2.6447740734963948e-01,-1.3853518104972578e-02,3.2807086299952458e-02,-1.4882389966387442e-03
2460874.40000000,3.6374241604016325e-02,-3.9496132864121738e+00,2.6432857715335439e-01,-1.3853535703070423e-02,3.2808969156212647e-02,-1.4883649003483764e-03
2460874.50000000,3.4988887147265703e-02,-3.9463322951464885e+00,2.6417973435450981e-01,-1.3853552683653195e-02,3.2810855153833779e-02,-1.4884910479340517e-03
2460874.60000000,3.3603531023464521e-02,-3.9430511151236614e+00,2.6403087892868493e-01,-1.3853569043551553e-02,3.2812744300197809e-02,-1.4886174400586421e-03
2460874.70000000,3.2218173294840322e-02,-3.9397697460284484e+00,2.6388201085139273e-01,-1.3853584779580576e-02,3.2814636602708017e-02,-1.4887440773872667e-03
2460874.80000000,3.0832814030391016e-02,-3.9364881875601436e+00,2.6373313009877264e-01,-1.3853599888539601e-02,3.2816532068780144e-02,-1.4888709605867080e-03
2460874.90000000,2.9447453280082147e-02,-3.9332064393714576e+00,2.6358423664481739e-01,-1.3853614367212434e-02,3.2818430705877852e-02,-1.4889980903277868e-03
2460875.00000000,2.8062091113554871e-02,-3.9299245011601958e+00,2.6343533046553280e-01,-1.3853628212366834e-02,3.2820332521459772e-02,-1.4891254672818252e-03
2460875.10000000,2.6676727594323327e-02,-3.9266423726081356e+00,2.6328641153616383e-01,-1.3853641420754717e-02,3.2822237523014934e-02,-1.4892530921230174e-03
2460875.20000000,2.5291362786227223e-02,-3.9233600533963036e+00,2.6313747983188790e-01,-1.3853653989111998e-02,3.2824145718053935e-02,-1.4893809655278502e-03
2460875.30000000,2.3905996759884619e-02,-3.9200775432202613e+00,2.6298853532850835e-01,-1.3853665914158465e-02,3.2826057114100152e-02,-1.4895090881745124e-03
2460875.40000000,2.2520629566889033e-02,-3.9167948417289584e+00,2.6283957799967983e-01,-1.3853677192597893e-02,3.2827971718725459e-02,-1.4896374607452939e-03
2460875.50000000,2.1135261278517791e-02,-3.9135119486164438e+00,2.6269060782106918e-01,-1.3853687821117636e-02,3.2829889539496795e-02,-1.4897660839230133e-03
2460875.60000000,1.9749891959929180e-02,-3.9102288635607247e+00,2.6254162476758153e-01,-1.3853697796388771e-02,3.2831810584011911e-02,-1.4898949583934127e-03
2460875.70000000,1.8364521676615182e-02,-3.9069455862390443e+00,2.6239262881405329e-01,-1.3853707115065951e-02,3.2833734859890489e-02,-1.4900240848445708e-03
2460875.80000000,1.6979150500854290e-02,-3.9036621163431762e+00,2.6224361993594564e-01,-1.3853715773787271e-02,3.2835662374765269e-02,-1.4901534639663104e-03
2460875.90000000,1.5593778485908599e-02,-3.9003784535182557e+00,2.6209459810656927e-01,-1.3853723769174346e-02,3.2837593136318018e-02,-1.4902830964526172e-03
2460876.00000000,1.4208405704732288e-02,-3.8970945974545228e+00,2.6194556330124685e-01,-1.3853731097831983e-02,3.2839527152225725e-02,-1.4904129829980343e-03
2460876.10000000,1.2823032224168765e-02,-3.8938105478261544e+00,2.6179651549453758e-01,-1.3853737756348256e-02,3.2841464430196594e-02,-1.4905431243000813e-03
2460876.20000000,1.1437658111403466e-02,-3.8905263043065594e+00,2.6164745466093076e-01,-1.3853743741294370e-02,3.2843404977961121e-02,-1.4906735210586603e-03
2460876.30000000,1.0052283440416704e-02,-3.8872418665836661e+00,2.6149838077553988e-01,-1.3853749049224557e-02,3.2845348803263126e-02,-1.4908041739754580e-03
2460876.40000000,8.6669082661807676e-03,-3.8839572342987427e+00,2.6134929381132560e-01,-1.3853753676676076e-02,3.2847295913896048e-02,-1.4909350837563897e-03
2460876.50000000,7.2815326633685279e-03,-3.8806724071381598e+00,2.6120019374326026e-01,-1.3853757620168971e-02,3.2849246317648670e-02,-1.4910662511079566e-03
2460876.60000000,5.8961567005505616e-03,-3.8773873847722147e+00,2.6105108054555137e-01,-1.3853760876206087e-02,3.2851200022341411e-02,-1.4911976767396893e-03
2460876.70000000,4.5107804466480318e-03,-3.8741021668704225e+00,2.6090195419233531e-01,-1.3853763441272957e-02,3.2853157035817357e-02,-1.4913293613635495e-03
2460876.80000000,3.1254039773855715e-03,-3.8708167531168107e+00,2.6075281465837175e-01,-1.3853765311837697e-02,3.2855117365933169e-02,-1.4914613056933250e-03
2460876.90000000,1.7400273494883960e-03,-3.8675311431487223e+00,2.6060366191626516e-01,-1.3853766484350938e-02,3.2857081020595723e-02,-1.4915935104470961e-03
2460877.00000000,3.5465063939102036e-04,-3.8642453366486071e+00,2.6045449594063180e-01,-1.3853766955245695e-02,3.2859048007707357e-02,-1.4917259763435615e-03
2460877.10000000,-1.0307260825656202e-03,-3.8609593332828229e+00,2.6030531670532131e-01,-1.3853766720937306e-02,3.2861018335202510e-02,-1.4918587041045032e-03
2460877.20000000,-2.4161027456812358e-03,-3.8576731327169331e+00,2.6015612418411099e-01,-1.3853765777823322e-02,3.2862992011038615e-02,-1.4919916944541819e-03
2460877.30000000,-3.8014792724432359e-03,-3.8543867346310110e+00,2.6000691835140050e-01,-1.3853764122283426e-02,3.2864969043186996e-02,-1.4921249481187275e-03
2460877.40000000,-5.1868556043295870e-03,-3.8511001386584165e+00,2.5985769917943224e-01,-1.3853761750679306e-02,3.2866949439669758e-02,-1.4922584658286300e-03
2460877.50000000,-6.5722316631000354e-03,-3.8478133444776175e+00,2.5970846664246006e-01,-1.3853758659354599e-02,3.2868933208504612e-02,-1.4923922483150282e-03
2460877.60000000,-7.9576073765989467e-03,-3.8445263517509782e+00,2.5955922071396931e-01,-1.3853754844634778e-02,3.2870920357741806e-02,-1.4925262963121995e-03
2460877.70000000,-9.3429826723023194e-03,-3.8412391601400531e+00,2.5940996136737249e-01,-1.3853750302827046e-02,3.2872910895454945e-02,-1.4926606105569503e-03
2460877.80000000,-1.0728357470864805e-02,-3.8379517693209002e+00,2.5926068857670281e-01,-1.3853745030220280e-02,3.2874904829731801e-02,-1.4927951917879990e-03
2460877.90000000,-1.2113731711922477e-02,-3.8346641789228393e+00,2.5911140231383423e-01,-1.3853739023084826e-02,3.2876902168711558e-02,-1.4929300407484935e-03
2460878.00000000,-1.3499105315384063e-02,-3.8313763886203023e+00,2.5896210255265195e-01,-1.3853732277672547e-02,3.2878902920529127e-02,-1.4930651581822616e-03
2460878.10000000,-1.4884478207233692e-02,-3.8280883980715963e+00,2.5881278926627116e-01,-1.3853724790216619e-02,3.2880907093352389e-02,-1.4932005448363259e-03
2460878.20000000,-1.6269850313077872e-02,-3.8248002069342122e+00,2.5866346242773247e-01,-1.3853716556931468e-02,3.2882914695372960e-02,-1.4933362014602893e-03
2460878.30000000,-1.7655221551692482e-02,-3.8215118148801328e+00,2.5851412201069668e-01,-1.3853707574012716e-02,3.2884925734796927e-02,-1.4934721288057107e-03
2460878.40000000,-1.9040591860825420e-02,-3.8182232215345793e+00,2.5836476798666297e-01,-1.3853697837636887e-02,3.2886940219882380e-02,-1.4936083276286490e-03
2460878.50000000,-2.0425961158487875e-02,-3.8149344265678846e+00,2.5821540032914136e-01,-1.3853687343961595e-02,3.2888958158883277e-02,-1.4937447986858754e-03
2460878.60000000,-2.1811329368756984e-02,-3.8116454296342446e+00,2.5806601901087028e-01,-1.3853676089125237e-02,3.2890979560086998e-02,-1.4938815427374132e-03
2460878.70000000,-2.3196696415322755e-02,-3.8083562303870226e+00,2.5791662400451221e-01,-1.3853664069246955e-02,3.2893004431805040e-02,-1.4940185605459189e-03
2460878.80000000,-2.4582062215035030e-02,-3.8050668284940694e+00,2.5776721528334900e-01,-1.3853651280426585e-02,3.2895032782363672e-02,-1.4941558528760493e-03
2460878.90000000,-2.5967426703706005e-02,-3.8017772235764475e+00,2.5761779281849861e-01,-1.3853637718744318e-02,3.2897064620141754e-02,-1.4942934204970331e-03
2460879.00000000,-2.7352789797401571e-02,-3.7984874153003334e+00,2.5746835658308925e-01,-1.3853623380260947e-02,3.2899099953514185e-02,-1.4944312641788440e-03
2460879.10000000,-2.8738151418243839e-02,-3.7951974033157470e+00,2.5731890654947609e-01,-1.3853608261017527e-02,3.2901138790889746e-02,-1.4945693846947683e-03
2460879.20000000,-3.0123511487958027e-02,-3.7919071872718670e+00,2.5716944268993697e-01,-1.3853592357035337e-02,3.2903181140701697e-02,-1.4947077828207757e-03
2460879.30000000,-3.1508869921419415e-02,-3.7886167668323489e+00,2.5701996497736807e-01,-1.3853575664315842e-02,3.2905227011398329e-02,-1.4948464593348852e-03
2460879.40000000,-3.2894226652455671e-02,-3.7853261416140356e+00,2.5687047338249935e-01,-1.3853558178840273e-02,3.2907276411481237e-02,-1.4949854150197598e-03
2460879.50000000,-3.4279581595138338e-02,-3.7820353112788863e+00,2.5672096787807075e-01,-1.3853539896569990e-02,3.2909329349448131e-02,-1.4951246506588406e-03
2460879.60000000,-3.5664934669585140e-02,-3.7787442754726857e+00,2.5657144843604740e-01,-1.3853520813446069e-02,3.2911385833831075e-02,-1.4952641670389431e-03
2460879.70000000,-3.7050285795506940e-02,-3.7754530338403645e+00,2.5642191502831568e-01,-1.3853500925389266e-02,3.2913445873187015e-02,-1.4954039649496193e-03
2460879.80000000,-3.8435634885754612e-02,-3.7721615860413240e+00,2.5627236762737959e-01,-1.3853480228299998e-02,3.2915509476088269e-02,-1.4955440451825184e-03
2460879.90000000,-3.9820981872121117e-02,-3.7688699316881258e+00,2.5612280620357419e-01,-1.3853458718057859e-02,3.2917576651160997e-02,-1.4956844085340071e-03
2460880.00000000,-4.1206326666633264e-02,-3.7655780704384481e+00,2.5597323072924416e-01,-1.3853436390522078e-02,3.2919647407027706e-02,-1.4958250558012665e-03
2460880.10000000,-4.2591669187353798e-02,-3.7622860019337776e+00,2.5582364117595807e-01,-1.3853413241531030e-02,3.2921721752345673e-02,-1.4959659877849115e-03
2460880.20000000,-4.3977009351928227e-02,-3.7589937258147370e+00,2.5567403751520390e-01,-1.3853389266902209e-02,3.2923799695797451e-02,-1.4961072052883514e-03
2460880.30000000,-4.5362347071131778e-02,-3.7557012417364097e+00,2.5552441971908613e-01,-1.3853364462432249e-02,3.2925881246081305e-02,-1.4962487091171389e-03
2460880.40000000,-4.6747682274671264e-02,-3.7524085493070105e+00,2.5537478775753847e-01,-1.3853338823896331e-02,3.2927966411949977e-02,-1.4963905000816215e-03
2460880.50000000,-4.8133014872476995e-02,-3.7491156481798757e+00,2.5522514160250348e-01,-1.3853312347048771e-02,3.2930055202152669e-02,-1.4965325789929964e-03
2460880.60000000,-4.9518344780504611e-02,-3.7458225379921335e+00,2.5507548122514578e-01,-1.3853285027622453e-02,3.2932147625473848e-02,-1.4966749466659571e-03
2460880.70000000,-5.0903671914281981e-02,-3.7425292183800316e+00,2.5492580659654823e-01,-1.3853256861328801e-02,3.2934243690723689e-02,-1.4968176039180481e-03
2460880.80000000,-5.2288996182456152e-02,-3.7392356889942722e+00,2.5477611768840913e-01,-1.3853227843857832e-02,3.2936343406728311e-02,-1.4969605515690074e-03
2460880.90000000,-5.3674317512594806e-02,-3.7359419494386636e+00,2.5462641447025330e-01,-1.3853197970877472e-02,3.2938446782369013e-02,-1.4971037904434438e-03
2460881.00000000,-5.5059635812478580e-02,-3.7326479993621335e+00,2.5447669691361408e-01,-1.3853167238034264e-02,3.2940553826523701e-02,-1.4972473213668541e-03
2460881.10000000,-5.6444950995902583e-02,-3.7293538383973859e+00,2.5432696498924517e-01,-1.3853135640952707e-02,3.2942664548106029e-02,-1.4973911451682945e-03
2460881.20000000,-5.7830262976223311e-02,-3.7260594661762316e+00,2.5417721866781723e-01,-1.3853103175235271e-02,3.2944778956055715e-02,-1.4975352626797295e-03
2460881.30000000,-5.9215571659905514e-02,-3.7227648823449284e+00,2.5402745792061499e-01,-1.3853069836462440e-02,3.2946897059328815e-02,-1.4976796747353698e-03
2460881.40000000,-6.0600876972323428e-02,-3.7194700865028087e+00,2.5387768271674732e-01,-1.3853035620191960e-02,3.2949018866937151e-02,-1.4978243821743731e-03
2460881.50000000,-6.1986178819053432e-02,-3.7161750782943317e+00,2.5372789302733129e-01,-1.3853000521959652e-02,3.2951144387889320e-02,-1.4979693858368239e-03
2460881.60000000,-6.3371477111675165e-02,-3.7128798573477106e+00,2.5357808882270233e-01,-1.3852964537278677e-02,3.2953273631230198e-02,-1.4981146865664320e-03
2460881.70000000,-6.4756771761318499e-02,-3.7095844232902531e+00,2.5342827007311136e-01,-1.3852927661639562e-02,3.2955406606031079e-02,-1.4982602852098739e-03
2460881.80000000,-6.6142062672210372e-02,-3.7062887757637060e+00,2.5327843674942241e-01,-1.3852889890510261e-02,3.2957543321379908e-02,-1.4984061826161230e-03
2460881.90000000,-6.7527349767475778e-02,-3.7029929143628637e+00,2.5312858882032113e-01,-1.3852851219335320e-02,3.2959683786421119e-02,-1.4985523796391829e-03
2460882.00000000,-6.8912632950430666e-02,-3.6996968387276472e+00,2.5297872625650070e-01,-1.3852811643536812e-02,3.2961828010296033e-02,-1.4986988771340201e-03
2460882.10000000,-7.0297912130382820e-02,-3.6964005484817140e+00,2.5282884902787112e-01,-1.3852771158513509e-02,3.2963976002182725e-02,-1.4988456759592943e-03
2460882.20000000,-7.1683187216178737e-02,-3.6931040432478035e+00,2.5267895710425631e-01,-1.3852729759640924e-02,3.2966127771286151e-02,-1.4989927769766920e-03
2460882.30000000,-7.3068458109750573e-02,-3.6898073226630839e+00,2.5252905045609170e-01,-1.3852687442271402e-02,3.2968283326828197e-02,-1.4991401810502494e-03
2460882.40000000,-7.4453724731916637e-02,-3.6865103863177446e+00,2.5237912905163240e-01,-1.3852644201733181e-02,3.2970442678087949e-02,-1.4992878890491132e-03
2460882.50000000,-7.5838986983674847e-02,-3.6832132338471020e+00,2.5222919286114037e-01,-1.3852600033331464e-02,3.2972605834341501e-02,-1.4994359018434360e-03
2460882.60000000,-7.7224244772003084e-02,-3.6799158648701917e+00,2.5207924185409247e-01,-1.3852554932347485e-02,3.2974772804902200e-02,-1.4995842203071293e-03
2460882.70000000,-7.8609498003406178e-02,-3.6766182790051154e+00,2.5192927599987786e-01,-1.3852508894038601e-02,3.2976943599110707e-02,-1.4997328453171923e-03
2460882.80000000,-7.9994746577462972e-02,-3.6733204758843976e+00,2.5177929526849629e-01,-1.3852461913638354e-02,3.2979118226324940e-02,-1.4998817777530302e-03
2460882.90000000,-8.1379990412626085e-02,-3.6700224550935547e+00,2.5162929962776426e-01,-1.3852413986355490e-02,3.2981296695960678e-02,-1.5000310184992418e-03
2460883.00000000,-8.2765229407516169e-02,-3.6667242162632299e+00,2.5147928904750488e-01,-1.3852365107375121e-02,3.2983479017430886e-02,-1.5001805684414704e-03
2460883.10000000,-8.4150463466721670e-02,-3.6634257590077675e+00,2.5132926349675416e-01,-1.3852315271857729e-02,3.2985665200186289e-02,-1.5003304284691896e-03
2460883.20000000,-8.5535692494345908e-02,-3.6601270829405657e+00,2.5117922294445877e-01,-1.3852264474939237e-02,3.2987855253705338e-02,-1.5004805994750234e-03
2460883.30000000,-8.6920916387554087e-02,-3.6568281876894346e+00,2.5102916736017505e-01,-1.3852212711731135e-02,3.2990049187484057e-02,-1.5006310823540571e-03
2460883.40000000,-8.8306135062372670e-02,-3.6535290728351479e+00,2.5087909671127306e-01,-1.3852159977319379e-02,3.2992247011077051e-02,-1.5007818780066540e-03
2460883.50000000,-8.9691348414984093e-02,-3.6502297380036084e+00,2.5072901096712935e-01,-1.3852106266765675e-02,3.2994448734036237e-02,-1.5009329873342642e-03
2460883.60000000,-9.1076556347526205e-02,-3.6469301828043998e+00,2.5057891009633099e-01,-1.3852051575106418e-02,3.2996654365951818e-02,-1.5010844112422392e-03
2460883.70000000,-9.2461758761639229e-02,-3.6436304068461460e+00,2.5042879406737473e-01,-1.3851995897352764e-02,3.2998863916442155e-02,-1.5012361506391435e-03
2460883.80000000,-9.3846955552012917e-02,-3.6403304097518752e+00,2.5027866284936506e-01,-1.3851939228490788e-02,3.3001077395143526e-02,-1.5013882064360612e-03
2460883.90000000,-9.5232146632185266e-02,-3.6370301910975478e+00,2.5012851640921796e-01,-1.3851881563480247e-02,3.3003294811751425e-02,-1.5015405795494405e-03
2460884.00000000,-9.6617331895838043e-02,-3.6337297505042554e+00,2.4997835471585514e-01,-1.3851822897256061e-02,3.3005516175958892e-02,-1.5016932708968598e-03
2460884.10000000,-9.8002511242595583e-02,-3.6304290875767515e+00,2.4982817773740720e-01,-1.3851763224727096e-02,3.3007741497497745e-02,-1.5018462813998698e-03
2460884.20000000,-9.9387684571571738e-02,-3.6271282019188149e+00,2.4967798544191230e-01,-1.3851702540776301e-02,3.3009970786128356e-02,-1.5019996119833017e-03
2460884.30000000,-1.0077285177491722e-01,-3.6238270931486198e+00,2.4952777779801552e-01,-1.3851640840260845e-02,3.3012204051629378e-02,-1.5021532635745621e-03
2460884.40000000,-1.0215801276361766e-01,-3.6205257608372445e+00,2.4937755477217052e-01,-1.3851578118010830e-02,3.3014441303839438e-02,-1.5023072371065118e-03
2460884.50000000,-1.0354316742878984e-01,-3.6172242046008982e+00,2.4922731633283604e-01,-1.3851514368830859e-02,3.3016682552594795e-02,-1.5024615335131844e-03
2460884.60000000,-1.0492831566747990e-01,-3.6139224240394330e+00,2.4907706244767772e-01,-1.3851449587498760e-02,3.3018927807771013e-02,-1.5026161537326610e-03
2460884.70000000,-1.0631345737621042e-01,-3.6106204187517110e+00,2.4892679308426724e-01,-1.3851383768765709e-02,3.3021177079272691e-02,-1.5027710987063681e-03
2460884.80000000,-1.0769859244452769e-01,-3.6073181883509808e+00,2.4877650821078184e-01,-1.3851316907356418e-02,3.3023430377023016e-02,-1.5029263693783692e-03
2460884.90000000,-1.0908372078079925e-01,-3.6040157324033650e+00,2.4862620779320457e-01,-1.3851248997967724e-02,3.3025687711005836e-02,-1.5030819666982706e-03
2460885.00000000,-1.1046884227351086e-01,-3.6007130505201173e+00,2.4847589179952295e-01,-1.3851180035270312e-02,3.3027949091202852e-02,-1.5032378916168961e-03
2460885.10000000,-1.1185395681706406e-01,-3.5974101422961171e+00,2.4832556019692942e-01,-1.3851110013907332e-02,3.3030214527635562e-02,-1.5033941450891934e-03
2460885.20000000,-1.1323906430532331e-01,-3.5941070073252388e+00,2.4817521295252074e-01,-1.3851038928494539e-02,3.3032484030354956e-02,-1.5035507280735235e-03
2460885.30000000,-1.1462416462516334e-01,-3.5908036452157321e+00,2.4802485003399774e-01,-1.3850966773620507e-02,3.3034757609430955e-02,-1.5037076415309451e-03
2460885.40000000,-1.1600925768226607e-01,-3.5875000555286900e+00,2.4787447140686453e-01,-1.3850893543845114e-02,3.3037035274994866e-02,-1.5038648864281500e-03
2460885.50000000,-1.1739434336241834e-01,-3.5841962378703394e+00,2.4772407703862889e-01,-1.3850819233701404e-02,3.3039317037175955e-02,-1.5040224637330960e-03
2460885.60000000,-1.1877942155730881e-01,-3.5808921918305110e+00,2.4757366689600155e-01,-1.3850743837694104e-02,3.3041602906143913e-02,-1.5041803744179399e-03
2460885.70000000,-1.2016449215807518e-01,-3.5775879169980160e+00,2.4742324094559567e-01,-1.3850667350299795e-02,3.3043892892098296e-02,-1.5043386194583219e-03
2460885.80000000,-1.2154955504885170e-01,-3.5742834129760337e+00,2.4727279915462747e-01,-1.3850589765967123e-02,3.3046187005257958e-02,-1.5044971998326427e-03
2460885.90000000,-1.2293461013256511e-01,-3.5709786793205529e+00,2.4712234148811321e-01,-1.3850511079115198e-02,3.3048485255903863e-02,-1.5046561165250288e-03
2460886.00000000,-1.2431965729223363e-01,-3.5676737156326999e+00,2.4697186791307238e-01,-1.3850431284135595e-02,3.3050787654315135e-02,-1.5048153705209200e-03
2460886.10000000,-1.2570469641676288e-01,-3.5643685214971823e+00,2.4682137839572527e-01,-1.3850350375390771e-02,3.3053094210811790e-02,-1.5049749628100334e-03
2460886.20000000,-1.2708972739449315e-01,-3.5610630964976737e+00,2.4667087290219278e-01,-1.3850268347214248e-02,3.3055404935744222e-02,-1.5051348943856417e-03
2460886.30000000,-1.2847475010674736e-01,-3.5577574402322063e+00,2.4652035139919748e-01,-1.3850185193910852e-02,3.3057719839482427e-02,-1.5052951662438397e-03
2460886.40000000,-1.2985976445362574e-01,-3.5544515522515918e+00,2.4636981385125925e-01,-1.3850100909754998e-02,3.3060038932459297e-02,-1.5054557793865448e-03
2460886.50000000,-1.3124477031530610e-01,-3.5511454321517779e+00,2.4621926022490032e-01,-1.3850015488992859e-02,3.3062362225106008e-02,-1.5056167348170358e-03
2460886.60000000,-1.3262976757783881e-01,-3.5478390795122747e+00,2.4606869048584160e-01,-1.3849928925840645e-02,3.3064689727895183e-02,-1.5057780335429485e-03
2460886.70000000,-1.3401475612669453e-01,-3.5445324939115421e+00,2.4591810459970298e-01,-1.3849841214484827e-02,3.3067021451330274e-02,-1.5059396765755469e-03
2460886.80000000,-1.3539973584031162e-01,-3.5412256749423885e+00,2.4576750253270452e-01,-1.3849752349082412e-02,3.3069357405934710e-02,-1.5061016649289816e-03
2460886.90000000,-1.3678470661589062e-01,-3.5379186221503702e+00,2.4561688424886047e-01,-1.3849662323759072e-02,3.3071697602295530e-02,-1.5062639996233243e-03
2460887.00000000,-1.3816966833069519e-01,-3.5346113351261823e+00,2.4546624971418698e-01,-1.3849571132611507e-02,3.3074042050998224e-02,-1.5064266816800563e-03
2460887.10000000,-1.3955462086784645e-01,-3.5313038134440582e+00,2.4531559889389665e-01,-1.3849478769705603e-02,3.3076390762670299e-02,-1.5065897121250981e-03
2460887.20000000,-1.4093956410987055e-01,-3.5279960566771695e+00,2.4516493175309911e-01,-1.3849385229076680e-02,3.3078743747970520e-02,-1.5067530919880723e-03
2460887.30000000,-1.4232449793224664e-01,-3.5246880644130227e+00,2.4501424825750268e-01,-1.3849290504729763e-02,3.3081101017577996e-02,-1.5069168223015548e-03
2460887.40000000,-1.4370942222920005e-01,-3.5213798361918438e+00,2.4486354837060706e-01,-1.3849194590637650e-02,3.3083462582236212e-02,-1.5070809041041410e-03
2460887.50000000,-1.4509433687500453e-01,-3.5180713715989929e+00,2.4471283205791297e-01,-1.3849097480743382e-02,3.3085828452687253e-02,-1.5072453384358865e-03
2460887.60000000,-1.4647924174977570e-01,-3.5147626702033530e+00,2.4456209928411538e-01,-1.3848999168958308e-02,3.3088198639715773e-02,-1.5074101263413708e-03
2460887.70000000,-1.4786413673301868e-01,-3.5114537315727246e+00,2.4441135001380454e-01,-1.3848899649162362e-02,3.3090573154138173e-02,-1.5075752688689500e-03
2460887.80000000,-1.4924902169717627e-01,-3.5081445552892365e+00,2.4426058421216773e-01,-1.3848798915204344e-02,3.3092952006791500e-02,-1.5077407670700013e-03
2460887.90000000,-1.5063389653342102e-01,-3.5048351408877036e+00,2.4410980184218056e-01,-1.3848696960899878e-02,3.3095335208577992e-02,-1.5079066220020226e-03
2460888.00000000,-1.5201876111295892e-01,-3.5015254879480753e+00,2.4395900286881916e-01,-1.3848593780034042e-02,3.3097722770398616e-02,-1.5080728347240230e-03
2460888.10000000,-1.5340361531282171e-01,-3.4982155960338015e+00,2.4380818725625142e-01,-1.3848489366359318e-02,3.3100114703197486e-02,-1.5082394062996220e-03
2460888.20000000,-1.5478845900941487e-01,-3.4949054647072364e+00,2.4365735496853860e-01,-1.3848383713595893e-02,3.3102511017950906e-02,-1.5084063377962917e-03
2460888.30000000,-1.5617329207206551e-01,-3.4915950935450493e+00,2.4350650597033752e-01,-1.3848276815431961e-02,3.3104911725656237e-02,-1.5085736302845956e-03
2460888.40000000,-1.5755811438881384e-01,-3.4882844820765628e+00,2.4335564022409034e-01,-1.3848168665521557e-02,3.3107316837376728e-02,-1.5087412848413201e-03
2460888.50000000,-1.5894292582771793e-01,-3.4849736298762375e+00,2.4320475769423880e-01,-1.3848059257487362e-02,3.3109726364174551e-02,-1.5089093025448159e-03
2460888.60000000,-1.6032772626264524e-01,-3.4816625365020095e+00,2.4305385834441398e-01,-1.3847948584918533e-02,3.3112140317155606e-02,-1.5090776844781308e-03
2460888.70000000,-1.6171251556682029e-01,-3.4783512015107045e+00,2.4290294213813871e-01,-1.3847836641371007e-02,3.3114558707458421e-02,-1.5092464317282451e-03
2460888.80000000,-1.6309729360637326e-01,-3.4750396244734532e+00,2.4275200903952965e-01,-1.3847723420367865e-02,3.3116981546242950e-02,-1.5094155453852988e-03
2460888.90000000,-1.6448206026613010e-01,-3.4717278049140061e+00,2.4260105901048562e-01,-1.3847608915397011e-02,3.3119408844735826e-02,-1.5095850265457618e-03
2460889.00000000,-1.6586681541091863e-01,-3.4684157424012505e+00,2.4245009201490428e-01,-1.3847493119914156e-02,3.3121840614162769e-02,-1.5097548763077222e-03
2460889.10000000,-1.6725155891135901e-01,-3.4651034364875306e+00,2.4229910801587029e-01,-1.3847376027340532e-02,3.3124276865793757e-02,-1.5099250957740537e-03
2460889.20000000,-1.6863629063741181e-01,-3.4617908867240610e+00,2.4214810697635800e-01,-1.3847257631063216e-02,3.3126717610931909e-02,-1.5100956860516419e-03
2460889.30000000,-1.7002101045192655e-01,-3.4584780926763510e+00,2.4199708885993393e-01,-1.3847137924435510e-02,3.3129162860902110e-02,-1.5102666482506061e-03
2460889.40000000,-1.7140571823643047e-01,-3.4551650538624954e+00,2.4184605362794379e-01,-1.3847016900774511e-02,3.3131612627096720e-02,-1.5104379834875007e-03
2460889.50000000,-1.7279041385243668e-01,-3.4518517698457289e+00,2.4169500124373108e-01,-1.3846894553364259e-02,3.3134066920907312e-02,-1.5106096928805554e-03
2460889.60000000,-1.7417509716723292e-01,-3.4485382401727183e+00,2.4154393166982407e-01,-1.3846770875453322e-02,3.3136525753770345e-02,-1.5107817775528738e-03
2460889.70000000,-1.7555976804743015e-01,-3.4452244643889864e+00,2.4139284486863852e-01,-1.3846645860255156e-02,3.3138989137155836e-02,-1.5109542386316549e-03
2460889.80000000,-1.7694442635251101e-01,-3.4419104420543376e+00,2.4124174080318095e-01,-1.3846519500948500e-02,3.3141457082555975e-02,-1.5111270772474054e-03
2460889.90000000,-1.7832907196061770e-01,-3.4385961726811280e+00,2.4109061943423352e-01,-1.3846391790674817e-02,3.3143929601531182e-02,-1.5113002945371750e-03
2460890.00000000,-1.7971370472986134e-01,-3.4352816558268549e+00,2.4093948072457558e-01,-1.3846262722541630e-02,3.3146406705641292e-02,-1.5114738916397466e-03
2460890.10000000,-1.8109832452410979e-01,-3.4319668910324252e+00,2.4078832463616867e-01,-1.3846132289619969e-02,3.3148888406491557e-02,-1.5116478696988690e-03
2460890.20000000,-1.8248293120653630e-01,-3.4286518778375830e+00,2.4063715113085984e-01,-1.3846000484944757e-02,3.3151374715721292e-02,-1.5118222298624699e-03
2460890.30000000,-1.8386752463316824e-01,-3.4253366157963452e+00,2.4048596017108512e-01,-1.3845867301515239e-02,3.3153865644992328e-02,-1.5119969732818586e-03
2460890.40000000,-1.8525210467867359e-01,-3.4220211044152449e+00,2.4033475171705296e-01,-1.3845732732292282e-02,3.3156361206035531e-02,-1.5121721011150009e-03
2460890.50000000,-1.8663667119767205e-01,-3.4187053432459580e+00,2.4018352573096810e-01,-1.3845596770201894e-02,3.3158861410581372e-02,-1.5123476145216521e-03
2460890.60000000,-1.8802122405052160e-01,-3.4153893318235449e+00,2.4003228217421496e-01,-1.3845459408132543e-02,3.3161366270406278e-02,-1.5125235146666279e-03
2460890.70000000,-1.8940576309686732e-01,-3.4120730696818873e+00,2.3988102100806127e-01,-1.3845320638935572e-02,3.3163875797321191e-02,-1.5126998027190088e-03
2460890.80000000,-1.9079028818919019e-01,-3.4087565563691289e+00,2.3972974219436219e-01,-1.3845180455425645e-02,3.3166390003160011e-02,-1.5128764798513336e-03
2460890.90000000,-1.9217479919859237e-01,-3.4054397913858945e+00,2.3957844569274192e-01,-1.3845038850377920e-02,3.3168908899826439e-02,-1.5130535472429106e-03
2460891.00000000,-1.9355929597611013e-01,-3.4021227742779505e+00,2.3942713146481992e-01,-1.3844895816531753e-02,3.3171432499223892e-02,-1.5132310060748963e-03
2460891.10000000,-1.9494377837849911e-01,-3.3988055045744270e+00,2.3927579947139288e-01,-1.3844751346587872e-02,3.3173960813302393e-02,-1.5134088575336048e-03
2460891.20000000,-1.9632824626178291e-01,-3.3954879818032566e+00,2.3912444967313862e-01,-1.3844605433208840e-02,3.3176493854046946e-02,-1.5135871028097018e-03
2460891.30000000,-1.9771269947480269e-01,-3.3921702055066221e+00,2.3897308203132062e-01,-1.3844458069019508e-02,3.3179031633465840e-02,-1.5137657430973886e-03
2460891.40000000,-1.9909713788500066e-01,-3.3888521751791529e+00,2.3882169650496790e-01,-1.3844309246604047e-02,3.3181574163638004e-02,-1.5139447795977526e-03
2460891.50000000,-2.0048156133973510e-01,-3.3855338903606196e+00,2.3867029305510398e-01,-1.3844158958509861e-02,3.3184121456642242e-02,-1.5141242135137901e-03
2460891.60000000,-2.0186596969206383e-01,-3.3822153505741333e+00,2.3851887164192700e-01,-1.3844007197244618e-02,3.3186673524604512e-02,-1.5143040460537521e-03
2460891.70000000,-2.0325036279429345e-01,-3.3788965553415902e+00,2.3836743222551388e-01,-1.3843853955276734e-02,3.3189230379686283e-02,-1.5144842784303302e-03
2460891.80000000,-2.0463474049152902e-01,-3.3755775041991254e+00,2.3821597476652548e-01,-1.3843699225035852e-02,3.3191792034072645e-02,-1.5146649118598333e-03
2460891.90000000,-2.0601910264745604e-01,-3.3722581966352854e+00,2.3806449922338482e-01,-1.3843542998909738e-02,3.3194358500020157e-02,-1.5148459475655706e-03
2460892.00000000,-2.0740344910565722e-01,-3.3689386321837542e+00,2.3791300555650827e-01,-1.3843385269248389e-02,3.3196929789785383e-02,-1.5150273867728255e-03
2460892.10000000,-2.0878777971539489e-01,-3.3656188103615383e+00,2.3776149372548427e-01,-1.3843226028360925e-02,3.3199505915672653e-02,-1.5152092307122340e-03
2460892.20000000,-2.1017209432516010e-01,-3.3622987306844081e+00,2.3760996368977788e-01,-1.3843065268516079e-02,3.3202086890022263e-02,-1.5153914806189639e-03
2460892.30000000,-2.1155639277622276e-01,-3.3589783926823591e+00,2.3745841540943616e-01,-1.3842902981942736e-02,3.3204672725198531e-02,-1.5155741377318817e-03
2460892.40000000,-2.1294067492841207e-01,-3.3556577958377662e+00,2.3730684884226474e-01,-1.3842739160826671e-02,3.3207263433638029e-02,-1.5157572032969749e-03
2460892.50000000,-2.1432494062143520e-01,-3.3523369396781426e+00,2.3715526394806183e-01,-1.3842573797314848e-02,3.3209859027777497e-02,-1.5159406785622675e-03
2460892.60000000,-2.1570918970065819e-01,-3.3490158237142933e+00,2.3700366068579470e-01,-1.3842406883512180e-02,3.3212459520102024e-02,-1.5161245647812378e-03
2460892.70000000,-2.1709342201065548e-01,-3.3456944474557742e+00,2.3685203901430518e-01,-1.3842238411482041e-02,3.3215064923133163e-02,-1.5163088632119894e-03
2460892.80000000,-2.1847763738876000e-01,-3.3423728104263564e+00,2.3670039889301517e-01,-1.3842068373246839e-02,3.3217675249416830e-02,-1.5164935751164070e-03
2460892.90000000,-2.1986183569084200e-01,-3.3390509121021474e+00,2.3654874027910155e-01,-1.3841896760784587e-02,3.3220290511572027e-02,-1.5166787017636195e-03
2460893.00000000,-2.2124601675263034e-01,-3.3357287520043983e+00,2.3639706313173275e-01,-1.3841723566033436e-02,3.3222910722218092e-02,-1.5168642444248549e-03
2460893.10000000,-2.2263018041549110e-01,-3.3324063296376263e+00,2.3624536740924346e-01,-1.3841548780888257e-02,3.3225535894023266e-02,-1.5170502043769017e-03
2460893.20000000,-2.2401432651997796e-01,-3.3290836445050811e+00,2.3609365306984065e-01,-1.3841372397201214e-02,3.3228166039692759e-02,-1.5172365829012660e-03
2460893.30000000,-2.2539845489938226e-01,-3.3257606961242119e+00,2.3594192007230930e-01,-1.3841194406782338e-02,3.3230801171956495e-02,-1.5174233812833215e-03
2460893.40000000,-2.2678256540551001e-01,-3.3224374839647730e+00,2.3579016837318606e-01,-1.3841014801395952e-02,3.3233441303618341e-02,-1.5176106008158083e-03
2460893.50000000,-2.2816665787000562e-01,-3.3191140075416596e+00,2.3563839793099772e-01,-1.3840833572765424e-02,3.3236086447482584e-02,-1.5177982427936343e-03
2460893.60000000,-2.2955073213012903e-01,-3.3157902663530066e+00,2.3548660870343471e-01,-1.3840650712569598e-02,3.3238736616403079e-02,-1.5179863085173721e-03
2460893.70000000,-2.3093478802230571e-01,-3.3124662598956660e+00,2.3533480064805723e-01,-1.3840466212443373e-02,3.3241391823271065e-02,-1.5181747992924089e-03
2460893.80000000,-2.3231882537567786e-01,-3.3091419876806780e+00,2.3518297372300170e-01,-1.3840280063978331e-02,3.3244052081002902e-02,-1.5183637164280848e-03
2460893.90000000,-2.3370284403787883e-01,-3.3058174491713457e+00,2.3503112788415226e-01,-1.3840092258719006e-02,3.3246717402589693e-02,-1.5185530612412340e-03
2460894.00000000,-2.3508684383635989e-01,-3.3024926438761151e+00,2.3487926308938231e-01,-1.3839902788167836e-02,3.3249387801023121e-02,-1.5187428350509264e-03
2460894.10000000,-2.3647082460416505e-01,-3.2991675712866493e+00,2.3472737929572585e-01,-1.3839711643781446e-02,3.3252063289344991e-02,-1.5189330391820032e-03
2460894.20000000,-2.3785478617348166e-01,-3.2958422308933053e+00,2.3457547646008448e-01,-1.3839518816971265e-02,3.3254743880635033e-02,-1.5191236749642185e-03
2460894.30000000,-2.3923872836919158e-01,-3.2925166222006181e+00,2.3442355453993372e-01,-1.3839324299104170e-02,3.3257429587998412e-02,-1.5193147437313681e-03
2460894.40000000,-2.4062265103464447e-01,-3.2891907446653494e+00,2.3427161349049322e-01,-1.3839128081498609e-02,3.3260120424615902e-02,-1.5195062468248708e-03
2460894.50000000,-2.4200655399298610e-01,-3.2858645977894012e+00,2.3411965326897063e-01,-1.3838930155429759e-02,3.3262816403668953e-02,-1.5196981855884499e-03
2460894.60000000,-2.4339043707293190e-01,-3.2825381810578689e+00,2.3396767383173148e-01,-1.3838730512125662e-02,3.3265517538389758e-02,-1.5198905613717098e-03
2460894.70000000,-2.4477430010231779e-01,-3.2792114939545214e+00,2.3381567513500623e-01,-1.3838529142767869e-02,3.3268223842048902e-02,-1.5200833755292676e-03
2460894.80000000,-2.4615814290165158e-01,-3.2758845359772928e+00,2.3366365713559739e-01,-1.3838326038492109e-02,3.3270935327942758e-02,-1.5202766294198722e-03
2460894.90000000,-2.4754196530988420e-01,-3.2725573065763069e+00,2.3351161978804752e-01,-1.3838121190384250e-02,3.3273652009444141e-02,-1.5204703244100267e-03
2460895.00000000,-2.4892576714574088e-01,-3.2692298052468285e+00,2.3335956304888619e-01,-1.3837914589485698e-02,3.3276373899926687e-02,-1.5206644618686101e-03
2460895.10000000,-2.5030954823349255e-01,-3.2659020314672862e+00,2.3320748687379789e-01,-1.3837706226789355e-02,3.3279101012815351e-02,-1.5208590431704926e-03
2460895.20000000,-2.5169330839650722e-01,-3.2625739847147681e+00,2.3305539121832927e-01,-1.3837496093240288e-02,3.3281833361573955e-02,-1.5210540696956602e-03
2460895.30000000,-2.5307704745080123e-01,-3.2592456644805106e+00,2.3290327603859723e-01,-1.3837284179736450e-02,3.3284570959692464e-02,-1.5212495428283223e-03
2460895.40000000,-2.5446076523080896e-01,-3.2559170702079037e+00,2.3275114128845475e-01,-1.3837070477124449e-02,3.3287313820738164e-02,-1.5214454639605765e-03
2460895.50000000,-2.5584446155071655e-01,-3.2525882013854734e+00,2.3259898692374054e-01,-1.3836854976205196e-02,3.3290061958279230e-02,-1.5216418344869667e-03
2460895.60000000,-2.5722813623023111e-01,-3.2492590574848914e+00,2.3244681289944516e-01,-1.3836637667729690e-02,3.3292815385935759e-02,-1.5218386558081437e-03
2460895.70000000,-2.5861178908813248e-01,-3.2459296379764626e+00,2.3229461917041894e-01,-1.3836418542399724e-02,3.3295574117367194e-02,-1.5220359293299768e-03
2460895.80000000,-2.5999541993582553e-01,-3.2425999423446314e+00,2.3214240569208008e-01,-1.3836197590868630e-02,3.3298338166259468e-02,-1.5222336564626527e-03
2460895.90000000,-2.6137902860310641e-01,-3.2392699700259517e+00,2.3199017241757908e-01,-1.3835974803736880e-02,3.3301107546376676e-02,-1.5224318386243820e-03
2460896.00000000,-2.6276261489950015e-01,-3.2359397205021194e+00,2.3183791930205080e-01,-1.3835750171557979e-02,3.3303882271483891e-02,-1.5226304772358958e-03
2460896.10000000,-2.6414617864002754e-01,-3.2326091932379453e+00,2.3168564629977903e-01,-1.3835523684834058e-02,3.3306662355398732e-02,-1.5228295737241466e-03
2460896.20000000,-2.6552971963875710e-01,-3.2292783876968558e+00,2.3153335336490444e-01,-1.3835295334016630e-02,3.3309447811978622e-02,-1.5230291295214124e-03
2460896.30000000,-2.6691323770235759e-01,-3.2259473033564010e+00,2.3138104045213367e-01,-1.3835065109507366e-02,3.3312238655107844e-02,-1.5232291460643833e-03
2460896.40000000,-2.6829673265586246e-01,-3.2226159396462064e+00,2.3122870751390137e-01,-1.3834833001653514e-02,3.3315034898749658e-02,-1.5234296247979119e-03
2460896.50000000,-2.6968020430401030e-01,-3.2192842960410339e+00,2.3107635450462549e-01,-1.3834599000754033e-02,3.3317836556868374e-02,-1.5236305671694468e-03
2460896.60000000,-2.7106365245700914e-01,-3.2159523719987346e+00,2.3092398137786951e-01,-1.3834363097055028e-02,3.3320643643481494e-02,-1.5238319746327751e-03
2460896.70000000,-2.7244707692408909e-01,-3.2126201669757566e+00,2.3077158808705137e-01,-1.3834125280750511e-02,3.3323456172646745e-02,-1.5240338486471174e-03
2460896.80000000,-2.7383047750705536e-01,-3.2092876804426607e+00,2.3061917458615253e-01,-1.3833885541983240e-02,3.3326274158449076e-02,-1.5242361906762038e-03
2460896.90000000,-2.7521385402605031e-01,-3.2059549118220372e+00,2.3046674082687851e-01,-1.3833643870839935e-02,3.3329097615053219e-02,-1.5244390021920675e-03
2460897.00000000,-2.7659720628089673e-01,-3.2026218605816164e+00,2.3031428676291668e-01,-1.3833400257357676e-02,3.3331926556625119e-02,-1.5246422846694138e-03
2460897.10000000,-2.7798053407686030e-01,-3.1992885261721922e+00,2.3016181234709687e-01,-1.3833154691519144e-02,3.3334760997384437e-02,-1.5248460395894078e-03
2460897.20000000,-2.7936383721820213e-01,-3.1959549080431318e+00,2.3000931753210055e-01,-1.3832907163253432e-02,3.3337600951591537e-02,-1.5250502684387567e-03
2460897.30000000,-2.8074711550173248e-01,-3.1926210056579012e+00,2.2985680227117045e-01,-1.3832657662436900e-02,3.3340446433534336e-02,-1.5252549727087759e-03
2460897.40000000,-2.8213036874257047e-01,-3.1892868184319596e+00,2.2970426651526912e-01,-1.3832406178888217e-02,3.3343297457581404e-02,-1.5254601538992282e-03
2460897.50000000,-2.8351359673549026e-01,-3.1859523458259029e+00,2.2955171021733969e-01,-1.3832152702375020e-02,3.3346154038102573e-02,-1.5256658135126254e-03
2460897.60000000,-2.8489679928068140e-01,-3.1826175872833629e+00,2.2939913332946446e-01,-1.3831897222608958e-02,3.3349016189521949e-02,-1.5258719530580624e-03
2460897.70000000,-2.8627997617730200e-01,-3.1792825422465261e+00,2.2924653580357451e-01,-1.3831639729246545e-02,3.3351883926304872e-02,-1.5260785740502866e-03
2460897.80000000,-2.8766312721703208e-01,-3.1759472101716648e+00,2.2909391759215991e-01,-1.3831380211890055e-02,3.3354757262944491e-02,-1.5262856780087555e-03
2460897.90000000,-2.8904625220983154e-01,-3.1726115904670009e+00,2.2894127864542627e-01,-1.3831118660082357e-02,3.3357636214015475e-02,-1.5264932664615189e-03
2460898.00000000,-2.9042935094528932e-01,-3.1692756825858948e+00,2.2878861891555843e-01,-1.3830855063313848e-02,3.3360520794093823e-02,-1.5267013409394562e-03
2460898.10000000,-2.9181242321838163e-01,-3.1659394859647145e+00,2.2863593835387705e-01,-1.3830589411017313e-02,3.3363411017810381e-02,-1.5269099029801530e-03
2460898.20000000,-2.9319546882302489e-01,-3.1626030000383620e+00,2.2848323691154870e-01,-1.3830321692568801e-02,3.3366306899837661e-02,-1.5271189541269613e-03
2460898.30000000,-2.9457848754563010e-01,-3.1592662242558101e+00,2.2833051454029654e-01,-1.3830051897288559e-02,3.3369208454876335e-02,-1.5273284959280466e-03
2460898.40000000,-2.9596147919085791e-01,-3.1559291580179432e+00,2.2817777118955504e-01,-1.3829780014435680e-02,3.3372115697709426e-02,-1.5275385299403138e-03
2460898.50000000,-2.9734444354297163e-01,-3.1525918007707809e+00,2.2802500681073631e-01,-1.3829506033215297e-02,3.3375028643121293e-02,-1.5277490577235786e-03
2460898.60000000,-2.9872738039159230e-01,-3.1492541519433224e+00,2.2787222135438495e-01,-1.3829229942773255e-02,3.3377947305951811e-02,-1.5279600808444903e-03
2460898.70000000,-3.0011028952525265e-01,-3.1459162109630840e+00,2.2771941477088870e-01,-1.3828951732197016e-02,3.3380871701082865e-02,-1.5281716008755789e-03
2460898.80000000,-3.0149317072495163e-01,-3.1425779772716353e+00,2.2756658701118926e-01,-1.3828671390516637e-02,3.3383801843424862e-02,-1.5283836193942929e-03
2460898.90000000,-3.0287602378990675e-01,-3.1392394502624148e+00,2.2741373802393527e-01,-1.3828388906699206e-02,3.3386737747971372e-02,-1.5285961379869716e-03
2460899.00000000,-3.0425884849891088e-01,-3.1359006293739990e+00,2.2726086775975168e-01,-1.3828104269656333e-02,3.3389679429717364e-02,-1.5288091582429464e-03
2460899.10000000,-3.0564164463608445e-01,-3.1325615140279144e+00,2.2710797616839234e-01,-1.3827817468238598e-02,3.3392626903713862e-02,-1.5290226817585104e-03
2460899.20000000,-3.0702441198442992e-01,-3.1292221036441821e+00,2.2695506319945122e-01,-1.3827528491236512e-02,3.3395580185054341e-02,-1.5292367101359574e-03
2460899.30000000,-3.0840715031938720e-01,-3.1258823976568633e+00,2.2680212880307393e-01,-1.3827237327381526e-02,3.3398539288861114e-02,-1.5294512449826035e-03
2460899.40000000,-3.0978985943458259e-01,-3.1225423954518479e+00,2.2664917292710851e-01,-1.3826943965340257e-02,3.3401504230340454e-02,-1.5296662879148105e-03
2460899.50000000,-3.1117253910318948e-01,-3.1192020964601599e+00,2.2649619552137767e-01,-1.3826648393722274e-02,3.3404475024700092e-02,-1.5298818405520154e-03
2460899.60000000,-3.1255518910367813e-01,-3.1158615000957504e+00,2.2634319653482962e-01,-1.3826350601074330e-02,3.3407451687204333e-02,-1.5300979045207478e-03
2460899.70000000,-3.1393780921337017e-01,-3.1125206057710382e+00,2.2619017591624963e-01,-1.3826050575881368e-02,3.3410434233160417e-02,-1.5303144814536567e-03
2460899.80000000,-3.1532039920199478e-01,-3.1091794129124710e+00,2.2603713361497213e-01,-1.3825748306567558e-02,3.3413422677904613e-02,-1.5305315729885231e-03
2460899.90000000,-3.1670295885743466e-01,-3.1058379208982814e+00,2.2588406957802920e-01,-1.3825443781490334e-02,3.3416417036858083e-02,-1.5307491807723284e-03
2460900.00000000,-3.1808548794709063e-01,-3.1024961291518371e+00,2.2573098375442627e-01,-1.3825136988948446e-02,3.3419417325443394e-02,-1.5309673064552143e-03
2460900.10000000,-3.1946798624362838e-01,-3.0991540370794004e+00,2.2557787609229052e-01,-1.3824827917176000e-02,3.3422423559140234e-02,-1.5311859516945496e-03
2460900.20000000,-3.2085045351853397e-01,-3.0958116440856855e+00,2.2542474653958319e-01,-1.3824516554343485e-02,3.3425435753471656e-02,-1.5314051181539424e-03
2460900.30000000,-3.2223288953566992e-01,-3.0924689495894158e+00,2.2527159504481212e-01,-1.3824202888558882e-02,3.3428453923990020e-02,-1.5316248075022420e-03
2460900.40000000,-3.2361529407701850e-01,-3.0891259529610613e+00,2.2511842155417813e-01,-1.3823886907861439e-02,3.3431478086333372e-02,-1.5318450214176587e-03
2460900.50000000,-3.2499766690405030e-01,-3.0857826536162221e+00,2.2496522601585375e-01,-1.3823568600230065e-02,3.3434508256141166e-02,-1.5320657615816486e-03
2460900.60000000,-3.2638000778346821e-01,-3.0824390509533690e+00,2.2481200837712964e-01,-1.3823247953577126e-02,3.3437544449110554e-02,-1.5322870296830299e-03
2460900.70000000,-3.2776231648076276e-01,-3.0790951443693975e+00,2.2465876858512743e-01,-1.3822924955749523e-02,3.3440586680982383e-02,-1.5325088274169834e-03
2460900.80000000,-3.2914459275376967e-01,-3.0757509332752027e+00,2.2450550658751259e-01,-1.3822599594529840e-02,3.3443634967527121e-02,-1.5327311564840437e-03
2460900.90000000,-3.3052683637840918e-01,-3.0724064170333798e+00,2.2435222232963892e-01,-1.3822271857629898e-02,3.3446689324601701e-02,-1.5329540185942663e-03
2460901.00000000,-3.3190904711005970e-01,-3.0690615950516555e+00,2.2419891575883016e-01,-1.3821941732699459e-02,3.3449749768064439e-02,-1.5331774154610412e-03
2460901.10000000,-3.3329122470929767e-01,-3.0657164667205947e+00,2.2404558682152476e-01,-1.3821609207319787e-02,3.3452816313831887e-02,-1.5334013488052568e-03
2460901.20000000,-3.3467336893545446e-01,-3.0623710314291701e+00,2.2389223546398854e-01,-1.3821274269004773e-02,3.3455888977864688e-02,-1.5336258203542911e-03
2460901.30000000,-3.3605547954017356e-01,-3.0590252885803362e+00,2.2373886163302870e-01,-1.3820936905202155e-02,3.3458967776153342e-02,-1.5338508318409880e-03
2460901.40000000,-3.3743755629314742e-01,-3.0556792375287025e+00,2.2358546527313597e-01,-1.3820597103286775e-02,3.3462052724775593e-02,-1.5340763850078766e-03
2460901.50000000,-3.3881959894349489e-01,-3.0523328776740133e+00,2.2343204633076930e-01,-1.3820254850569673e-02,3.3465143839810564e-02,-1.5343024816009095e-03
2460901.60000000,-3.4020160724549831e-01,-3.0489862083988206e+00,2.2327860475149844e-01,-1.3819910134291373e-02,3.3468241137396090e-02,-1.5345291233736765e-03
2460901.70000000,-3.4158358095216074e-01,-3.0456392290840606e+00,2.2312514048071752e-01,-1.3819562941623073e-02,3.3471344633714498e-02,-1.5347563120863849e-03
2460901.80000000,-3.4296551980876383e-01,-3.0422919391246364e+00,2.2297165346435899e-01,-1.3819213259667888e-02,3.3474454344978144e-02,-1.5349840495048242e-03
2460901.90000000,-3.4434742357860121e-01,-3.0389443378670644e+00,2.2281814364603414e-01,-1.3818861075453895e-02,3.3477570287487490e-02,-1.5352123374046331e-03
2460902.00000000,-3.4572929200436053e-01,-3.0355964247029945e+00,2.2266461097132054e-01,-1.3818506375943526e-02,3.3480692477544254e-02,-1.5354411775649658e-03
2460902.10000000,-3.4711112483385720e-01,-3.0322481990068524e+00,2.2251105538490296e-01,-1.3818149148026645e-02,3.3483820931509388e-02,-1.5356705717727555e-03
2460902.20000000,-3.4849292181359209e-01,-3.0288996601514269e+00,2.2235747683128690e-01,-1.3817789378521763e-02,3.3486955665788673e-02,-1.5359005218216816e-03
2460902.30000000,-3.4987468268231009e-01,-3.0255508075234609e+00,2.2220387525551374e-01,-1.3817427054177338e-02,3.3490096696818149e-02,-1.5361310295111208e-03
2460902.40000000,-3.5125640719673012e-01,-3.0222016404612644e+00,2.2205025060029845e-01,-1.3817062161664567e-02,3.3493244041122756e-02,-1.5363620966504711e-03
2460902.50000000,-3.5263809509293170e-01,-3.0188521583482779e+00,2.2189660281032067e-01,-1.3816694687587117e-02,3.3496397715228554e-02,-1.5365937250527357e-03
2460902.60000000,-3.5401974611208553e-01,-3.0155023605506930e+00,2.2174293182936317e-01,-1.3816324618473971e-02,3.3499557735721344e-02,-1.5368259165388408e-03
2460902.70000000,-3.5540135999401123e-01,-3.0121522464330388e+00,2.2158923760102614e-01,-1.3815951940780670e-02,3.3502724119232080e-02,-1.5370586729365901e-03
2460902.80000000,-3.5678293647073722e-01,-3.0088018153737832e+00,2.2143552006944264e-01,-1.3815576640890672e-02,3.3505896882422198e-02,-1.5372919960796043e-03
2460902.90000000,-3.5816447529222667e-01,-3.0054510667029177e+00,2.2128177917641445e-01,-1.3815198705107889e-02,3.3509076042042736e-02,-1.5375258878116945e-03
2460903.00000000,-3.5954597618776896e-01,-3.0020999997955631e+00,2.2112801486570605e-01,-1.3814818119666769e-02,3.3512261614845794e-02,-1.5377603499803709e-03
2460903.10000000,-3.6092743889170698e-01,-2.9987486140095614e+00,2.2097422708018111e-01,-1.3814434870724873e-02,3.3515453617643645e-02,-1.5379953844412131e-03
2460903.20000000,-3.6230886313699529e-01,-2.9953969087010712e+00,2.2082041576251740e-01,-1.3814048944364197e-02,3.3518652067294076e-02,-1.5382309930568113e-03
2460903.30000000,-3.6369024864876048e-01,-2.9920448832401711e+00,2.2066658085592239e-01,-1.3813660326592538e-02,3.3521856980685438e-02,-1.5384671776956915e-03
2460903.40000000,-3.6507159517002330e-01,-2.9886925369484207e+00,2.2051272230126712e-01,-1.3813269003335816e-02,3.3525068374796491e-02,-1.5387039402367450e-03
2460903.50000000,-3.6645290242309631e-01,-2.9853398691925079e+00,2.2035884004138370e-01,-1.3812874960448477e-02,3.3528286266606908e-02,-1.5389412825626563e-03
2460903.60000000,-3.6783417013530578e-01,-2.9819868793218123e+00,2.2020493401819916e-01,-1.3812478183705837e-02,3.3531510673156982e-02,-1.5391792065643270e-03
2460903.70000000,-3.6921539803255166e-01,-2.9786335666840049e+00,2.2005100417345100e-01,-1.3812078658805429e-02,3.3534741611532790e-02,-1.5394177141398041e-03
2460903.80000000,-3.7059658583286831e-01,-2.9752799306406654e+00,2.1989705044940369e-01,-1.3811676371368445e-02,3.3537979098851145e-02,-1.5396568071931924e-03
2460903.90000000,-3.7197773327214279e-01,-2.9719259705048056e+00,2.1974307278597990e-01,-1.3811271306931765e-02,3.3541223152319992e-02,-1.5398964876391379e-03
2460904.00000000,-3.7335884006551728e-01,-2.9685716856345667e+00,2.1958907112506146e-01,-1.3810863450958749e-02,3.3544473789148009e-02,-1.5401367573961756e-03
2460904.10000000,-3.7473990593310796e-01,-2.9652170753707505e+00,2.1943504540762096e-01,-1.3810452788831301e-02,3.3547731026604931e-02,-1.5403776183912079e-03
2460904.20000000,-3.7612093059356511e-01,-2.9618621390524287e+00,2.1928099557443786e-01,-1.3810039305851281e-02,3.3550994882006531e-02,-1.5406190725584176e-03
2460904.30000000,-3.7750191375763453e-01,-2.9585068760325637e+00,2.1912692156681560e-01,-1.3809622987241974e-02,3.3554265372699427e-02,-1.5408611218381701e-03
2460904.40000000,-3.7888285515387243e-01,-2.9551512856155062e+00,2.1897282332371037e-01,-1.3809203818139867e-02,3.3557542516122099e-02,-1.5411037681815501e-03
2460904.50000000,-3.8026375449005223e-01,-2.9517953671507366e+00,2.1881870078603566e-01,-1.3808781783605815e-02,3.3560826329713564e-02,-1.5413470135436284e-03
2460904.60000000,-3.8164461147888051e-01,-2.9484391199703617e+00,2.1866455389379147e-01,-1.3808356868616829e-02,3.3564116830974267e-02,-1.5415908598879931e-03
2460904.70000000,-3.8302542583155719e-01,-2.9450825434047396e+00,2.1851038258678102e-01,-1.3807929058067532e-02,3.3567414037450963e-02,-1.5418353091856539e-03
2460904.80000000,-3.8440619725133773e-01,-2.9417256367981008e+00,2.1835618680532831e-01,-1.3807498336771685e-02,3.3570717966721321e-02,-1.5420803634139258e-03
2460904.90000000,-3.8578692545924392e-01,-2.9383683994460195e+00,2.1820196648740475e-01,-1.3807064689453700e-02,3.3574028636455588e-02,-1.5423260245610252e-03
2460905.00000000,-3.8716761015547690e-01,-2.9350108306891971e+00,2.1804772157293703e-01,-1.3806628100760164e-02,3.3577346064324269e-02,-1.5425722946192518e-03
2460905.10000000,-3.8854825104512780e-01,-2.9316529298509355e+00,2.1789345200093402e-01,-1.3806188555251364e-02,3.3580670268059699e-02,-1.5428191755895763e-03
2460905.20000000,-3.8992884783173942e-01,-2.9282946962527578e+00,2.1773915771020413e-01,-1.3805746037402792e-02,3.3584001265440748e-02,-1.5430666694805305e-03
2460905.30000000,-3.9130940021086952e-01,-2.9249361292300500e+00,2.1758483864007322e-01,-1.3805300531606737e-02,3.3587339074277238e-02,-1.5433147783070792e-03
2460905.40000000,-3.9268990789579650e-01,-2.9215772280694932e+00,2.1743049472750930e-01,-1.3804852022163486e-02,3.3590683712472223e-02,-1.5435635040952714e-03
2460905.50000000,-3.9407037057893868e-01,-2.9182179921028961e+00,2.1727612591143330e-01,-1.3804400493293264e-02,3.3594035197928793e-02,-1.5438128488753362e-03
2460905.60000000,-3.9545078795756056e-01,-2.9148584206446331e+00,2.1712173212984426e-01,-1.3803945929127467e-02,3.3597393548612180e-02,-1.5440628146863320e-03
2460905.70000000,-3.9683115972733557e-01,-2.9114985130072824e+00,2.1696731332053673e-01,-1.3803488313710211e-02,3.3600758782534330e-02,-1.5443134035750187e-03
2460905.80000000,-3.9821148557590963e-01,-2.9081382685172650e+00,2.1681286942181949e-01,-1.3803027631000003e-02,3.3604130917738180e-02,-1.5445646175947167e-03
2460905.90000000,-3.9959176520860246e-01,-2.9047776864522521e+00,2.1665840036963799e-01,-1.3802563864860619e-02,3.3607509972360540e-02,-1.5448164588100152e-03
2460906.00000000,-4.0097199830983338e-01,-2.9014167661350432e+00,2.1650390610188835e-01,-1.3802096999073468e-02,3.3610895964537930e-02,-1.5450689292897857e-03
2460906.10000000,-4.0235218456882293e-01,-2.8980555068709730e+00,2.1634938655554042e-01,-1.3801627017328521e-02,3.3614288912469363e-02,-1.5453220311118839e-03
2460906.20000000,-4.0373232367315609e-01,-2.8946939079635530e+00,2.1619484166735572e-01,-1.3801153903225932e-02,3.3617688834400659e-02,-1.5455757663620114e-03
2460906.30000000,-4.0511241530234682e-01,-2.8913319687301278e+00,2.1604027137460666e-01,-1.3800677640277738e-02,3.3621095748608679e-02,-1.5458301371325583e-03
2460906.40000000,-4.0649245915353516e-01,-2.8879696884392376e+00,2.1588567561219649e-01,-1.3800198211898462e-02,3.3624509673464732e-02,-1.5460851455273729e-03
2460906.50000000,-4.0787245490291879e-01,-2.8846070664045564e+00,2.1573105431697726e-01,-1.3799715601417885e-02,3.3627930627339528e-02,-1.5463407936546836e-03
2460906.60000000,-4.0925240223144999e-01,-2.8812441019222614e+00,2.1557640742486986e-01,-1.3799229792071665e-02,3.3631358628666487e-02,-1.5465970836318645e-03
2460906.70000000,-4.1063230081840013e-01,-2.8778807942866838e+00,2.1542173487158317e-01,-1.3798740767003022e-02,3.3634793695926021e-02,-1.5468540175842787e-03
2460906.80000000,-4.1201215033492505e-01,-2.8745171428059675e+00,2.1526703659333341e-01,-1.3798248509264496e-02,3.3638235847629455e-02,-1.5471115976441083e-03
2460906.90000000,-4.1339195046975691e-01,-2.8711531467394127e+00,2.1511231252396201e-01,-1.3797753001808230e-02,3.3641685102383245e-02,-1.5473698259551845e-03
2460907.00000000,-4.1477170089064258e-01,-2.8677888053914464e+00,2.1495756259925689e-01,-1.3797254227499190e-02,3.3645141478792752e-02,-1.5476287046658186e-03
2460907.10000000,-4.1615140127003597e-01,-2.8644241180489711e+00,2.1480278675407025e-01,-1.3796752169105454e-02,3.3648604995526361e-02,-1.5478882359336278e-03
2460907.20000000,-4.1753105127866297e-01,-2.8610590839970182e+00,2.1464798492303824e-01,-1.3796246809299971e-02,3.3652075671299513e-02,-1.5481484219243651e-03
2460907.30000000,-4.1891065057908794e-01,-2.8576937025344193e+00,2.1449315704130076e-01,-1.3795738130662365e-02,3.3655553524858488e-02,-1.5484092648107343e-03
2460907.40000000,-4.2029019885140084e-01,-2.8543279729111100e+00,2.1433830304161727e-01,-1.3795226115668906e-02,3.3659038575045180e-02,-1.5486707667772782e-03
2460907.50000000,-4.2166969575466190e-01,-2.8509618944221575e+00,2.1418342285869141e-01,-1.3794710746706176e-02,3.3662530840699999e-02,-1.5489329300131238e-03
2460907.60000000,-4.2304914095258944e-01,-2.8475954663450707e+00,2.1402851642628631e-01,-1.3794192006061030e-02,3.3666030340726599e-02,-1.5491957567168645e-03
2460907.70000000,-4.2442853410712533e-01,-2.8442286879554648e+00,2.1387358367794490e-01,-1.3793669875922404e-02,3.3669537094075705e-02,-1.5494592490953773e-03
2460907.80000000,-4.2580787487200278e-01,-2.8408615585427386e+00,2.1371862454771065e-01,-1.3793144338383218e-02,3.3673051119728709e-02,-1.5497234093626215e-03
2460907.90000000,-4.2718716291842790e-01,-2.8374940773473498e+00,2.1356363896724034e-01,-1.3792615375429983e-02,3.3676572436763204e-02,-1.5499882397445911e-03
2460908.00000000,-4.2856639789653178e-01,-2.8341262436548855e+00,2.1340862687013260e-01,-1.3792082968956927e-02,3.3680101064254786e-02,-1.5502537424719645e-03
2460908.10000000,-4.2994557946105277e-01,-2.8307580567333441e+00,2.1325358818904089e-01,-1.3791547100755653e-02,3.3683637021342423e-02,-1.5505199197850506e-03
2460908.20000000,-4.3132470726490363e-01,-2.8273895158488060e+00,2.1309852285639427e-01,-1.3791007752516970e-02,3.3687180327212192e-02,-1.5507867739325907e-03
2460908.30000000,-4.3270378095273915e-01,-2.8240206202811224e+00,2.1294343080511888e-01,-1.3790464905832890e-02,3.3690731001080602e-02,-1.5510543071705410e-03
2460908.40000000,-4.3408280018663326e-01,-2.8206513692611508e+00,2.1278831196574780e-01,-1.3789918542185883e-02,3.3694289062260900e-02,-1.5513225217670889e-03
2460908.50000000,-4.3546176460753827e-01,-2.8172817620648827e+00,2.1263316627075382e-01,-1.3789368642963476e-02,3.3697854530063728e-02,-1.5515914199952070e-03
2460908.60000000,-4.3684067386096143e-01,-2.8139117979506874e+00,2.1247799365165979e-01,-1.3788815189447556e-02,3.3701427423863284e-02,-1.5518610041376653e-03
2460908.70000000,-4.3821952759053312e-01,-2.8105414761749947e+00,2.1232279403975976e-01,-1.3788258162816300e-02,3.3705007763080767e-02,-1.5521312764858147e-03
2460908.80000000,-4.3959832543157618e-01,-2.8071707960079872e+00,2.1216756736684103e-01,-1.3787697544146204e-02,3.3708595567167619e-02,-1.5524022393383547e-03
2460908.90000000,-4.4097706703677675e-01,-2.8037997566708088e+00,2.1201231356229208e-01,-1.3787133314401009e-02,3.3712190855672390e-02,-1.5526738950064132e-03
2460909.00000000,-4.4235575203765087e-01,-2.8004283574297366e+00,2.1185703255743848e-01,-1.3786565454446769e-02,3.3715793648140494e-02,-1.5529462458060068e-03
2460909.10000000,-4.4373438007021643e-01,-2.7970565975333939e+00,2.1170172428265083e-01,-1.3785993945040821e-02,3.3719403964180931e-02,-1.5532192940631137e-03
2460909.20000000,-4.4511295076856167e-01,-2.7936844762284418e+00,2.1154638866806671e-01,-1.3785418766833764e-02,3.3723021823449585e-02,-1.5534930421124450e-03
2460909.30000000,-4.4649146375841547e-01,-2.7903119927752771e+00,2.1139102564431334e-01,-1.3784839900371566e-02,3.3726647245632346e-02,-1.5537674922961944e-03
2460909.40000000,-4.4786991868281323e-01,-2.7869391463852109e+00,2.1123563513961266e-01,-1.3784257326084128e-02,3.3730280250512557e-02,-1.5540426469691834e-03
2460909.50000000,-4.4924831516357044e-01,-2.7835659363146887e+00,2.1108021708412125e-01,-1.3783671024300857e-02,3.3733920857869776e-02,-1.5543185084912238e-03
2460909.60000000,-4.5062665282694947e-01,-2.7801923618024729e+00,2.1092477140703586e-01,-1.3783080975239255e-02,3.3737569087547166e-02,-1.5545950792322570e-03
2460909.70000000,-4.5200493129722852e-01,-2.7768184220853360e+00,2.1076929803731573e-01,-1.3782487159006998e-02,3.3741224959434622e-02,-1.5548723615711076e-03
2460909.80000000,-4.5338315019027381e-01,-2.7734441164137755e+00,2.1061379690440588e-01,-1.3781889555604080e-02,3.3744888493451662e-02,-1.5551503578942177e-03
2460909.90000000,-4.5476130913919882e-01,-2.7700694439891493e+00,2.1045826793533981e-01,-1.3781288144911044e-02,3.3748559709615641e-02,-1.5554290706008582e-03
2460910.00000000,-4.5613940775584649e-01,-2.7666944040579589e+00,2.1030271105908310e-01,-1.3780682906705026e-02,3.3752238627939371e-02,-1.5557085020953927e-03
2460910.10000000,-4.5751744565644953e-01,-2.7633189958489828e+00,2.1014712620363626e-01,-1.3780073820648006e-02,3.3755925268499236e-02,-1.5559886547924819e-03
2460910.20000000,-4.5889542245520121e-01,-2.7599432185889925e+00,2.0999151329675803e-01,-1.3779460866288935e-02,3.3759619651418153e-02,-1.5562695311158211e-03
2460910.30000000,-4.6027333775782781e-01,-2.7565670715184658e+00,2.0983587226668901e-01,-1.3778844023065980e-02,3.3763321796848225e-02,-1.5565511334968579e-03
2460910.40000000,-4.6165119118724246e-01,-2.7531905538286972e+00,2.0968020303925175e-01,-1.3778223270294347e-02,3.3767031725039705e-02,-1.5568334643800718e-03
2460910.50000000,-4.6302898234503526e-01,-2.7498136647561182e+00,2.0952450554219834e-01,-1.3777598587182860e-02,3.3770749456237460e-02,-1.5571165262151360e-03
2460910.60000000,-4.6440671083712781e-01,-2.7464364035194140e+00,2.0936877970231077e-01,-1.3776969952821839e-02,3.3774475010749906e-02,-1.5574003214621893e-03
2460910.70000000,-4.6578437626734459e-01,-2.7430587693352368e+00,2.0921302544612436e-01,-1.3776337346185292e-02,3.3778208408931643e-02,-1.5576848525905582e-03
2460910.80000000,-4.6716197823098721e-01,-2.7396807614339305e+00,2.0905724270065262e-01,-1.3775700746133237e-02,3.3781949671165996e-02,-1.5579701220774555e-03
2460910.90000000,-4.6853951634048169e-01,-2.7363023789966063e+00,2.0890143139048445e-01,-1.3775060131399135e-02,3.3785698817934660e-02,-1.5582561324133291e-03
2460911.00000000,-4.6991699018687705e-01,-2.7329236212495172e+00,2.0874559144213561e-01,-1.3774415480607009e-02,3.3789455869713131e-02,-1.5585428860939213e-03
2460911.10000000,-4.7129439936549355e-01,-2.7295444874011348e+00,2.0858972278114646e-01,-1.3773766772258935e-02,3.3793220847040228e-02,-1.5588303856256104e-03
2460911.20000000,-4.7267174346949570e-01,-2.7261649766578753e+00,2.0843382533280611e-01,-1.3773113984737309e-02,3.3796993770500640e-02,-1.5591186335241138e-03
2460911.30000000,-4.7404902208346694e-01,-2.7227850882398350e+00,2.0827789902287785e-01,-1.3772457096307231e-02,3.3800774660707210e-02,-1.5594076323131696e-03
2460911.40000000,-4.7542623480905100e-01,-2.7194048213178279e+00,2.0812194377469367e-01,-1.3771796085103557e-02,3.3804563538371357e-02,-1.5596973845299559e-03
2460911.50000000,-4.7680338122645932e-01,-2.7160241751078087e+00,2.0796595951350993e-01,-1.3771130929148575e-02,3.3808360424197277e-02,-1.5599878927170462e-03
2460911.60000000,-4.7818046092011257e-01,-2.7126431488079241e+00,2.0780994616360191e-01,-1.3770461606339065e-02,3.3812165338952330e-02,-1.5602791594278181e-03
2460911.70000000,-4.7955747347221500e-01,-2.7092617416142422e+00,2.0765390364898920e-01,-1.3769788094448678e-02,3.3815978303449304e-02,-1.5605711872251405e-03
2460911.80000000,-4.8093441845633034e-01,-2.7058799527364932e+00,2.0749783189416146e-01,-1.3769110371130378e-02,3.3819799338528501e-02,-1.5608639786800383e-03
2460911.90000000,-4.8231129546301643e-01,-2.7024977813350790e+00,2.0734173082117024e-01,-1.3768428413903102e-02,3.3823628465128902e-02,-1.5611575363771806e-03
2460912.00000000,-4.8368810406134177e-01,-2.6991152266155485e+00,2.0718560035398867e-01,-1.3767742200169974e-02,3.3827465704181270e-02,-1.5614518629067308e-03
2460912.10000000,-4.8506484382452042e-01,-2.6957322877656060e+00,2.0702944041560342e-01,-1.3767051707205002e-02,3.3831311076679180e-02,-1.5617469608698263e-03
2460912.20000000,-4.8644151432348781e-01,-2.6923489639708564e+00,2.0687325092874073e-01,-1.3766356912155482e-02,3.3835164603661150e-02,-1.5620428328772481e-03
2460912.30000000,-4.8781811512047735e-01,-2.6889652544305540e+00,2.0671703181659284e-01,-1.3765657792044556e-02,3.3839026306192552e-02,-1.5623394815480662e-03
2460912.40000000,-4.8919464579464861e-01,-2.6855811582945748e+00,2.0656078299990682e-01,-1.3764954323757442e-02,3.3842896205437401e-02,-1.5626369095152011e-03
2460912.50000000,-4.9057110590361330e-01,-2.6821966747579449e+00,2.0640450440134869e-01,-1.3764246484060237e-02,3.3846774322550399e-02,-1.5629351194171642e-03
2460912.60000000,-4.9194749500906304e-01,-2.6788118029978172e+00,2.0624819594259258e-01,-1.3763534249586179e-02,3.3850660678748701e-02,-1.5632341139036117e-03
2460912.70000000,-4.9332381267034642e-01,-2.6754265421892209e+00,2.0609185754504714e-01,-1.3762817596838147e-02,3.3854555295293798e-02,-1.5635338956339921e-03
2460912.80000000,-4.9470005843804704e-01,-2.6720408915208225e+00,2.0593548913058279e-01,-1.3762096502191304e-02,3.3858458193473238e-02,-1.5638344672761783e-03
2460912.90000000,-4.9607623187960531e-01,-2.6686548501318588e+00,2.0577909061861807e-01,-1.3761370941878882e-02,3.3862369394673193e-02,-1.5641358315120987e-03
2460913.00000000,-4.9745233254085247e-01,-2.6652684172067240e+00,2.0562266193048745e-01,-1.3760640892011587e-02,3.3866288920269279e-02,-1.5644379910293681e-03
2460913.10000000,-4.9882835997163311e-01,-2.6618815919119081e+00,2.0546620298652793e-01,-1.3759906328563431e-02,3.3870216791699125e-02,-1.5647409485269157e-03
2460913.20000000,-5.0020431371938201e-01,-2.6584943734117523e+00,2.0530971370680609e-01,-1.3759167227374325e-02,3.3874153030444012e-02,-1.5650447067136137e-03
2460913.30000000,-5.0158019332270465e-01,-2.6551067608842267e+00,2.0515319401184606e-01,-1.3758423564152796e-02,3.3878097658010392e-02,-1.5653492683068897e-03
2460913.40000000,-5.0295599833699089e-01,-2.6517187534578190e+00,2.0499664381971305e-01,-1.3757675314461338e-02,3.3882050696003196e-02,-1.5656546360384319e-03
2460913.50000000,-5.0433172829596007e-01,-2.6483303503061828e+00,2.0484006305038524e-01,-1.3756922453736420e-02,3.3886012166015562e-02,-1.5659608126457104e-03
2460913.60000000,-5.0570738273727456e-01,-2.6449415505850329e+00,2.0468345162283766e-01,-1.3756164957273888e-02,3.3889982089701995e-02,-1.5662678008776766e-03
2460913.70000000,-5.0708296119611940e-01,-2.6415523534479175e+00,2.0452680945577006e-01,-1.3755402800231640e-02,3.3893960488759943e-02,-1.5665756034933748e-03
2460913.80000000,-5.0845846319878374e-01,-2.6381627580619980e+00,2.0437013646833527e-01,-1.3754635957632422e-02,3.3897947384911045e-02,-1.5668842232605339e-03
2460913.90000000,-5.0983388828826748e-01,-2.6347727635449059e+00,2.0421343257721999e-01,-1.3753864404348745e-02,3.3901942799975167e-02,-1.5671936629613509e-03
2460914.00000000,-5.1120923598583512e-01,-2.6313823690594442e+00,2.0405669770102111e-01,-1.3753088115123501e-02,3.3905946755758982e-02,-1.5675039253838943e-03
2460914.10000000,-5.1258450581662363e-01,-2.6279915737504482e+00,2.0389993175732657e-01,-1.3752307064554934e-02,3.3909959274129896e-02,-1.5678150133278815e-03
2460914.20000000,-5.1395969730322244e-01,-2.6246003767605632e+00,2.0374313466344376e-01,-1.3751521227099382e-02,3.3913980376997381e-02,-1.5681269296032715e-03
2460914.30000000,-5.1533480995925685e-01,-2.6212087772460371e+00,2.0358630633712910e-01,-1.3750730577074176e-02,3.3918010086293998e-02,-1.5684396770288358e-03
2460914.40000000,-5.1670984331498560e-01,-2.6178167743135399e+00,2.0342944669366522e-01,-1.3749935088642088e-02,3.3922048424050277e-02,-1.5687532584380173e-03
2460914.50000000,-5.1808479687886755e-01,-2.6144243671149177e+00,2.0327255565024230e-01,-1.3749134735832606e-02,3.3926095412281976e-02,-1.5690676766702215e-03
2460914.60000000,-5.1945967016316019e-01,-2.6110315547840184e+00,2.0311563312303554e-01,-1.3748329492526412e-02,3.3930151073064865e-02,-1.5693829345766680e-03
2460914.70000000,-5.2083446267750166e-01,-2.6076383364524824e+00,2.0295867902793444e-01,-1.3747519332458245e-02,3.3934215428515789e-02,-1.5696990350189623e-03
2460914.80000000,-5.2220917392249533e-01,-2.6042447112655394e+00,2.0280169328127307e-01,-1.3746704229219874e-02,3.3938288500773496e-02,-1.5700159808676500e-03
2460914.90000000,-5.2358380341529975e-01,-2.6008506783187917e+00,2.0264467579690457e-01,-1.3745884156244082e-02,3.3942370312074296e-02,-1.5703337750081522e-03
2460915.00000000,-5.2495835065120555e-01,-2.5974562367530267e+00,2.0248762649058627e-01,-1.3745059086826586e-02,3.3946460884638076e-02,-1.5706524203319369e-03
2460915.10000000,-5.2633281512922725e-01,-2.5940613856910044e+00,2.0233054527705469e-01,-1.3744228994110074e-02,3.3950560240743895e-02,-1.5709719197424504e-03
2460915.20000000,-5.2770719634568564e-01,-2.5906661242532549e+00,2.0217343207075564e-01,-1.3743393851087120e-02,3.3954668402710782e-02,-1.5712922761536711e-03
2460915.30000000,-5.2908149378779423e-01,-2.5872704515738878e+00,2.0201628678657474e-01,-1.3742553630603281e-02,3.3958785392878353e-02,-1.5716134924886379e-03
2460915.40000000,-5.3045570695924127e-01,-2.5838743667373376e+00,2.0185910933690920e-01,-1.3741708305340574e-02,3.3962911233683300e-02,-1.5719355716854689e-03
2460915.50000000,-5.3182983534177775e-01,-2.5804778688732313e+00,2.0170189963605753e-01,-1.3740857847840101e-02,3.3967045947544100e-02,-1.5722585166884119e-03
2460915.60000000,-5.3320387842080019e-01,-2.5770809570931394e+00,2.0154465759729137e-01,-1.3740002230485562e-02,3.3971189556937419e-02,-1.5725823304538538e-03
2460915.70000000,-5.3457783567893602e-01,-2.5736836305063844e+00,2.0138738313358620e-01,-1.3739141425506305e-02,3.3975342084378718e-02,-1.5729070159488546e-03
2460915.80000000,-5.3595170658963043e-01,-2.5702858882358561e+00,2.0123007615835287e-01,-1.3738275404980491e-02,3.3979503552402590e-02,-1.5732325761496557e-03
2460915.90000000,-5.3732549064272050e-01,-2.5668877293547223e+00,2.0107273658250627e-01,-1.3737404140818097e-02,3.3983673983640078e-02,-1.5735590140477775e-03
2460916.00000000,-5.3869918730603494e-01,-2.5634891529813517e+00,2.0091536431885934e-01,-1.3736527604784214e-02,3.3987853400702088e-02,-1.5738863326409502e-03
2460916.10000000,-5.4007279605096781e-01,-2.5600901582160307e+00,2.0075795927919224e-01,-1.3735645768482078e-02,3.3992041826256640e-02,-1.5742145349392008e-03
2460916.20000000,-5.4144631634606577e-01,-2.5566907441567732e+00,2.0060052137498355e-01,-1.3734758603356205e-02,3.3996239283009239e-02,-1.5745436239633669e-03
2460916.30000000,-5.4281974765061691e-01,-2.5532909099151562e+00,2.0044305051814235e-01,-1.3733866080695682e-02,3.4000445793682915e-02,-1.5748736027435862e-03
2460916.40000000,-5.4419308944021572e-01,-2.5498906545529829e+00,2.0028554661807443e-01,-1.3732968171616615e-02,3.4004661381096410e-02,-1.5752044743254714e-03
2460916.50000000,-5.4556634116837444e-01,-2.5464899771772713e+00,2.0012800958608032e-01,-1.3732064847086186e-02,3.4008886068046300e-02,-1.5755362417609212e-03
2460916.60000000,-5.4693950229208965e-01,-2.5430888768769266e+00,1.9997043933242167e-01,-1.3731156077905149e-02,3.4013119877385069e-02,-1.5758689081142860e-03
2460916.70000000,-5.4831257226542929e-01,-2.5396873527385662e+00,1.9981283576705289e-01,-1.3730241834711073e-02,3.4017362832001137e-02,-1.5762024764608615e-03
2460916.80000000,-5.4968555053312396e-01,-2.5362854038623563e+00,1.9965519880035457e-01,-1.3729322087981737e-02,3.4021614954798836e-02,-1.5765369498853563e-03
2460916.90000000,-5.5105843655612319e-01,-2.5328830292986488e+00,1.9949752834019588e-01,-1.3728396808017055e-02,3.4025876268777268e-02,-1.5768723314881488e-03
2460917.00000000,-5.5243122977321890e-01,-2.5294802281430173e+00,1.9933982429633787e-01,-1.3727465964963855e-02,3.4030146796911215e-02,-1.5772086243759735e-03
2460917.10000000,-5.5380392962660241e-01,-2.5260769994728962e+00,1.9918208657749606e-01,-1.3726529528797871e-02,3.4034426562229950e-02,-1.5775458316681684e-03
2460917.20000000,-5.5517653555545432e-01,-2.5226733423634120e+00,1.9902431509207377e-01,-1.3725587469327075e-02,3.4038715587797148e-02,-1.5778839564951472e-03
2460917.30000000,-5.5654904698953633e-01,-2.5192692559032399e+00,1.9886650974889522e-01,-1.3724639756195181e-02,3.4043013896690476e-02,-1.5782230019968440e-03
2460917.40000000,-5.5792146337473936e-01,-2.5158647391311848e+00,1.9870867045426571e-01,-1.3723686358863035e-02,3.4047321512081404e-02,-1.5785629713290573e-03
2460917.50000000,-5.5929378413471842e-01,-2.5124597911312918e+00,1.9855079711637891e-01,-1.3722727246634158e-02,3.4051638457114702e-02,-1.5789038676540022e-03
2460917.60000000,-5.6066600869644201e-01,-2.5090544109694362e+00,1.9839288964237695e-01,-1.3721762388636181e-02,3.4055964754988149e-02,-1.5792456941466481e-03
2460917.70000000,-5.6203813648378242e-01,-2.5056485977091727e+00,1.9823494793908389e-01,-1.3720791753824301e-02,3.4060300428932121e-02,-1.5795884539931645e-03
2460917.80000000,-5.6341016691110968e-01,-2.5022423504275961e+00,1.9807697191374016e-01,-1.3719815310984883e-02,3.4064645502189010e-02,-1.5799321503893440e-03
2460917.90000000,-5.6478209940883073e-01,-2.4988356681518828e+00,1.9791896147105911e-01,-1.3718833028716314e-02,3.4068999998093832e-02,-1.5802767865470335e-03
2460918.00000000,-5.6615393338503672e-01,-2.4954285499544659e+00,1.9776091651763938e-01,-1.3717844875455302e-02,3.4073363939952403e-02,-1.5806223656845532e-03
2460918.10000000,-5.6752566825104278e-01,-2.4920209948895820e+00,1.9760283695902156e-01,-1.3716850819457765e-02,3.4077737351121851e-02,-1.5809688910331211e-03
2460918.20000000,-5.6889730341498068e-01,-2.4886130020091315e+00,1.9744472270042238e-01,-1.3715850828802414e-02,3.4082120254990023e-02,-1.5813163658352750e-03
2460918.30000000,-5.7026883827539465e-01,-2.4852045703785466e+00,1.9728657364747054e-01,-1.3714844871394452e-02,3.4086512674954585e-02,-1.5816647933432739e-03
2460918.40000000,-5.7164027224676961e-01,-2.4817956990132988e+00,1.9712838970325916e-01,-1.3713832914945857e-02,3.4090914634504497e-02,-1.5820141768256146e-03
2460918.50000000,-5.7301160472119406e-01,-2.4783863869741296e+00,1.9697017077276366e-01,-1.3712814927002501e-02,3.4095326157096831e-02,-1.5823645195573196e-03
2460918.60000000,-5.7438283509388799e-01,-2.4749766333035588e+00,1.9681191675989468e-01,-1.3711790874924462e-02,3.4099747266238163e-02,-1.5827158248264452e-03
2460918.70000000,-5.7575396275679780e-01,-2.4715664370417549e+00,1.9665362756823368e-01,-1.3710760725889700e-02,3.4104177985463682e-02,-1.5830680959324833e-03
2460918.80000000,-5.7712498709219540e-01,-2.4681557972424173e+00,1.9649530310176883e-01,-1.3709724446897911e-02,3.4108618338316042e-02,-1.5834213361847378e-03
2460918.90000000,-5.7849590749819546e-01,-2.4647447129092348e+00,1.9633694326194481e-01,-1.3708682004750204e-02,3.4113068348427707e-02,-1.5837755489089284e-03
2460919.00000000,-5.7986672335043077e-01,-2.4613331830911851e+00,1.9617854795208517e-01,-1.3707633366077046e-02,3.4117528039396404e-02,-1.5841307374373451e-03
2460919.10000000,-5.8123743402757255e-01,-2.4579212068189999e+00,1.9602011707444236e-01,-1.3706578497317995e-02,3.4121997434867317e-02,-1.5844869051154428e-03
2460919.20000000,-5.8260803890492652e-01,-2.4545087831210459e+00,1.9586165053093360e-01,-1.3705517364725490e-02,3.4126476558511989e-02,-1.5848440553002212e-03
2460919.30000000,-5.8397853734803207e-01,-2.4510959110392139e+00,1.9570314822387799e-01,-1.3704449934368841e-02,3.4130965434006906e-02,-1.5852021913585733e-03
2460919.40000000,-5.8534892873817157e-01,-2.4476825895653471e+00,1.9554461005304299e-01,-1.3703376172113282e-02,3.4135464085116682e-02,-1.5855613166739842e-03
2460919.50000000,-5.8671921243405933e-01,-2.4442688177365910e+00,1.9538603592007159e-01,-1.3702296043648785e-02,3.4139972535568129e-02,-1.5859214346365435e-03
2460919.60000000,-5.8808938779735076e-01,-2.4408545945718219e+00,1.9522742572552904e-01,-1.3701209514469183e-02,3.4144490809133336e-02,-1.5862825486496297e-03
2460919.70000000,-5.8945945418624102e-01,-2.4374399190875371e+00,1.9506877936963954e-01,-1.3700116549876091e-02,3.4149018929608276e-02,-1.5866446621282666e-03
2460919.80000000,-5.9082941094906660e-01,-2.4340247903137615e+00,1.9491009675302429e-01,-1.3699017114983008e-02,3.4153556920791146e-02,-1.5870077784974502e-03
2460919.90000000,-5.9219925744980295e-01,-2.4306092072304231e+00,1.9475137777374449e-01,-1.3697911174693780e-02,3.4158104806566419e-02,-1.5873719011989321e-03
2460920.00000000,-5.9356899302976907e-01,-2.4271931688627735e+00,1.9459262233173341e-01,-1.3696798693732262e-02,3.4162662610777501e-02,-1.5877370336810960e-03
2460920.10000000,-5.9493861703312523e-01,-2.4237766742177747e+00,1.9443383032584002e-01,-1.3695679636620831e-02,3.4167230357310681e-02,-1.5881031794057329e-03
2460920.20000000,-5.9630812880047457e-01,-2.4203597222999997e+00,1.9427500165456649e-01,-1.3694553967684445e-02,3.4171808070073459e-02,-1.5884703418463703e-03
2460920.30000000,-5.9767752766246607e-01,-2.4169423121275448e+00,1.9411613621680701e-01,-1.3693421651054864e-02,3.4176395772972629e-02,-1.5888385244865752e-03
2460920.40000000,-5.9904681296528151e-01,-2.4135244426683684e+00,1.9395723390888706e-01,-1.3692282650648493e-02,3.4180993489999228e-02,-1.5892077308268312e-03
2460920.50000000,-6.0041598403235430e-01,-2.4101061129357753e+00,1.9379829462900111e-01,-1.3691136930196923e-02,3.4185601245099714e-02,-1.5895779643742688e-03
2460920.60000000,-6.0178504018985823e-01,-2.4066873219247573e+00,1.9363931827425254e-01,-1.3689984453224833e-02,3.4190219062260836e-02,-1.5899492286495364e-03
2460920.70000000,-6.0315398076030857e-01,-2.4032680686279106e+00,1.9348030474139208e-01,-1.3688825183054171e-02,3.4194846965487691e-02,-1.5903215271851024e-03
2460920.80000000,-6.0452280505616973e-01,-2.3998483520513512e+00,1.9332125392755728e-01,-1.3687659082808506e-02,3.4199484978781523e-02,-1.5906948635235304e-03
2460920.90000000,-6.0589151240532890e-01,-2.3964281711510198e+00,1.9316216572730865e-01,-1.3686486115390226e-02,3.4204133126225521e-02,-1.5910692412244541e-03
2460921.00000000,-6.0726010211283221e-01,-2.3930075249282239e+00,1.9300304003707239e-01,-1.3685306243512019e-02,3.4208791431854610e-02,-1.5914446638541600e-03
2460921.10000000,-6.0862857348636024e-01,-2.3895864123659432e+00,1.9284387675217673e-01,-1.3684119429674098e-02,3.4213459919741215e-02,-1.5918211349925510e-03
2460921.20000000,-6.0999692582983334e-01,-2.3861648324447460e+00,1.9268467576759135e-01,-1.3682925636168533e-02,3.4218138613972979e-02,-1.5921986582314257e-03
2460921.30000000,-6.1136515843701966e-01,-2.3827427841587299e+00,1.9252543697866767e-01,-1.3681724825083754e-02,3.4222827538630297e-02,-1.5925772371727235e-03
2460921.40000000,-6.1273327061699878e-01,-2.3793202664517734e+00,1.9236616027817158e-01,-1.3680516958281059e-02,3.4227526717873061e-02,-1.5929568754355970e-03
2460921.50000000,-6.1410126165591250e-01,-2.3758972783131478e+00,1.9220684556073120e-01,-1.3679301997427061e-02,3.4232236175808915e-02,-1.5933375766458463e-03
2460921.60000000,-6.1546913084243016e-01,-2.3724738187137779e+00,1.9204749271986996e-01,-1.3678079903970250e-02,3.4236955936579980e-02,-1.5937193444429769e-03
2460921.70000000,-6.1683687746135474e-01,-2.3690498866221716e+00,1.9188810164874667e-01,-1.3676850639145458e-02,3.4241686024340232e-02,-1.5941021824784527e-03
2460921.80000000,-6.1820450078723410e-01,-2.3656254810203694e+00,1.9172867224089690e-01,-1.3675614163978510e-02,3.4246426463232796e-02,-1.5944860944139148e-03
2460921.90000000,-6.1957200010981250e-01,-2.3622006008401537e+00,1.9156920438726205e-01,-1.3674370439262054e-02,3.4251177277477549e-02,-1.5948710839283505e-03
2460922.00000000,-6.2093937469579774e-01,-2.3587752450587285e+00,1.9140969798064242e-01,-1.3673119425588975e-02,3.4255938491237967e-02,-1.5952571547073748e-03
2460922.10000000,-6.2230662381431445e-01,-2.3553494126349315e+00,1.9125015291272660e-01,-1.3671861083328279e-02,3.4260710128708641e-02,-1.5956443104503887e-03
2460922.20000000,-6.2367374673051346e-01,-2.3519231025251828e+00,1.9109056907483282e-01,-1.3670595372629712e-02,3.4265492214092502e-02,-1.5960325548688003e-03
2460922.30000000,-6.2504074269918386e-01,-2.3484963136994392e+00,1.9093094635865088e-01,-1.3669322253428557e-02,3.4270284771577696e-02,-1.5964218916842199e-03
2460922.40000000,-6.2640761099019304e-01,-2.3450690450773619e+00,1.9077128465326751e-01,-1.3668041685420750e-02,3.4275087825426175e-02,-1.5968123246357247e-03
2460922.50000000,-6.2777435085027111e-01,-2.3416412956240618e+00,1.9061158384962532e-01,-1.3666753628097331e-02,3.4279901399839025e-02,-1.5972038574689888e-03
2460922.60000000,-6.2914096152845167e-01,-2.3382130642862728e+00,1.9045184383754815e-01,-1.3665458040719589e-02,3.4284725519044865e-02,-1.5975964939435369e-03
2460922.70000000,-6.3050744226968292e-01,-2.3347843500083014e+00,1.9029206450648348e-01,-1.3664154882323851e-02,3.4289560207276838e-02,-1.5979902378309401e-03
2460922.80000000,-6.3187379230844309e-01,-2.3313551517480047e+00,1.9013224574624515e-01,-1.3662844111726451e-02,3.4294405488749138e-02,-1.5983850929129813e-03
2460922.90000000,-6.3324001089416748e-01,-2.3279254684129067e+00,1.8997238744403555e-01,-1.3661525687498108e-02,3.4299261387746555e-02,-1.5987810629890195e-03
2460923.00000000,-6.3460609725305051e-01,-2.3244952989560130e+00,1.8981248948890914e-01,-1.3660199567999401e-02,3.4304127928488234e-02,-1.5991781518649639e-03
2460923.10000000,-6.3597205061347317e-01,-2.3210646423119354e+00,1.8965255176879520e-01,-1.3658865711355227e-02,3.4309005135217056e-02,-1.5995763633606266e-03
2460923.20000000,-6.3733787019961774e-01,-2.3176334974128645e+00,1.8949257417124013e-01,-1.3657524075459726e-02,3.4313893032176267e-02,-1.5999757013078907e-03
2460923.30000000,-6.3870355522508460e-01,-2.3142018632045458e+00,1.8933255658415193e-01,-1.3656174617981406e-02,3.4318791643585783e-02,-1.6003761695488449e-03
2460923.40000000,-6.4006910491830737e-01,-2.3107697385823602e+00,1.8917249889281804e-01,-1.3654817296336807e-02,3.4323700993732539e-02,-1.6007777719432529e-03
2460923.50000000,-6.4143451848437205e-01,-2.3073371224872021e+00,1.8901240098437505e-01,-1.3653452067727027e-02,3.4328621106832838e-02,-1.6011805123573636e-03
2460923.60000000,-6.4279979513043173e-01,-2.3039040138415650e+00,1.8885226274482708e-01,-1.3652078889111435e-02,3.4333552007122577e-02,-1.6015843946713671e-03
2460923.70000000,-6.4416493405932418e-01,-2.3004704115655188e+00,1.8869208405978971e-01,-1.3650697717212770e-02,3.4338493718833636e-02,-1.6019894227775335e-03
2460923.80000000,-6.4552993446319118e-01,-2.2970363145927006e+00,1.8853186481523471e-01,-1.3649308508522430e-02,3.4343446266169746e-02,-1.6023956005783186e-03
2460923.90000000,-6.4689479554887996e-01,-2.2936017218063540e+00,1.8837160489450452e-01,-1.3647911219273386e-02,3.4348409673397980e-02,-1.6028029319939334e-03
2460924.00000000,-6.4825951649978086e-01,-2.2901666321352709e+00,1.8821130418278756e-01,-1.3646505805477794e-02,3.4353383964709334e-02,-1.6032114209509941e-03
2460924.10000000,-6.4962409650122943e-01,-2.2867310444898323e+00,1.8805096256413278e-01,-1.3645092222899963e-02,3.4358369164310058e-02,-1.6036210713900815e-03
2460924.20000000,-6.5098853473412577e-01,-2.2832949577779988e+00,1.8789057992219435e-01,-1.3643670427061610e-02,3.4363365296397552e-02,-1.6040318872638471e-03
2460924.30000000,-6.5235283036855662e-01,-2.2798583709213172e+00,1.8773015614097785e-01,-1.3642240373247337e-02,3.4368372385136139e-02,-1.6044438725350905e-03
2460924.40000000,-6.5371698258918365e-01,-2.2764212827909045e+00,1.8756969110185051e-01,-1.3640802016476760e-02,3.4373390454749304e-02,-1.6048570311844317e-03
2460924.50000000,-6.5508099055709990e-01,-2.2729836923034696e+00,1.8740918468802234e-01,-1.3639355311543240e-02,3.4378419529378791e-02,-1.6052713671987984e-03
2460924.60000000,-6.5644485343521808e-01,-2.2695455983573032e+00,1.8724863678155682e-01,-1.3637900212986099e-02,3.4383459633176884e-02,-1.6056868845790862e-03
2460924.70000000,-6.5780857038189255e-01,-2.2661069998482812e+00,1.8708804726411682e-01,-1.3636436675096038e-02,3.4388510790281955e-02,-1.6061035873382366e-03
2460924.80000000,-6.5917214054454465e-01,-2.2626678956858814e+00,1.8692741601771146e-01,-1.3634964651920791e-02,3.4393573024793914e-02,-1.6065214794992813e-03
2460924.90000000,-6.6053556308503614e-01,-2.2592282847291267e+00,1.8676674292170259e-01,-1.3633484097236458e-02,3.4398646360867424e-02,-1.6069405651031230e-03
2460925.00000000,-6.6189883714154574e-01,-2.2557881658826724e+00,1.8660602785729166e-01,-1.3631994964587411e-02,3.4403730822569402e-02,-1.6073608481968512e-03
2460925.10000000,-6.6326196185394337e-01,-2.2523475380327511e+00,1.8644527070452666e-01,-1.3630497207257701e-02,3.4408826433972181e-02,-1.6077823328415090e-03
2460925.20000000,-6.6462493635741449e-01,-2.2489064000631904e+00,1.8628447134304910e-01,-1.3628990778276655e-02,3.4413933219128841e-02,-1.6082050231101415e-03
2460925.30000000,-6.6598775977608882e-01,-2.2454647508714412e+00,1.8612362965284135e-01,-1.3627475630424735e-02,3.4419051202048224e-02,-1.6086289230858068e-03
2460925.40000000,-6.6735043124839910e-01,-2.2420225893044705e+00,1.8596274551122990e-01,-1.3625951716204043e-02,3.4424180406789240e-02,-1.6090540368694629e-03
2460925.50000000,-6.6871294988897723e-01,-2.2385799142549243e+00,1.8580181879737764e-01,-1.3624418987879423e-02,3.4429320857316592e-02,-1.6094803685681146e-03
2460925.60000000,-6.7007531481401506e-01,-2.2351367245970248e+00,1.8564084938928707e-01,-1.3622877397449046e-02,3.4434472577595035e-02,-1.6099079223026854e-03
2460925.70000000,-6.7143752513489141e-01,-2.2316930192026008e+00,1.8547983716454811e-01,-1.3621326896650215e-02,3.4439635591564301e-02,-1.6103367022060350e-03
2460925.80000000,-6.7279957995180273e-01,-2.2282487969571267e+00,1.8531878200108676e-01,-1.3619767436965399e-02,3.4444809923113801e-02,-1.6107667124209365e-03
2460925.90000000,-6.7416147837910767e-01,-2.2248040566955707e+00,1.8515768377416406e-01,-1.3618198969591920e-02,3.4449995596177854e-02,-1.6111979571080746e-03
2460926.00000000,-6.7552321950724481e-01,-2.2213587972986266e+00,1.8499654236087446e-01,-1.3616621445484270e-02,3.4455192634589904e-02,-1.6116304404340137e-03
2460926.10000000,-6.7688480242807703e-01,-2.2179130176285691e+00,1.8483535763714520e-01,-1.3615034815323862e-02,3.4460401062177570e-02,-1.6120641665791835e-03
2460926.20000000,-6.7824622622852182e-01,-2.2144667165452900e+00,1.8467412947848483e-01,-1.3613439029525037e-02,3.4465620902737366e-02,-1.6124991397358590e-03
2460926.30000000,-6.7960748998418663e-01,-2.2110198929223568e+00,1.8451285776073317e-01,-1.3611834038241302e-02,3.4470852180009011e-02,-1.6129353641061064e-03
2460926.40000000,-6.8096859278469579e-01,-2.2075725455828064e+00,1.8435154235705598e-01,-1.3610219791334158e-02,3.4476094917771621e-02,-1.6133728439098919e-03
2460926.50000000,-6.8232953369563099e-01,-2.2041246733954551e+00,1.8419018314244973e-01,-1.3608596238416669e-02,3.4481349139696305e-02,-1.6138115833728716e-03
2460926.60000000,-6.8369031178386019e-01,-2.2006762752107050e+00,1.8402877999073655e-01,-1.3606963328822382e-02,3.4486614869442149e-02,-1.6142515867344880e-03
2460926.70000000,-6.8505092611117102e-01,-2.1972273498765937e+00,1.8386733277531417e-01,-1.3605321011611517e-02,3.4491892130630634e-02,-1.6146928582459140e-03
2460926.80000000,-6.8641137572790856e-01,-2.1937778962548604e+00,1.8370584136990667e-01,-1.3603669235577431e-02,3.4497180946819563e-02,-1.6151354021679679e-03
2460926.90000000,-6.8777165969828780e-01,-2.1903279131566995e+00,1.8354430564555513e-01,-1.3602007949214547e-02,3.4502481341600250e-02,-1.6155792227793312e-03
2460927.00000000,-6.8913177706235484e-01,-2.1868773994391399e+00,1.8338272547512854e-01,-1.3600337100763252e-02,3.4507793338448417e-02,-1.6160243243641590e-03
2460927.10000000,-6.9049172686130089e-01,-2.1834263539408028e+00,1.8322110073031475e-01,-1.3598656638177917e-02,3.4513116960821245e-02,-1.6164707112202863e-03
2460927.20000000,-6.9185150813109886e-01,-2.1799747754979628e+00,1.8305943128237123e-01,-1.3596966509133312e-02,3.4518452232131291e-02,-1.6169183876571418e-03
2460927.30000000,-6.9321111989614381e-01,-2.1765226629606360e+00,1.8289771700287707e-01,-1.3595266661031285e-02,3.4523799175720168e-02,-1.6173673579936215e-03
2460927.40000000,-6.9457056119454974e-01,-2.1730700151282751e+00,1.8273595776071949e-01,-1.3593557040967789e-02,3.4529157814956760e-02,-1.6178176265664260e-03
2460927.50000000,-6.9592983104013317e-01,-2.1696168308462274e+00,1.8257415342661096e-01,-1.3591837595779126e-02,3.4534528173086297e-02,-1.6182691977174824e-03
2460927.60000000,-6.9728892844771162e-01,-2.1661631089414408e+00,1.8241230387007593e-01,-1.3590108272009066e-02,3.4539910273328478e-02,-1.6187220758022661e-03
2460927.70000000,-6.9864785242674177e-01,-2.1627088482385464e+00,1.8225040896020275e-01,-1.3588369015915473e-02,3.4545304138850992e-02,-1.6191762651876786e-03
2460927.80000000,-7.0000660197496534e-01,-2.1592540475759492e+00,1.8208846856639677e-01,-1.3586619773477226e-02,3.4550709792742884e-02,-1.6196317702498833e-03
2460927.90000000,-7.0136517610368831e-01,-2.1557987057414802e+00,1.8192648255536248e-01,-1.3584860490360324e-02,3.4556127258113717e-02,-1.6200885953827618e-03
2460928.00000000,-7.0272357379978800e-01,-2.1523428215689293e+00,1.8176445079562706e-01,-1.3583091111965496e-02,3.4561556557940958e-02,-1.6205467449851437e-03
2460928.10000000,-7.0408179405099380e-01,-2.1488863938737048e+00,1.8160237315452307e-01,-1.3581311583394404e-02,3.4566997715169044e-02,-1.6210062234692469e-03
2460928.20000000,-7.0543983583953129e-01,-2.1454294214689207e+00,1.8144024949894125e-01,-1.3579521849456516e-02,3.4572450752682643e-02,-1.6214670352585152e-03
2460928.30000000,-7.0679769813576898e-01,-2.1419719031815090e+00,1.8127807969608473e-01,-1.3577721854676240e-02,3.4577915693279566e-02,-1.6219291847854214e-03
2460928.40000000,-7.0815537992348199e-01,-2.1385138377878188e+00,1.8111586361044699e-01,-1.3575911543258099e-02,3.4583392559770929e-02,-1.6223926765000364e-03
2460928.50000000,-7.0951288016188208e-01,-2.1350552241102281e+00,1.8095360110834177e-01,-1.3574090859135747e-02,3.4588881374826859e-02,-1.6228575148570707e-03
2460928.60000000,-7.1087019781088279e-01,-2.1315960609527465e+00,1.8079129205488154e-01,-1.3572259745937249e-02,3.4594382161076541e-02,-1.6233237043244285e-03
2460928.70000000,-7.1222733182474574e-01,-2.1281363471171275e+00,1.8062893631473143e-01,-1.3570418146992181e-02,3.4599894941081025e-02,-1.6237912493810118e-03
2460928.80000000,-7.1358428114573158e-01,-2.1246760814189845e+00,1.8046653375286437e-01,-1.3568566005339011e-02,3.4605419737305902e-02,-1.6242601545144813e-03
2460928.90000000,-7.1494104472934539e-01,-2.1212152626233456e+00,1.8030408423153510e-01,-1.3566703263689304e-02,3.4610956572222386e-02,-1.6247304242299463e-03
2460929.00000000,-7.1629762150639276e-01,-2.1177538895413375e+00,1.8014158761481625e-01,-1.3564829864478219e-02,3.4616505468151267e-02,-1.6252020630368102e-03
2460929.10000000,-7.1765401040822629e-01,-2.1142919609657440e+00,1.7997904376557272e-01,-1.3562945749828798e-02,3.4622066447364000e-02,-1.6256750754574444e-03
2460929.20000000,-7.1901021036039570e-01,-2.1108294756871264e+00,1.7981645254621648e-01,-1.3561050861559327e-02,3.4627639532055117e-02,-1.6261494660249514e-03
2460929.30000000,-7.2036622027630293e-01,-2.1073664325099593e+00,1.7965381381946322e-01,-1.3559145141190972e-02,3.4633224744314468e-02,-1.6266252392808894e-03
2460929.40000000,-7.2172203908242905e-01,-2.1039028301881273e+00,1.7949112744530149e-01,-1.3557228529910996e-02,3.4638822106229442e-02,-1.6271023997840805e-03
2460929.50000000,-7.2307766568041609e-01,-2.1004386675216939e+00,1.7932839328553593e-01,-1.3555300968624760e-02,3.4644431639727018e-02,-1.6275809520972587e-03
2460929.60000000,-7.2443309897229546e-01,-2.0969739432924075e+00,1.7916561120075683e-01,-1.3553362397919018e-02,3.4650053366675891e-02,-1.6280609007958630e-03
2460929.70000000,-7.2578833785414154e-01,-2.0935086562798322e+00,1.7900278105109649e-01,-1.3551412758069550e-02,3.4655687308858589e-02,-1.6285422504657607e-03
2460929.80000000,-7.2714338120973143e-01,-2.0900428052775002e+00,1.7883990269698655e-01,-1.3549451989049058e-02,3.4661333487943237e-02,-1.6290250057009327e-03
2460929.90000000,-7.2849822793575170e-01,-2.0865763890283593e+00,1.7867697599612312e-01,-1.3547480030489362e-02,3.4666991925586782e-02,-1.6295091711124037e-03
2460930.00000000,-7.2985287690390854e-01,-2.0831094063216171e+00,1.7851400080801638e-01,-1.3545496821734960e-02,3.4672662643275336e-02,-1.6299947513146867e-03
2460930.10000000,-7.3120732698613611e-01,-2.0796418559281982e+00,1.7835097699095601e-01,-1.3543502301805314e-02,3.4678345662427244e-02,-1.6304817509346986e-03
2460930.20000000,-7.3256157704825453e-01,-2.0761737366168891e+00,1.7818790440276841e-01,-1.3541496409402736e-02,3.4684041004364861e-02,-1.6309701746094430e-03
2460930.30000000,-7.3391562594363335e-01,-2.0727050471705013e+00,1.7802478290157561e-01,-1.3539479082920582e-02,3.4689748690285849e-02,-1.6314600269836535e-03
2460930.40000000,-7.3526947253838049e-01,-2.0692357863212743e+00,1.7786161234275541e-01,-1.3537450260404413e-02,3.4695468741367516e-02,-1.6319513127188482e-03
2460930.50000000,-7.3662311567347738e-01,-2.0657659528477925e+00,1.7769839258349823e-01,-1.3535409879607121e-02,3.4701201178605257e-02,-1.6324440364795681e-03
2460930.60000000,-7.3797655418996966e-01,-2.0622955455103940e+00,1.7753512347976774e-01,-1.3533357877950208e-02,3.4706946022916733e-02,-1.6329382029424148e-03
2460930.70000000,-7.3932978692262863e-01,-2.0588245630673296e+00,1.7737180488705953e-01,-1.3531294192531953e-02,3.4712703295113154e-02,-1.6334338167936929e-03
2460930.80000000,-7.4068281269362013e-01,-2.0553530042909416e+00,1.7720843666116085e-01,-1.3529218760135880e-02,3.4718473015870235e-02,-1.6339308827270102e-03
2460930.90000000,-7.4203563033767095e-01,-2.0518808679030101e+00,1.7704501865510650e-01,-1.3527131517190850e-02,3.4724255205833589e-02,-1.6344294054524585e-03
2460931.00000000,-7.4338823866423498e-01,-2.0484081526717555e+00,1.7688155072374259e-01,-1.3525032399827872e-02,3.4730049885455257e-02,-1.6349293896826401e-03
2460931.10000000,-7.4474063648266331e-01,-2.0449348573471933e+00,1.7671803272068243e-01,-1.3522921343840276e-02,3.4735857075098964e-02,-1.6354308401418331e-03
2460931.20000000,-7.4609282259586918e-01,-2.0414609806773081e+00,1.7655446449906653e-01,-1.3520798284692203e-02,3.4741676795010987e-02,-1.6359337615635882e-03
2460931.30000000,-7.4744479579400069e-01,-2.0379865214242456e+00,1.7639084591232360e-01,-1.3518663157527354e-02,3.4747509065290699e-02,-1.6364381586882872e-03
2460931.40000000,-7.4879655487958929e-01,-2.0345114782996077e+00,1.7622717681112177e-01,-1.3516515897128028e-02,3.4753353905996986e-02,-1.6369440362724497e-03
2460931.50000000,-7.5014809862974274e-01,-2.0310358500615364e+00,1.7606345704793924e-01,-1.3514356437973576e-02,3.4759211336982967e-02,-1.6374513990745473e-03
2460931.60000000,-7.5149942582129492e-01,-2.0275596354500149e+00,1.7589968647401569e-01,-1.3512184714199542e-02,3.4765081378002202e-02,-1.6379602518642917e-03
2460931.70000000,-7.5285053522447665e-01,-2.0240828332030589e+00,1.7573586494011353e-01,-1.3510000659606416e-02,3.4770964048679229e-02,-1.6384705994201935e-03
2460931.80000000,-7.5420142559659209e-01,-2.0206054420729198e+00,1.7557199229728007e-01,-1.3507804207668733e-02,3.4776859368479657e-02,-1.6389824465270696e-03
2460931.90000000,-7.5555209570714577e-01,-2.0171274607613285e+00,1.7540806839379403e-01,-1.3505595291492973e-02,3.4782767356817595e-02,-1.6394957979854840e-03
2460932.00000000,-7.5690254430006654e-01,-2.0136488880166623e+00,1.7524409307974337e-01,-1.3503373843877779e-02,3.4788688032888530e-02,-1.6400106585973402e-03
2460932.10000000,-7.5825277011883507e-01,-2.0101697225691932e+00,1.7508006620397215e-01,-1.3501139797271964e-02,3.4794621415776571e-02,-1.6405270331753001e-03
2460932.20000000,-7.5960277190016090e-01,-2.0066899631472896e+00,1.7491598761484281e-01,-1.3498893083783612e-02,3.4800567524424578e-02,-1.6410449265402941e-03
2460932.30000000,-7.6095254836766213e-01,-2.0032096084936444e+00,1.7475185716099961e-01,-1.3496633635189487e-02,3.4806526377603800e-02,-1.6415643435189879e-03
2460932.40000000,-7.6230209825697193e-01,-1.9997286573004531e+00,1.7458767468831066e-01,-1.3494361382891801e-02,3.4812497994022369e-02,-1.6420852889533495e-03
2460932.50000000,-7.6365142027799171e-01,-1.9962471083066742e+00,1.7442344004445248e-01,-1.3492076257980223e-02,3.4818482392156298e-02,-1.6426077676860206e-03
2460932.60000000,-7.6500051313999962e-01,-1.9927649602332169e+00,1.7425915307585277e-01,-1.3489778191188769e-02,3.4824479590357733e-02,-1.6431317845698660e-03
2460932.70000000,-7.6634937554533022e-01,-1.9892822117991629e+00,1.7409481362845336e-01,-1.3487467112905207e-02,3.4830489606824652e-02,-1.6436573444654373e-03
2460932.80000000,-7.6769800618305928e-01,-1.9857988617380045e+00,1.7393042154847546e-01,-1.3485142953180845e-02,3.4836512459570083e-02,-1.6441844522383908e-03
2460932.90000000,-7.6904640375408928e-01,-1.9823149087327743e+00,1.7376597667935628e-01,-1.3482805641686094e-02,3.4842548166531713e-02,-1.6447131127691899e-03
2460933.00000000,-7.7039456693343389e-01,-1.9788303515133854e+00,1.7360147886634156e-01,-1.3480455107774361e-02,3.4848596745400855e-02,-1.6452433309382467e-03
2460933.10000000,-7.7174249439530385e-01,-1.9753451887917683e+00,1.7343692795342305e-01,-1.3478091280437773e-02,3.4854658213731834e-02,-1.6457751116356054e-03
2460933.20000000,-7.7309018480679137e-01,-1.9718594192781063e+00,1.7327232378410320e-01,-1.3475714088316923e-02,3.4860732588911210e-02,-1.6463084597583564e-03
2460933.30000000,-7.7443763682156164e-01,-1.9683730416970873e+00,1.7310766620216111e-01,-1.3473323459711006e-02,3.4866819888126600e-02,-1.6468433802080094e-03
2460933.40000000,-7.7578484910491363e-01,-1.9648860547229821e+00,1.7294295504858492e-01,-1.3470919322532216e-02,3.4872920128477286e-02,-1.6473798779003245e-03
2460933.50000000,-7.7713182029609795e-01,-1.9613984570770688e+00,1.7277819016617132e-01,-1.3468501604371538e-02,3.4879033326801277e-02,-1.6479179577502281e-03
2460933.60000000,-7.7847854903338076e-01,-1.9579102474627148e+00,1.7261337139645844e-01,-1.3466070232453262e-02,3.4885159499785767e-02,-1.6484576246816253e-03
2460933.70000000,-7.7982503394773262e-01,-1.9544214245816260e+00,1.7244849858049172e-01,-1.3463625133645121e-02,3.4891298663935859e-02,-1.6489988836247695e-03
2460933.80000000,-7.8117127365652439e-01,-1.9509319871501192e+00,1.7228357155959129e-01,-1.3461166234468799e-02,3.4897450835543013e-02,-1.6495417395135813e-03
2460933.90000000,-7.8251726678856659e-01,-1.9474419338341400e+00,1.7211859017227926e-01,-1.3458693461053106e-02,3.4903616030796648e-02,-1.6500861972956187e-03
2460934.00000000,-7.8386301194645946e-01,-1.9439512633467755e+00,1.7195355425888709e-01,-1.3456206739201707e-02,3.4909794265609327e-02,-1.6506322619167558e-03
2460934.10000000,-7.8520850773163420e-01,-1.9404599743832798e+00,1.7178846365848313e-01,-1.3453705994346477e-02,3.4915985555728175e-02,-1.6511799383311324e-03
2460934.20000000,-7.8655375273804684e-01,-1.9369680656373438e+00,1.7162331820964019e-01,-1.3451191151557979e-02,3.4922189916703254e-02,-1.6517292314984714e-03
2460934.30000000,-7.8789874554588002e-01,-1.9334755358173774e+00,1.7145811775120412e-01,-1.3448662135556380e-02,3.4928407363855461e-02,-1.6522801463813473e-03
2460934.40000000,-7.8924348474655748e-01,-1.9299823835814744e+00,1.7129286211921610e-01,-1.3446118870663364e-02,3.4934637912389301e-02,-1.6528326879552931e-03
2460934.50000000,-7.9058796890512983e-01,-1.9264886076350123e+00,1.7112755115152767e-01,-1.3443561280871912e-02,3.4940881577215969e-02,-1.6533868611932415e-03
2460934.60000000,-7.9193219658529113e-01,-1.9229942066656240e+00,1.7096218468472346e-01,-1.3440989289798394e-02,3.4947138373065977e-02,-1.6539426710756085e-03
2460934.70000000,-7.9327616634307840e-01,-1.9194991793594793e+00,1.7079676255488979e-01,-1.3438402820693460e-02,3.4953408314456973e-02,-1.6545001225875616e-03
2460934.80000000,-7.9461987672057932e-01,-1.9160035244175861e+00,1.7063128459838495e-01,-1.3435801796453345e-02,3.4959691415661194e-02,-1.6550592207162350e-03
2460934.90000000,-7.9596332627092248e-01,-1.9125072404906986e+00,1.7046575064875624e-01,-1.3433186139570534e-02,3.4965987690819315e-02,-1.6556199704609754e-03
2460935.00000000,-7.9730651352069759e-01,-1.9090103262770062e+00,1.7030016054136277e-01,-1.3430555772205612e-02,3.4972297153761572e-02,-1.6561823768175389e-03
2460935.10000000,-7.9864943699494817e-01,-1.9055127804570464e+00,1.7013451411029334e-01,-1.3427910616138097e-02,3.4978619818121427e-02,-1.6567464447883151e-03
2460935.20000000,-7.9999209521087766e-01,-1.9020146017100052e+00,1.6996881118913629e-01,-1.3425250592777748e-02,3.4984955697302887e-02,-1.6573121793795383e-03
2460935.30000000,-8.0133448667156149e-01,-1.8985157887300348e+00,1.6980305161175097e-01,-1.3422575623176279e-02,3.4991304804447572e-02,-1.6578795855984537e-03
2460935.40000000,-8.0267660989091261e-01,-1.8950163401611013e+00,1.6963723520918009e-01,-1.3419885627976743e-02,3.4997667152549608e-02,-1.6584486684636998e-03
2460935.50000000,-8.0401846335613880e-01,-1.8915162546947666e+00,1.6947136181428013e-01,-1.3417180527487523e-02,3.5004042754274677e-02,-1.6590194329892608e-03
2460935.60000000,-8.0536004555271024e-01,-1.8880155310050435e+00,1.6930543125863418e-01,-1.3414460241631882e-02,3.5010431622074824e-02,-1.6595918841948269e-03
2460935.70000000,-8.0670135495807083e-01,-1.8845141677647119e+00,1.6913944337332304e-01,-1.3411724689959686e-02,3.5016833768155300e-02,-1.6601660271029542e-03
2460935.80000000,-8.0804239003535694e-01,-1.8810121636616530e+00,1.6897339798969857e-01,-1.3408973791659583e-02,3.5023249204441158e-02,-1.6607418667361745e-03
2460935.90000000,-8.0938314925833699e-01,-1.8775095173336418e+00,1.6880729493629024e-01,-1.3406207465507039e-02,3.5029677942693148e-02,-1.6613194081275186e-03
2460936.00000000,-8.1072363107390588e-01,-1.8740062274662155e+00,1.6864113404344405e-01,-1.3403425629940569e-02,3.5036119994324877e-02,-1.6618986563042188e-03
2460936.10000000,-8.1206383392702797e-01,-1.8705022927274746e+00,1.6847491514022994e-01,-1.3400628203009943e-02,3.5042575370518574e-02,-1.6624796162982079e-03
2460936.20000000,-8.1340375625445349e-01,-1.8669977117844154e+00,1.6830863805521451e-01,-1.3397815102388383e-02,3.5049044082191519e-02,-1.6630622931432266e-03
2460936.30000000,-8.1474339647844396e-01,-1.8634924833192792e+00,1.6814230261723562e-01,-1.3394986245385180e-02,3.5055526139962122e-02,-1.6636466918718738e-03
2460936.40000000,-8.1608275303168509e-01,-1.8599866059642867e+00,1.6797590865230355e-01,-1.3392141548892404e-02,3.5062021554266930e-02,-1.6642328175262757e-03
2460936.50000000,-8.1742182431982036e-01,-1.8564800783996016e+00,1.6780945598824867e-01,-1.3389280929463386e-02,3.5068530335175749e-02,-1.6648206751415293e-03
2460936.60000000,-8.1876060874636747e-01,-1.8529728992880696e+00,1.6764294445162292e-01,-1.3386404303259620e-02,3.5075052492508418e-02,-1.6654102697563468e-03
2460936.70000000,-8.2009910470644154e-01,-1.8494650672915702e+00,1.6747637386847430e-01,-1.3383511586063383e-02,3.5081588035800866e-02,-1.6660016064101034e-03
2460936.80000000,-8.2143731058048541e-01,-1.8459565810873801e+00,1.6730974406512308e-01,-1.3380602693290880e-02,3.5088136974270621e-02,-1.6665946901398324e-03
2460936.90000000,-8.2277522475915732e-01,-1.8424474393028543e+00,1.6714305486505751e-01,-1.3377677539937533e-02,3.5094699316934937e-02,-1.6671895259910364e-03
2460937.00000000,-8.2411284560590392e-01,-1.8389376406134761e+00,1.6697630609358949e-01,-1.3374736040658853e-02,3.5101275072423853e-02,-1.6677861190008720e-03
2460937.10000000,-8.2545017148184852e-01,-1.8354271836775429e+00,1.6680949757475114e-01,-1.3371778109715926e-02,3.5107864249098057e-02,-1.6683844742089379e-03
2460937.20000000,-8.2678720073952194e-01,-1.8319160671525307e+00,1.6664262913207073e-01,-1.3368803660988571e-02,3.5114466855014417e-02,-1.6689845966542638e-03
2460937.30000000,-8.2812393171659981e-01,-1.8284042897114798e+00,1.6647570058935010e-01,-1.3365812607988956e-02,3.5121082897891079e-02,-1.6695864913722457e-03
2460937.40000000,-8.2946036276076185e-01,-1.8248918499776108e+00,1.6630871176755516e-01,-1.3362804863805493e-02,3.5127712385226606e-02,-1.6701901634056052e-03
2460937.50000000,-8.3079649219230556e-01,-1.8213787466224738e+00,1.6614166248947995e-01,-1.3359780341186126e-02,3.5134355324110952e-02,-1.6707956177873079e-03
2460937.60000000,-8.3213231832900802e-01,-1.8178649783005700e+00,1.6597455257663801e-01,-1.3356738952482423e-02,3.5141011721344526e-02,-1.6714028595514966e-03
2460937.70000000,-8.3346783947986258e-01,-1.8143505436657388e+00,1.6580738185003946e-01,-1.3353680609663238e-02,3.5147681583403124e-02,-1.6720118937304210e-03
2460937.80000000,-8.3480305393882304e-01,-1.8108354413875578e+00,1.6564015013097011e-01,-1.3350605224328866e-02,3.5154364916402538e-02,-1.6726227253513123e-03
2460937.90000000,-8.3613796000963503e-01,-1.8073196700858989e+00,1.6547285723787666e-01,-1.3347512707653494e-02,3.5161061726218815e-02,-1.6732353594474899e-03
2460938.00000000,-8.3747255596849146e-01,-1.8038032284291734e+00,1.6530550299103916e-01,-1.3344402970470985e-02,3.5167772018297197e-02,-1.6738498010410103e-03
2460938.10000000,-8.3880684008886697e-01,-1.8002861150688962e+00,1.6513808720945669e-01,-1.3341275923217545e-02,3.5174495797772161e-02,-1.6744660551537476e-03
2460938.20000000,-8.4014081063525992e-01,-1.7967683286560849e+00,1.6497060971162644e-01,-1.3338131475945916e-02,3.5181233069431932e-02,-1.6750841268042620e-03
2460938.30000000,-8.4147446585694585e-01,-1.7932498678576823e+00,1.6480307031632413e-01,-1.3334969538340085e-02,3.5187983837682603e-02,-1.6757040210046120e-03
2460938.40000000,-8.4280780401277777e-01,-1.7897307312910504e+00,1.6463546883948363e-01,-1.3331790019656278e-02,3.5194748106669400e-02,-1.6763257427716096e-03
2460938.50000000,-8.4414082333388651e-01,-1.7862109176223120e+00,1.6446780509887812e-01,-1.3328592828811294e-02,3.5201525880083614e-02,-1.6769492971091952e-03
2460938.60000000,-8.4547352204848503e-01,-1.7826904255008538e+00,1.6430007891100049e-01,-1.3325377874323734e-02,3.5208317161283698e-02,-1.6775746890196688e-03
2460938.70000000,-8.4680589837561915e-01,-1.7791692535757444e+00,1.6413229009184341e-01,-1.3322145064328756e-02,3.5215121953259300e-02,-1.6782019235004927e-03
2460938.80000000,-8.4813795051892682e-01,-1.7756474005121734e+00,1.6396443845768208e-01,-1.3318894306593349e-02,3.5221940258594819e-02,-1.6788310055410422e-03
2460938.90000000,-8.4946967669140949e-01,-1.7721248649258872e+00,1.6379652382194740e-01,-1.3315625508455827e-02,3.5228772079591852e-02,-1.6794619401340103e-03
2460939.00000000,-8.5080107507817759e-01,-1.7686016454816249e+00,1.6362854599991697e-01,-1.3312338576916828e-02,3.5235617418073954e-02,-1.6800947322575044e-03
2460939.10000000,-8.5213214386122405e-01,-1.7650777408275617e+00,1.6346050480558885e-01,-1.3309033418579056e-02,3.5242476275508881e-02,-1.6807293868864282e-03
2460939.20000000,-8.5346288121318303e-01,-1.7615531496117449e+00,1.6329240005246404e-01,-1.3305709939662621e-02,3.5249348652972044e-02,-1.6813659089892185e-03
2460939.30000000,-8.5479328529109744e-01,-1.7580278704985517e+00,1.6312423155433023e-01,-1.3302368046020889e-02,3.5256234551109641e-02,-1.6820043035245319e-03
2460939.40000000,-8.5612335426115949e-01,-1.7545019021030623e+00,1.6295599912212996e-01,-1.3299007643078493e-02,3.5263133970262109e-02,-1.6826445754528007e-03
2460939.50000000,-8.5745308626150141e-01,-1.7509752430895968e+00,1.6278770256865971e-01,-1.3295628635925047e-02,3.5270046910266931e-02,-1.6832867297180490e-03
2460939.60000000,-8.5878247942694019e-01,-1.7474478921060927e+00,1.6261934170543876e-01,-1.3292230929253357e-02,3.5276973370581756e-02,-1.6839307712594224e-03
2460939.70000000,-8.6011153188274247e-01,-1.7439198478005637e+00,1.6245091634349285e-01,-1.3288814427375385e-02,3.5283913350247532e-02,-1.6845767050078623e-03
2460939.80000000,-8.6144024173840095e-01,-1.7403911088375741e+00,1.6228242629413986e-01,-1.3285379034238740e-02,3.5290866847851064e-02,-1.6852245358827248e-03
2460939.90000000,-8.6276860711234327e-01,-1.7368616738325486e+00,1.6211387136585187e-01,-1.3281924653363121e-02,3.5297833861649523e-02,-1.6858742688034888e-03
2460940.00000000,-8.6409662609477100e-01,-1.7333315414504111e+00,1.6194525136896382e-01,-1.3278451187936828e-02,3.5304814389371136e-02,-1.6865259086712855e-03
2460940.10000000,-8.6542429677237165e-01,-1.7298007103398982e+00,1.6177656611253607e-01,-1.3274958540753475e-02,3.5311808428339510e-02,-1.6871794603805829e-03
2460940.20000000,-8.6675161722209360e-01,-1.7262691791500380e+00,1.6160781540514021e-01,-1.3271446614228549e-02,3.5318815975436159e-02,-1.6878349288157899e-03
2460940.30000000,-8.6807858550492922e-01,-1.7227369465466420e+00,1.6143899905564621e-01,-1.3267915310416581e-02,3.5325837027062573e-02,-1.6884923188478090e-03
2460940.40000000,-8.6940519969059293e-01,-1.7192040111465545e+00,1.6127011687007850e-01,-1.3264364530945996e-02,3.5332871579265838e-02,-1.6891516353458977e-03
2460940.50000000,-8.7073145782040751e-01,-1.7156703716163877e+00,1.6110116865633411e-01,-1.3260794177118534e-02,3.5339919627537193e-02,-1.6898128831589097e-03
2460940.60000000,-8.7205735793198591e-01,-1.7121360266067780e+00,1.6093215422103943e-01,-1.3257204149844375e-02,3.5346981166937463e-02,-1.6904760671271274e-03
2460940.70000000,-8.7338289805301339e-01,-1.7086009747688784e+00,1.6076307337033741e-01,-1.3253594349659377e-02,3.5354056192059065e-02,-1.6911411920788049e-03
2460940.80000000,-8.7470807619504010e-01,-1.7050652147708736e+00,1.6059392591067656e-01,-1.3249964676742925e-02,3.5361144696987576e-02,-1.6918082628266452e-03
2460940.90000000,-8.7603289037812526e-01,-1.7015287452321641e+00,1.6042471164566144e-01,-1.3246315030851169e-02,3.5368246675428434e-02,-1.6924772841798205e-03
2460941.00000000,-8.7735733859377529e-01,-1.6979915648222033e+00,1.6025543038077963e-01,-1.3242645311419438e-02,3.5375362120503427e-02,-1.6931482609249156e-03
2460941.10000000,-8.7868141882959205e-01,-1.6944536721946903e+00,1.6008608192025311e-01,-1.3238955417495753e-02,3.5382491024877165e-02,-1.6938211978379195e-03
2460941.20000000,-8.8000512906306305e-01,-1.6909150660040824e+00,1.5991666606782684e-01,-1.3235245247758768e-02,3.5389633380718613e-02,-1.6944960996806955e-03
2460941.30000000,-8.8132846725536418e-01,-1.6873757449221283e+00,1.5974718262755977e-01,-1.3231514700536328e-02,3.5396789179662137e-02,-1.6951729711973866e-03
2460941.40000000,-8.8265143137596969e-01,-1.6838357075719903e+00,1.5957763140066900e-01,-1.3227763673737082e-02,3.5403958412935289e-02,-1.6958518171265957e-03
2460941.50000000,-8.8397401936564246e-01,-1.6802949526271802e+00,1.5940801219026662e-01,-1.3223992064955939e-02,3.5411141071153222e-02,-1.6965326421820276e-03
2460941.60000000,-8.8529622916104811e-01,-1.6767534787456935e+00,1.5923832479820488e-01,-1.3220199771405976e-02,3.5418337144446227e-02,-1.6972154510646381e-03
2460941.70000000,-8.8661805868855492e-01,-1.6732112845865381e+00,1.5906856902586666e-01,-1.3216386689937109e-02,3.5425546622420756e-02,-1.6979002484590303e-03
2460941.80000000,-8.8793950585804593e-01,-1.6696683688262870e+00,1.5889874467495824e-01,-1.3212552717055376e-02,3.5432769494120019e-02,-1.6985870390297927e-03
2460941.90000000,-8.8926056858749425e-01,-1.6661247300931366e+00,1.5872885154434735e-01,-1.3208697748852891e-02,3.5440005748152752e-02,-1.6992758274338327e-03
2460942.00000000,-8.9058124476600675e-01,-1.6625803670659483e+00,1.5855888943480986e-01,-1.3204821681116467e-02,3.5447255372485630e-02,-1.6999666183007175e-03
2460942.10000000,-8.9190153227840352e-01,-1.6590352784083158e+00,1.5838885814586853e-01,-1.3200924409257860e-02,3.5454518354571876e-02,-1.7006594162449807e-03
2460942.20000000,-8.9322142899902823e-01,-1.6554894627851136e+00,1.5821875747658576e-01,-1.3197005828333186e-02,3.5461794681311783e-02,-1.7013542258624461e-03
2460942.30000000,-8.9454093278556845e-01,-1.6519429188790711e+00,1.5804858722635770e-01,-1.3193065833063010e-02,3.5469084339012732e-02,-1.7020510517264903e-03
2460942.40000000,-8.9586004150359710e-01,-1.6483956453247655e+00,1.5787834719174665e-01,-1.3189104317760575e-02,3.5476387313519167e-02,-1.7027498984005386e-03
2460942.50000000,-8.9717875298967031e-01,-1.6448476408077672e+00,1.5770803717123708e-01,-1.3185121176443691e-02,3.5483703590002844e-02,-1.7034507704180967e-03
2460942.60000000,-8.9849706507587201e-01,-1.6412989039986432e+00,1.5753765696206876e-01,-1.3181116302763283e-02,3.5491033153092572e-02,-1.7041536722952168e-03
2460942.70000000,-8.9981497558363410e-01,-1.6377494335695255e+00,1.5736720636103066e-01,-1.3177089590023616e-02,3.5498375986834196e-02,-1.7048586085267475e-03
2460942.80000000,-9.0113248231756693e-01,-1.6341992282107036e+00,1.5719668516525781e-01,-1.3173040931203174e-02,3.5505732074650173e-02,-1.7055655835825215e-03
2460942.90000000,-9.0244958308996470e-01,-1.6306482865645560e+00,1.5702609316905658e-01,-1.3168970218881172e-02,3.5513101399470587e-02,-1.7062746019200113e-03
2460943.00000000,-9.0376627568395951e-01,-1.6270966073247972e+00,1.5685543016867148e-01,-1.3164877345352783e-02,3.5520483943521343e-02,-1.7069856679640515e-03
2460943.10000000,-9.0508255787803038e-01,-1.6235441891704165e+00,1.5668469595911130e-01,-1.3160762202555987e-02,3.5527879688455000e-02,-1.7076987861194643e-03
2460943.20000000,-9.0639842743983334e-01,-1.6199910307822682e+00,1.5651389033494567e-01,-1.3156624682092612e-02,3.5535288615310238e-02,-1.7084139607672333e-03
2460943.30000000,-9.0771388212004334e-01,-1.6164371308596859e+00,1.5634301309110329e-01,-1.3152464675250039e-02,3.5542710704471028e-02,-1.7091311962606159e-03
2460943.40000000,-9.0902891967682109e-01,-1.6128824880543415e+00,1.5617206401969094e-01,-1.3148282072925985e-02,3.5550145935798604e-02,-1.7098504969379612e-03
2460943.50000000,-9.1034353783902688e-01,-1.6093271010696062e+00,1.5600104291477063e-01,-1.3144076765747154e-02,3.5557594288417711e-02,-1.7105718671021175e-03
2460943.60000000,-9.1165773433069208e-01,-1.6057709685944193e+00,1.5582994956917948e-01,-1.3139848643994359e-02,3.5565055740848450e-02,-1.7112953110332194e-03
2460943.70000000,-9.1297150686485951e-01,-1.6022140893199004e+00,1.5565878377532780e-01,-1.3135597597624388e-02,3.5572530270965325e-02,-1.7120208329847841e-03
2460943.80000000,-9.1428485313743724e-01,-1.5986564619559824e+00,1.5548754532599959e-01,-1.3131323516292627e-02,3.5580017855955909e-02,-1.7127484371797473e-03
2460943.90000000,-9.1559777085162708e-01,-1.5950980851652083e+00,1.5531623401116523e-01,-1.3127026289276034e-02,3.5587518472453838e-02,-1.7134781278234459e-03
2460944.00000000,-9.1691025768119838e-01,-1.5915389576621946e+00,1.5514484962276870e-01,-1.3122705805595320e-02,3.5595032096323163e-02,-1.7142099090827036e-03
2460944.10000000,-9.1822231129492138e-01,-1.5879790781474372e+00,1.5497339195154100e-01,-1.3118361953938326e-02,3.5602558702791158e-02,-1.7149437850987838e-03
2460944.20000000,-9.1953392935042000e-01,-1.5844184453239432e+00,1.5480186078780078e-01,-1.3113994622682774e-02,3.5610098266406952e-02,-1.7156797599834084e-03
2460944.30000000,-9.2084510948803611e-01,-1.5808570579138848e+00,1.5463025592225599e-01,-1.3109603699919778e-02,3.5617650760999674e-02,-1.7164178378147137e-03
2460944.40000000,-9.2215584935521866e-01,-1.5772949145923278e+00,1.5445857714281064e-01,-1.3105189073375021e-02,3.5625216159812609e-02,-1.7171580226503981e-03
2460944.50000000,-9.2346614656986092e-01,-1.5737320140868065e+00,1.5428682423936232e-01,-1.3100750630534593e-02,3.5632794435285449e-02,-1.7179003185064882e-03
2460944.60000000,-9.2477599874469352e-01,-1.5701683551110606e+00,1.5411499700060946e-01,-1.3096288258566534e-02,3.5640385559188310e-02,-1.7186447293704523e-03
2460944.70000000,-9.2608540348115043e-01,-1.5666039363816884e+00,1.5394309521485311e-01,-1.3091801844344535e-02,3.5647989502579767e-02,-1.7193912591971434e-03
2460944.80000000,-9.2739435836324302e-01,-1.5630387566348209e+00,1.5377111867080165e-01,-1.3087291274472381e-02,3.5655606235764657e-02,-1.7201399119046745e-03
2460944.90000000,-9.2870286098191213e-01,-1.5594728145597851e+00,1.5359906715437036e-01,-1.3082756435203301e-02,3.5663235728429193e-02,-1.7208906913877343e-03
2460945.00000000,-9.3001090889842652e-01,-1.5559061088987867e+00,1.5342694045348967e-01,-1.3078197212569529e-02,3.5670877949421385e-02,-1.7216436014960235e-03
2460945.10000000,-9.3131849966873859e-01,-1.5523386383805791e+00,1.5325473835490594e-01,-1.3073613492302018e-02,3.5678532866885986e-02,-1.7223986460475408e-03
2460945.20000000,-9.3262563083735983e-01,-1.5487704017371382e+00,1.5308246064498540e-01,-1.3069005159855129e-02,3.5686200448222197e-02,-1.7231558288244408e-03
2460945.30000000,-9.3393229993125026e-01,-1.5452013977203607e+00,1.5291010711052064e-01,-1.3064372100432030e-02,3.5693880660040998e-02,-1.7239151535688323e-03
2460945.40000000,-9.3523850448412715e-01,-1.5416316250356539e+00,1.5273767753552372e-01,-1.3059714198902179e-02,3.5701573468301301e-02,-1.7246766239962599e-03
2460945.50000000,-9.3654424199993036e-01,-1.5380610824417333e+00,1.5256517170604522e-01,-1.3055031339934730e-02,3.5709278838088471e-02,-1.7254402437738140e-03
2460945.60000000,-9.3784950997713790e-01,-1.5344897686842223e+00,1.5239258940696815e-01,-1.3050323407916396e-02,3.5716996733750332e-02,-1.7262060165335817e-03
2460945.70000000,-9.3915430590265347e-01,-1.5309176825123478e+00,1.5221993042281434e-01,-1.3045590286977125e-02,3.5724727118854473e-02,-1.7269739458684265e-03
2460945.80000000,-9.4045862724570795e-01,-1.5273448226956592e+00,1.5204719453855289e-01,-1.3040831861016525e-02,3.5732469956145117e-02,-1.7277440353277039e-03
2460945.90000000,-9.4176247148212788e-01,-1.5237711879575540e+00,1.5187438153638622e-01,-1.3036048013619437e-02,3.5740225207680339e-02,-1.7285162884309150e-03
2460946.00000000,-9.4306583605786820e-01,-1.5201967770751807e+00,1.5170149120058063e-01,-1.3031238628193295e-02,3.5747992834608770e-02,-1.7292907086454816e-03
2460946.10000000,-9.4436871841328540e-01,-1.5166215888129746e+00,1.5152852331425312e-01,-1.3026403587884107e-02,3.5755772797306580e-02,-1.7300672994003694e-03
2460946.20000000,-9.4567111597703846e-01,-1.5130456219393735e+00,1.5135547766018001e-01,-1.3021542775603145e-02,3.5763565055334415e-02,-1.7308460640817847e-03
2460946.30000000,-9.4697302616000478e-01,-1.5094688752435581e+00,1.5118235402160751e-01,-1.3016656074054448e-02,3.5771369567393907e-02,-1.7316270060288100e-03
2460946.40000000,-9.4827444637950509e-01,-1.5058913474689084e+00,1.5100915217903105e-01,-1.3011743365648452e-02,3.5779186291465884e-02,-1.7324101285472271e-03
2460946.50000000,-9.4957537402290559e-01,-1.5023130374130196e+00,1.5083587191503678e-01,-1.3006804532643404e-02,3.5787015184585255e-02,-1.7331954348869592e-03
2460946.60000000,-9.5087580647184911e-01,-1.4987339438611684e+00,1.5066251301108183e-01,-1.3001839457059421e-02,3.5794856202979106e-02,-1.7339829282558650e-03
2460946.70000000,-9.5217574109616998e-01,-1.4951540656030513e+00,1.5048907524830474e-01,-1.2996848020706258e-02,3.5802709302023200e-02,-1.7347726118153535e-03
2460946.80000000,-9.5347517524782333e-01,-1.4915734014495465e+00,1.5031555840833855e-01,-1.2991830105211898e-02,3.5810574436198069e-02,-1.7355644886759387e-03
2460946.90000000,-9.5477410628506643e-01,-1.4879919501660992e+00,1.5014196227008311e-01,-1.2986785591934231e-02,3.5818451559228449e-02,-1.7363585619112325e-03
2460947.00000000,-9.5607253153613314e-01,-1.4844097105728540e+00,1.4996828661455777e-01,-1.2981714362106602e-02,3.5826340623856201e-02,-1.7371548345350553e-03
2460947.10000000,-9.5737044832342100e-01,-1.4808266814780482e+00,1.4979453122167491e-01,-1.2976616296749954e-02,3.5834241581979551e-02,-1.7379533095153979e-03
2460947.20000000,-9.5866785395742060e-01,-1.4772428616947741e+00,1.4962069587105256e-01,-1.2971491276701674e-02,3.5842154384609186e-02,-1.7387539897699581e-03
2460947.30000000,-9.5996474573065915e-01,-1.4736582500577624e+00,1.4944678034282952e-01,-1.2966339182645328e-02,3.5850078981824102e-02,-1.7395568781616113e-03
2460947.40000000,-9.6126112094183724e-01,-1.4700728453566974e+00,1.4927278441443093e-01,-1.2961159895020353e-02,3.5858015322911954e-02,-1.7403619775125795e-03
2460947.50000000,-9.6255697685957775e-01,-1.4664866464364641e+00,1.4909870786543225e-01,-1.2955953294171854e-02,3.5865963356140333e-02,-1.7411692905812009e-03
2460947.60000000,-9.6385231074656708e-01,-1.4628996521304702e+00,1.4892455047432582e-01,-1.2950719260260767e-02,3.5873923028897046e-02,-1.7419788200760699e-03
2460947.70000000,-9.6514711985350110e-01,-1.4593118612774330e+00,1.4875031201933589e-01,-1.2945457673293876e-02,3.5881894287645905e-02,-1.7427905686514884e-03
2460947.80000000,-9.6644140141304236e-01,-1.4557232727381806e+00,1.4857599227923593e-01,-1.2940168413154679e-02,3.5889877077882222e-02,-1.7436045389028570e-03
2460947.90000000,-9.6773515266391197e-01,-1.4521338853289016e+00,1.4840159103010678e-01,-1.2934851359511080e-02,3.5897871344274204e-02,-1.7444207333810193e-03
2460948.00000000,-9.6902837081471405e-01,-1.4485436979215034e+00,1.4822710805021289e-01,-1.2929506391969546e-02,3.5905877030432638e-02,-1.7452391545686916e-03
2460948.10000000,-9.7032105306803251e-01,-1.4449527093768659e+00,1.4805254311676141e-01,-1.2924133389983267e-02,3.5913894079052093e-02,-1.7460598048947781e-03
2460948.20000000,-9.7161319661438994e-01,-1.4413609185616483e+00,1.4787789600671949e-01,-1.2918732232883336e-02,3.5921922431866558e-02,-1.7468826867297444e-03
2460948.30000000,-9.7290479862622381e-01,-1.4377683243651163e+00,1.4770316649763399e-01,-1.2913302799910858e-02,3.5929962029604558e-02,-1.7477078023809222e-03
2460948.40000000,-9.7419585628192917e-01,-1.4341749256323169e+00,1.4752835436438258e-01,-1.2907844970122526e-02,3.5938012812131645e-02,-1.7485351541070341e-03
2460948.50000000,-9.7548636672976219e-01,-1.4305807212645540e+00,1.4735345938406155e-01,-1.2902358622549315e-02,3.5946074718218451e-02,-1.7493647440942842e-03
2460948.60000000,-9.7677632711189111e-01,-1.4269857101525723e+00,1.4717848133273792e-01,-1.2896843636102547e-02,3.5954147685682988e-02,-1.7501965744708477e-03
2460948.70000000,-9.7806573455836998e-01,-1.4233898911933849e+00,1.4700341998626890e-01,-1.2891299889606333e-02,3.5962231651345988e-02,-1.7510306473021654e-03
2460948.80000000,-9.7935458618113147e-01,-1.4197932633071224e+00,1.4682827512112412e-01,-1.2885727261830886e-02,3.5970326550985761e-02,-1.7518669645861663e-03
2460948.90000000,-9.8064287909798253e-01,-1.4161958253701390e+00,1.4665304651112934e-01,-1.2880125631396039e-02,3.5978432319481807e-02,-1.7527055282679752e-03
2460949.00000000,-9.8193061039658769e-01,-1.4125975763156007e+00,1.4647773393236649e-01,-1.2874494876934484e-02,3.5986548890581234e-02,-1.7535463402156574e-03
2460949.10000000,-9.8321777715847192e-01,-1.4089985150666005e+00,1.4630233715991811e-01,-1.2868834876995795e-02,3.5994676197042240e-02,-1.7543894022348922e-03
2460949.20000000,-9.8450437645301292e-01,-1.4053986405530079e+00,1.4612685596868957e-01,-1.2863145510080094e-02,3.6002814170589099e-02,-1.7552347160641848e-03
2460949.30000000,-9.8579040533144890e-01,-1.4017979517283403e+00,1.4595129013423347e-01,-1.2857426654672667e-02,3.6010962741866950e-02,-1.7560822833700099e-03
2460949.40000000,-9.8707586085082666e-01,-1.3981964475027959e+00,1.4577563942948604e-01,-1.2851678189145333e-02,3.6019121840586338e-02,-1.7569321057617009e-03
2460949.50000000,-9.8836074003806673e-01,-1.3945941268439619e+00,1.4559990362967926e-01,-1.2845899991924392e-02,3.6027291395288236e-02,-1.7577841847668521e-03
2460949.60000000,-9.8964503991391950e-01,-1.3909909887098550e+00,1.4542408250907815e-01,-1.2840091941392517e-02,3.6035471333488597e-02,-1.7586385218461757e-03
2460949.70000000,-9.9092875748697207e-01,-1.3873870320657946e+00,1.4524817584180522e-01,-1.2834253915923712e-02,3.6043661581633149e-02,-1.7594951183886340e-03
2460949.80000000,-9.9221188974767593e-01,-1.3837822559012967e+00,1.4507218340266745e-01,-1.2828385793919247e-02,3.6051862065052044e-02,-1.7603539757065035e-03
2460949.90000000,-9.9349443369224366e-01,-1.3801766591630342e+00,1.4489610496388514e-01,-1.2822487453706864e-02,3.6060072708105344e-02,-1.7612150950504484e-03
2460950.00000000,-9.9477638628680043e-01,-1.3765702408556639e+00,1.4471994030001631e-01,-1.2816558773713505e-02,3.6068293433946859e-02,-1.7620784775845804e-03
2460950.10000000,-9.9605774449128948e-01,-1.3729629999747921e+00,1.4454368918468674e-01,-1.2810599632365062e-02,3.6076524164669603e-02,-1.7629441244015024e-03
2460950.20000000,-9.9733850525349765e-01,-1.3693549355238721e+00,1.4436735139141665e-01,-1.2804609908122657e-02,3.6084764821260530e-02,-1.7638120365173612e-03
2460950.30000000,-9.9861866550310074e-01,-1.3657460465311217e+00,1.4419092669445027e-01,-1.2798589479519925e-02,3.6093015323555036e-02,-1.7646822148668342e-03
2460950.40000000,-9.9989822217550961e-01,-1.3621363319824087e+00,1.4401441486547714e-01,-1.2792538225060006e-02,3.6101275590383550e-02,-1.7655546603183893e-03
2460950.50000000,-1.0011771721761094e+00,-1.3585257909221964e+00,1.4383781567856904e-01,-1.2786456023393185e-02,3.6109545539334029e-02,-1.7664293736490040e-03
2460950.60000000,-1.0024555124041130e+00,-1.3549144223864380e+00,1.4366112890690239e-01,-1.2780342753214442e-02,3.6117825086898536e-02,-1.7673063555593948e-03
2460950.70000000,-1.0037332397466074e+00,-1.3513022254194960e+00,1.4348435432358753e-01,-1.2774198293301092e-02,3.6126114148427882e-02,-1.7681856066689959e-03
2460950.80000000,-1.0050103510726165e+00,-1.3476891990910804e+00,1.4330749170250071e-01,-1.2768022522551438e-02,3.6134412638086040e-02,-1.7690671275108684e-03
2460950.90000000,-1.0062868432568954e+00,-1.3440753424290623e+00,1.4313054081499776e-01,-1.2761815319879528e-02,3.6142720468997788e-02,-1.7699509185471482e-03
2460951.00000000,-1.0075627131442593e+00,-1.3404606545205402e+00,1.4295350143486385e-01,-1.2755576564397788e-02,3.6151037553010044e-02,-1.7708369801434285e-03
2460951.10000000,-1.0088379575733861e+00,-1.3368451344446575e+00,1.4277637333502802e-01,-1.2749306135312340e-02,3.6159363800839561e-02,-1.7717253125841760e-03
2460951.20000000,-1.0101125733708813e+00,-1.3332287812895458e+00,1.4259915628839520e-01,-1.2743003911962031e-02,3.6167699122027448e-02,-1.7726159160676355e-03
2460951.30000000,-1.0113865573453604e+00,-1.3296115941692870e+00,1.4242185006868072e-01,-1.2736669773858487e-02,3.6176043424893625e-02,-1.7735087907006664e-03
2460951.40000000,-1.0126599063111905e+00,-1.3259935721566536e+00,1.4224445444711598e-01,-1.2730303600578594e-02,3.6184396616685557e-02,-1.7744039365143818e-03
2460951.50000000,-1.0139326170529115e+00,-1.3223747143842899e+00,1.4206696919741135e-01,-1.2723905271952215e-02,3.6192758603338468e-02,-1.7753013534381914e-03
2460951.60000000,-1.0152046863489854e+00,-1.3187550199774611e+00,1.4188939409246287e-01,-1.2717474667955246e-02,3.6201129289624136e-02,-1.7762010413154119e-03
2460951.70000000,-1.0164761109658822e+00,-1.3151344880710159e+00,1.4171172890518685e-01,-1.2711011668750053e-02,3.6209508579105418e-02,-1.7771029998980995e-03
2460951.80000000,-1.0177468876521814e+00,-1.3115131178263724e+00,1.4153397340935694e-01,-1.2704516154726949e-02,3.6217896374090786e-02,-1.7780072288418145e-03
2460951.90000000,-1.0190170131622589e+00,-1.3078909083641832e+00,1.4135612737630207e-01,-1.2697988006394368e-02,3.6226292575784115e-02,-1.7789137277214528e-03
2460952.00000000,-1.0202864842208064e+00,-1.3042678588656373e+00,1.4117819057988210e-01,-1.2691427104571756e-02,3.6234697084043907e-02,-1.7798224960049562e-03
2460952.10000000,-1.0215552975465232e+00,-1.3006439685051345e+00,1.4100016279318697e-01,-1.2684833330280308e-02,3.6243109797533174e-02,-1.7807335330691165e-03
2460952.20000000,-1.0228234498462239e+00,-1.2970192364672704e+00,1.4082204378937391e-01,-1.2678206564784853e-02,3.6251530613674157e-02,-1.7816468381943384e-03
2460952.30000000,-1.0240909378089609e+00,-1.2933936619638458e+00,1.4064383334250688e-01,-1.2671546689636794e-02,3.6259959428602863e-02,-1.7825624105593358e-03
2460952.40000000,-1.0253577581296573e+00,-1.2897672441664556e+00,1.4046553122424663e-01,-1.2664853586561860e-02,3.6268396137319893e-02,-1.7834802492571614e-03
2460952.50000000,-1.0266239074737207e+00,-1.2861399823079123e+00,1.4028713720883992e-01,-1.2658127137658345e-02,3.6276840633448930e-02,-1.7844003532685819e-03
2460952.60000000,-1.0278893825006834e+00,-1.2825118756148433e+00,1.4010865106981030e-01,-1.2651367225285443e-02,3.6285292809387679e-02,-1.7853227214780837e-03
2460952.70000000,-1.0291541798583292e+00,-1.2788829233247017e+00,1.3993007258079795e-01,-1.2644573732106595e-02,3.6293752556262736e-02,-1.7862473526685664e-03
2460952.80000000,-1.0304182961768389e+00,-1.2752531247027949e+00,1.3975140151640214e-01,-1.2637746541133896e-02,3.6302219763884258e-02,-1.7871742455159770e-03
2460952.90000000,-1.0316817280923658e+00,-1.2716224789748003e+00,1.3957263764886305e-01,-1.2630885535613463e-02,3.6310694320897910e-02,-1.7881033986055337e-03
2460953.00000000,-1.0329444722117496e+00,-1.2679909854283085e+00,1.3939378075306411e-01,-1.2623990599228987e-02,3.6319176114542662e-02,-1.7890348104047809e-03
2460953.10000000,-1.0342065251361010e+00,-1.2643586433453460e+00,1.3921483060321524e-01,-1.2617061615987697e-02,3.6327665030802800e-02,-1.7899684792797880e-03
2460953.20000000,-1.0354678834549500e+00,-1.2607254520194062e+00,1.3903578697369501e-01,-1.2610098470265157e-02,3.6336160954362991e-02,-1.7909044034897866e-03
2460953.30000000,-1.0367285437404141e+00,-1.2570914107725037e+00,1.3885664963989572e-01,-1.2603101046851186e-02,3.6344663768563240e-02,-1.7918425811817382e-03
2460953.40000000,-1.0379885025707163e+00,-1.2534565188876112e+00,1.3867741837489750e-01,-1.2596069230832726e-02,3.6353173355551945e-02,-1.7927830104067651e-03
2460953.50000000,-1.0392477564950013e+00,-1.2498207757103259e+00,1.3849809295448390e-01,-1.2589002907802873e-02,3.6361689596043030e-02,-1.7937256890928777e-03
2460953.60000000,-1.0405063020568643e+00,-1.2461841805813150e+00,1.3831867315381671e-01,-1.2581901963744349e-02,3.6370212369469135e-02,-1.7946706150613809e-03
2460953.70000000,-1.0417641357885190e+00,-1.2425467328533677e+00,1.3813915874828139e-01,-1.2574766285075808e-02,3.6378741553936986e-02,-1.7956177860214515e-03
2460953.80000000,-1.0430212542049917e+00,-1.2389084319084747e+00,1.3795954951433451e-01,-1.2567595758699228e-02,3.6387277026182586e-02,-1.7965671995646484e-03
2460953.90000000,-1.0442776538275786e+00,-1.2352692770901867e+00,1.3777984522616957e-01,-1.2560390271880289e-02,3.6395818661725449e-02,-1.7975188531815492e-03
2460954.00000000,-1.0455333311487696e+00,-1.2316292678054017e+00,1.3760004566074649e-01,-1.2553149712462904e-02,3.6404366334625252e-02,-1.7984727442341606e-03
2460954.10000000,-1.0467882826557158e+00,-1.2279884034567350e+00,1.3742015059445825e-01,-1.2545873968750176e-02,3.6412919917636177e-02,-1.7994288699725316e-03
2460954.20000000,-1.0480425048244240e+00,-1.2243466834595944e+00,1.3724015980397866e-01,-1.2538562929552200e-02,3.6421479282162592e-02,-1.8003872275292761e-03
2460954.30000000,-1.0492959941139726e+00,-1.2207041072592790e+00,1.3706007306711299e-01,-1.2531216484234975e-02,3.6430044298214719e-02,-1.8013478139140338e-03
2460954.40000000,-1.0505487469899086e+00,-1.2170606742632613e+00,1.3687989015945498e-01,-1.2523834522598160e-02,3.6438614834563877e-02,-1.8023106260303117e-03
2460954.50000000,-1.0518007598892811e+00,-1.2134163839430980e+00,1.3669961085943075e-01,-1.2516416935095243e-02,3.6447190758498907e-02,-1.8032756606475855e-03
2460954.60000000,-1.0530520292440486e+00,-1.2097712357667214e+00,1.3651923494495646e-01,-1.2508963612711900e-02,3.6455771935981644e-02,-1.8042429144181241e-03
2460954.70000000,-1.0543025514752953e+00,-1.2061252292155351e+00,1.3633876219428928e-01,-1.2501474447015274e-02,3.6464358231603024e-02,-1.8052123838714622e-03
2460954.80000000,-1.0555523229874755e+00,-1.2024783638015373e+00,1.3615819238688062e-01,-1.2493949330204434e-02,3.6472949508539236e-02,-1.8061840654088155e-03
2460954.90000000,-1.0568013401917471e+00,-1.1988306389995256e+00,1.3597752530002497e-01,-1.2486388154985461e-02,3.6481545628708020e-02,-1.8071579553201318e-03
2460955.00000000,-1.0580495994711170e+00,-1.1951820543491258e+00,1.3579676071391708e-01,-1.2478790814797275e-02,3.6490146452525053e-02,-1.8081340497558935e-03
2460955.10000000,-1.0592970972037843e+00,-1.1915326093870082e+00,1.3561589840830210e-01,-1.2471157203687341e-02,3.6498751839060525e-02,-1.8091123447441513e-03
2460955.20000000,-1.0605438297573868e+00,-1.1878823036640056e+00,1.3543493816332866e-01,-1.2463487216362474e-02,3.6507361645995745e-02,-1.8100928361849571e-03
2460955.30000000,-1.0617897934832661e+00,-1.1842311367622556e+00,1.3525387976040529e-01,-1.2455780748240764e-02,3.6515975729579861e-02,-1.8110755198447357e-03
2460955.40000000,-1.0630349847397400e+00,-1.1805791082273285e+00,1.3507272297884015e-01,-1.2448037695323979e-02,3.6524593944787326e-02,-1.8120603913735556e-03
2460955.50000000,-1.0642793998573625e+00,-1.1769262176703794e+00,1.3489146760091320e-01,-1.2440257954429082e-02,3.6533216145074210e-02,-1.8130474462766310e-03
2460955.60000000,-1.0655230351622051e+00,-1.1732724647002850e+00,1.3471011340851702e-01,-1.2432441423061246e-02,3.6541842182535998e-02,-1.8140366799315776e-03
2460955.70000000,-1.0667658869701258e+00,-1.1696178489407809e+00,1.3452866018401297e-01,-1.2424587999466115e-02,3.6550471907864826e-02,-1.8150280875828073e-03
2460955.80000000,-1.0680079515810639e+00,-1.1659623700476285e+00,1.3434710771109054e-01,-1.2416697582683251e-02,3.6559105170306798e-02,-1.8160216643358664e-03
2460955.90000000,-1.0692492253022472e+00,-1.1623060276406623e+00,1.3416545577139832e-01,-1.2408770072415726e-02,3.6567741817820548e-02,-1.8170174051749231e-03
2460956.00000000,-1.0704897044135666e+00,-1.1586488214060642e+00,1.3398370414963029e-01,-1.2400805369267439e-02,3.6576381696833880e-02,-1.8180153049339855e-03
2460956.10000000,-1.0717293851907956e+00,-1.1549907510284199e+00,1.3380185263015826e-01,-1.2392803374613280e-02,3.6585024652402556e-02,-1.8190153583143808e-03
2460956.20000000,-1.0729682638998865e+00,-1.1513318162078801e+00,1.3361990099789073e-01,-1.2384763990652921e-02,3.6593670528168330e-02,-1.8200175598791181e-03
2460956.30000000,-1.0742063367912906e+00,-1.1476720166773453e+00,1.3343784903913489e-01,-1.2376687120465702e-02,3.6602319166316968e-02,-1.8210219040471975e-03
2460956.40000000,-1.0754436001230991e+00,-1.1440113521344375e+00,1.3325569653821911e-01,-1.2368572667877381e-02,3.6610970407737940e-02,-1.8220283851113248e-03
2460956.50000000,-1.0766800501265403e+00,-1.1403498223438919e+00,1.3307344328259357e-01,-1.2360420537703238e-02,3.6619624091781461e-02,-1.8230369972088521e-03
2460956.60000000,-1.0779156830291321e+00,-1.1366874270695362e+00,1.3289108905945363e-01,-1.2352230635615380e-02,3.6628280056418397e-02,-1.8240477343394810e-03
2460956.70000000,-1.0791504950490043e+00,-1.1330241660914715e+00,1.3270863365660199e-01,-1.2344002868197958e-02,3.6636938138199113e-02,-1.8250605903596063e-03
2460956.80000000,-1.0803844823892474e+00,-1.1293600392232792e+00,1.3252607686331325e-01,-1.2335737143003542e-02,3.6645598172212315e-02,-1.8260755589766041e-03
2460956.90000000,-1.0816176412609868e+00,-1.1256950462439104e+00,1.3234341846694747e-01,-1.2327433368416888e-02,3.6654259992245843e-02,-1.8270926337667719e-03
2460957.00000000,-1.0828499678490029e+00,-1.1220291870002013e+00,1.3216065825806542e-01,-1.2319091453903891e-02,3.6662923430544288e-02,-1.8281118081460066e-03
2460957.10000000,-1.0840814583348146e+00,-1.1183624613387708e+00,1.3197779602704324e-01,-1.2310711309875936e-02,3.6671588317970079e-02,-1.8291330753877383e-03
2460957.20000000,-1.0853121088910329e+00,-1.1146948691232217e+00,1.3179483156493721e-01,-1.2302292847746520e-02,3.6680254483963191e-02,-1.8301564286172583e-03
2460957.30000000,-1.0865419156757359e+00,-1.1110264102513692e+00,1.3161176466435118e-01,-1.2293835979989053e-02,3.6688921756500896e-02,-1.8311818608059945e-03
2460957.40000000,-1.0877708748554753e+00,-1.1073570845870482e+00,1.3142859511604130e-01,-1.2285340619997594e-02,3.6697589962259684e-02,-1.8322093647896857e-03
2460957.50000000,-1.0889989825710200e+00,-1.1036868920627505e+00,1.3124532271404568e-01,-1.2276806682341646e-02,3.6706258926373636e-02,-1.8332389332388044e-03
2460957.60000000,-1.0902262349603753e+00,-1.1000158326114415e+00,1.3106194725229039e-01,-1.2268234082627474e-02,3.6714928472596692e-02,-1.8342705586767269e-03
2460957.70000000,-1.0914526281531602e+00,-1.0963439061837812e+00,1.3087846852545673e-01,-1.2259622737556075e-02,3.6723598423263261e-02,-1.8353042334740561e-03
2460957.80000000,-1.0926781582650169e+00,-1.0926711127653723e+00,1.3069488632985168e-01,-1.2250972564982391e-02,3.6732268599249086e-02,-1.8363399498428912e-03
2460957.90000000,-1.0939028214205417e+00,-1.0889974523084871e+00,1.3051120046000353e-01,-1.2242283483772907e-02,3.6740938820134156e-02,-1.8373776998552387e-03
2460958.00000000,-1.0951266137191613e+00,-1.0853229248348242e+00,1.3032741071380630e-01,-1.2233555414066302e-02,3.6749608903962151e-02,-1.8384174754131953e-03
2460958.10000000,-1.0963495312580798e+00,-1.0816475303672441e+00,1.3014351688911674e-01,-1.2224788277131601e-02,3.6758278667403735e-02,-1.8394592682673607e-03
2460958.20000000,-1.0975715701266870e+00,-1.0779712689470107e+00,1.2995951878462408e-01,-1.2215981995427515e-02,3.6766947925718343e-02,-1.8405030700111567e-03
2460958.30000000,-1.0987927264009947e+00,-1.0742941406510567e+00,1.2977541620072389e-01,-1.2207136492662965e-02,3.6775616492716080e-02,-1.8415488720751080e-03
2460958.40000000,-1.1000129961665004e+00,-1.0706161455236309e+00,1.2959120893610385e-01,-1.2198251693651435e-02,3.6784284180921799e-02,-1.8425966657454925e-03
2460958.50000000,-1.1012323754841908e+00,-1.0669372836791735e+00,1.2940689679290371e-01,-1.2189327524577513e-02,3.6792950801335600e-02,-1.8436464421342955e-03
2460958.60000000,-1.1024508604134200e+00,-1.0632575552339700e+00,1.2922247957330252e-01,-1.2180363912851764e-02,3.6801616163597381e-02,-1.8446981921978699e-03
2460958.70000000,-1.1036684470063467e+00,-1.0595769603234118e+00,1.2903795708039156e-01,-1.2171360787171362e-02,3.6810280075949671e-02,-1.8457519067312657e-03
2460958.80000000,-1.1048851313024013e+00,-1.0558954991192810e+00,1.2885332911905098e-01,-1.2162318077581870e-02,3.6818942345200813e-02,-1.8468075763625256e-03
2460958.90000000,-1.1061009093510747e+00,-1.0522131717613130e+00,1.2866859549252607e-01,-1.2153235715328283e-02,3.6827602776890032e-02,-1.8478651915715813e-03
2460959.00000000,-1.1073157771780597e+00,-1.0485299784601940e+00,1.2848375600760237e-01,-1.2144113633127387e-02,3.6836261175049442e-02,-1.8489247426599948e-03
2460959.10000000,-1.1085297308080519e+00,-1.0448459194291309e+00,1.2829881047118344e-01,-1.2134951765019282e-02,3.6844917342369526e-02,-1.8499862197698675e-03
2460959.20000000,-1.1097427662592207e+00,-1.0411609949011300e+00,1.2811375869116692e-01,-1.2125750046429224e-02,3.6853571080163364e-02,-1.8510496128781948e-03
2460959.30000000,-1.1109548795377042e+00,-1.0374752051463014e+00,1.2792860047732343e-01,-1.2116508414230608e-02,3.6862222188331052e-02,-1.8521149117911816e-03
2460959.40000000,-1.1121660666603270e+00,-1.0337885504033377e+00,1.2774333563786403e-01,-1.2107226806592573e-02,3.6870870465525847e-02,-1.8531821061633896e-03
2460959.50000000,-1.1133763236208762e+00,-1.0301010309826284e+00,1.2755796398462999e-01,-1.2097905163258165e-02,3.6879515708917690e-02,-1.8542511854672838e-03
2460959.60000000,-1.1145856464128279e+00,-1.0264126471977506e+00,1.2737248532966119e-01,-1.2088543425392380e-02,3.6888157714359847e-02,-1.8553221390123942e-03
2460959.70000000,-1.1157940310238488e+00,-1.0227233993827629e+00,1.2718689948607506e-01,-1.2079141535645144e-02,3.6896796276354463e-02,-1.8563949559397017e-03
2460959.80000000,-1.1170014734303249e+00,-1.0190332879095261e+00,1.2700120626894831e-01,-1.2069699438215434e-02,3.6905431188018333e-02,-1.8574696252159886e-03
2460959.90000000,-1.1182079696200007e+00,-1.0153423131191006e+00,1.2681540549187470e-01,-1.2060217078695316e-02,3.6914062241250094e-02,-1.8585461356532395e-03
2460960.00000000,-1.1194135155583944e+00,-1.0116504754249795e+00,1.2662949697216996e-01,-1.2050694404353874e-02,3.6922689226495511e-02,-1.8596244758780091e-03
2460960.10000000,-1.1206181072114503e+00,-1.0079577752444930e+00,1.2644348052743104e-01,-1.2041131363981661e-02,3.6931311932915253e-02,-1.8607046343508391e-03
2460960.20000000,-1.1218217405400712e+00,-1.0042642130161199e+00,1.2625735597641713e-01,-1.2031527907954719e-02,3.6939930148351723e-02,-1.8617865993606896e-03
2460960.30000000,-1.1230244114946786e+00,-1.0005697892168268e+00,1.2607112313993474e-01,-1.2021883988299764e-02,3.6948543659296472e-02,-1.8628703590193307e-03
2460960.40000000,-1.1242261160377727e+00,-9.9687450429337965e-01,1.2588478183738544e-01,-1.2012199558534525e-02,3.6957152251058230e-02,-1.8639559012810047e-03
2460960.50000000,-1.1254268501104925e+00,-9.9317835876569471e-01,1.2569833189198637e-01,-1.2002474573957381e-02,3.6965755707530315e-02,-1.8650432139116285e-03
2460960.60000000,-1.1266266096551896e+00,-9.8948135315815822e-01,1.2551177312731929e-01,-1.1992708991488096e-02,3.6974353811359321e-02,-1.8661322845084745e-03
2460960.70000000,-1.1278253906099911e+00,-9.8578348801695526e-01,1.2532510536821498e-01,-1.1982902769732800e-02,3.6982946343913498e-02,-1.8672231004946522e-03
2460960.80000000,-1.1290231889033935e+00,-9.8208476392742350e-01,1.2513832844164061e-01,-1.1973055869050113e-02,3.6991533085251771e-02,-1.8683156491135576e-03
2460960.90000000,-1.1302200004767422e+00,-9.7838518144528097e-01,1.2495144217323782e-01,-1.1963168251387692e-02,3.7000113814292634e-02,-1.8694099174487956e-03
2460961.00000000,-1.1314158212509389e+00,-9.7468474120009341e-01,1.2476444639255858e-01,-1.1953239880577480e-02,3.7008688308583802e-02,-1.8705058923932374e-03
2460961.10000000,-1.1326106471489310e+00,-9.7098344382650803e-01,1.2457734092960439e-01,-1.1943270722172602e-02,3.7017256344471831e-02,-1.8716035606689680e-03
2460961.20000000,-1.1338044740903115e+00,-9.6728128998159912e-01,1.2439012561571337e-01,-1.1933260743513216e-02,3.7025817697072201e-02,-1.8727029088218290e-03
2460961.30000000,-1.1349972979859442e+00,-9.6357828036223614e-01,1.2420280028445041e-01,-1.1923209913793444e-02,3.7034372140239781e-02,-1.8738039232159365e-03
2460961.40000000,-1.1361891147603613e+00,-9.5987441563622733e-01,1.2401536476813518e-01,-1.1913118203894015e-02,3.7042919446738792e-02,-1.8749065900538668e-03
2460961.50000000,-1.1373799203186188e+00,-9.5616969654590023e-01,1.2382781890309361e-01,-1.1902985586683040e-02,3.7051459388014726e-02,-1.8760108953455872e-03
2460961.60000000,-1.1385697105687032e+00,-9.5246412383925294e-01,1.2364016252618695e-01,-1.1892812036848929e-02,3.7059991734364986e-02,-1.8771168249286736e-03
2460961.70000000,-1.1397584814161650e+00,-9.4875769828731205e-01,1.2345239547570162e-01,-1.1882597530966986e-02,3.7068516254910540e-02,-1.8782243644629262e-03
2460961.80000000,-1.1409462287587795e+00,-9.4505042070151613e-01,1.2326451759224205e-01,-1.1872342047567069e-02,3.7077032717568167e-02,-1.8793334994249631e-03
2460961.90000000,-1.1421329485088558e+00,-9.4134229186477358e-01,1.2307652871524853e-01,-1.1862045566962156e-02,3.7085540889221245e-02,-1.8804442151286770e-03
2460962.00000000,-1.1433186365602466e+00,-9.3763331263515703e-01,1.2288842868826425e-01,-1.1851708071554563e-02,3.7094040535494172e-02,-1.8815564966940554e-03
2460962.10000000,-1.1445032888106705e+00,-9.3392348387696877e-01,1.2270021735545422e-01,-1.1841329545664752e-02,3.7102531420923963e-02,-1.8826703290676706e-03
2460962.20000000,-1.1456869011563784e+00,-9.3021280647811277e-01,1.2251189456249775e-01,-1.1830909975598528e-02,3.7111013308933578e-02,-1.8837856970173794e-03
2460962.30000000,-1.1468694694868466e+00,-9.2650128136749099e-01,1.2232346015748403e-01,-1.1820449349715319e-02,3.7119485961805955e-02,-1.8849025851270058e-03
2460962.40000000,-1.1480509897070021e+00,-9.2278890944597614e-01,1.2213491398741959e-01,-1.1809947658252523e-02,3.7127949140855522e-02,-1.8860209778170669e-03
2460962.50000000,-1.1492314577043841e+00,-9.1907569169021841e-01,1.2194625590351106e-01,-1.1799404893637056e-02,3.7136402606205467e-02,-1.8871408593135034e-03
2460962.60000000,-1.1504108693713821e+00,-9.1536162908362406e-01,1.2175748575767370e-01,-1.1788821050309891e-02,3.7144846116960034e-02,-1.8882622136684453e-03
2460962.70000000,-1.1515892205999334e+00,-9.1164672263374080e-01,1.2156860340342653e-01,-1.1778196124793767e-02,3.7153279431179721e-02,-1.8893850247550051e-03
2460962.80000000,-1.1527665072762530e+00,-9.0793097338966700e-01,1.2137960869679050e-01,-1.1767530115761916e-02,3.7161702305857046e-02,-1.8905092762620595e-03
2460962.90000000,-1.1539427253029682e+00,-9.0421438237293783e-01,1.2119050149278567e-01,-1.1756823023858070e-02,3.7170114497088791e-02,-1.8916349517152464e-03
2460963.00000000,-1.1551178705664378e+00,-9.0049695068144342e-01,1.2100128165072942e-01,-1.1746074852013209e-02,3.7178515759856222e-02,-1.8927620344456279e-03
2460963.10000000,-1.1562919389589017e+00,-8.9677867942032030e-01,1.2081194903073464e-01,-1.1735285605265698e-02,3.7186905848198094e-02,-1.8938905076107270e-03
2460963.20000000,-1.1574649263732124e+00,-8.9305956971934930e-01,1.2062250349460749e-01,-1.1724455290829335e-02,3.7195284515187631e-02,-1.8950203541894311e-03
2460963.30000000,-1.1586368286975979e+00,-8.8933962275037615e-01,1.2043294490674804e-01,-1.1713583918162422e-02,3.7203651512910184e-02,-1.8961515569768798e-03
2460963.40000000,-1.1598076418377063e+00,-8.8561883965811172e-01,1.2024327313063686e-01,-1.1702671498783287e-02,3.7212006592636057e-02,-1.8972840986057342e-03
2460963.50000000,-1.1609773616840864e+00,-8.8189722166415829e-01,1.2005348803414911e-01,-1.1691718046592064e-02,3.7220349504603893e-02,-1.8984179615147898e-03
2460963.60000000,-1.1621459841342423e+00,-8.7817476999781530e-01,1.1986358948604198e-01,-1.1680723577686299e-02,3.7228679998194222e-02,-1.8995531279702917e-03
2460963.70000000,-1.1633135050874024e+00,-8.7445148591348842e-01,1.1967357735685487e-01,-1.1669688110429205e-02,3.7236997821908341e-02,-1.9006895800609490e-03
2460963.80000000,-1.1644799204393146e+00,-8.7072737070811979e-01,1.1948345151981286e-01,-1.1658611665518910e-02,3.7245302723347876e-02,-1.9018272996929452e-03
2460963.90000000,-1.1656452261042005e+00,-8.6700242565190222e-01,1.1929321184730239e-01,-1.1647494265799349e-02,3.7253594449387979e-02,-1.9029662686114782e-03
2460964.00000000,-1.1668094179823938e+00,-8.6327665209241444e-01,1.1910285821620102e-01,-1.1636335936586948e-02,3.7261872745964195e-02,-1.9041064683693423e-03
2460964.10000000,-1.1679724919823049e+00,-8.5955005138533747e-01,1.1891239050435425e-01,-1.1625136705481522e-02,3.7270137358246302e-02,-1.9052478803485199e-03
2460964.20000000,-1.1691344440152229e+00,-8.5582262491187533e-01,1.1872180859147820e-01,-1.1613896602434613e-02,3.7278388030619218e-02,-1.9063904857553205e-03
2460964.30000000,-1.1702952699901472e+00,-8.5209437409619448e-01,1.1853111236006532e-01,-1.1602615659818745e-02,3.7286624506664451e-02,-1.9075342656155187e-03
2460964.40000000,-1.1714549658356415e+00,-8.4836530033605195e-01,1.1834030169184949e-01,-1.1591293912233555e-02,3.7294846529333611e-02,-1.9086792007961652e-03
2460964.50000000,-1.1726135274676401e+00,-8.4463540510703483e-01,1.1814937647315134e-01,-1.1579931396837195e-02,3.7303053840738697e-02,-1.9098252719741584e-03
2460964.60000000,-1.1737709508113192e+00,-8.4090468989319156e-01,1.1795833659134429e-01,-1.1568528153152426e-02,3.7311246182326438e-02,-1.9109724596581112e-03
2460964.70000000,-1.1749272317959267e+00,-8.3717315620445998e-01,1.1776718193575948e-01,-1.1557084223134820e-02,3.7319423294860918e-02,-1.9121207441836212e-03
2460964.80000000,-1.1760823663496531e+00,-8.3344080559411682e-01,1.1757591239859413e-01,-1.1545599651241916e-02,3.7327584918407049e-02,-1.9132701057085482e-03
2460964.90000000,-1.1772363504213856e+00,-8.2970763958931881e-01,1.1738452787136543e-01,-1.1534074484234418e-02,3.7335730792504254e-02,-1.9144205242350915e-03
2460965.00000000,-1.1783891799486830e+00,-8.2597365979544524e-01,1.1719302825027167e-01,-1.1522508771512154e-02,3.7343860655960452e-02,-1.9155719795783731e-03
2460965.10000000,-1.1795408508795449e+00,-8.2223886782664324e-01,1.1700141343264724e-01,-1.1510902564915205e-02,3.7351974247026451e-02,-1.9167244513885724e-03
2460965.20000000,-1.1806913591672805e+00,-8.1850326532326301e-01,1.1680968331787002e-01,-1.1499255918791857e-02,3.7360071303380607e-02,-1.9178779191463403e-03
2460965.30000000,-1.1818407007654101e+00,-8.1476685396931547e-01,1.1661783780827191e-01,-1.1487568890067433e-02,3.7368151562114142e-02,-1.9190323621582222e-03
2460965.40000000,-1.1829888716493213e+00,-8.1102963542292683e-01,1.1642587680558163e-01,-1.1475841538040482e-02,3.7376214759904880e-02,-1.9201877595789976e-03
2460965.50000000,-1.1841358677844112e+00,-8.0729161142078332e-01,1.1623380021630166e-01,-1.1464073924723100e-02,3.7384260632814963e-02,-1.9213440903802937e-03
2460965.60000000,-1.1852816851477546e+00,-8.0355278370858796e-01,1.1604160794815205e-01,-1.1452266114636912e-02,3.7392288916465344e-02,-1.9225013333729855e-03
2460965.70000000,-1.1864263197230083e+00,-7.9981315405850473e-01,1.1584929991097996e-01,-1.1440418174880642e-02,3.7400299346022271e-02,-1.9236594672027625e-03
2460965.80000000,-1.1875697674953463e+00,-7.9607272428662235e-01,1.1565687601767259e-01,-1.1428530175198473e-02,3.7408291656184568e-02,-1.9248184703456986e-03
2460965.90000000,-1.1887120244730129e+00,-7.9233149618332155e-01,1.1546433618058870e-01,-1.1416602187771090e-02,3.7416265581357085e-02,-1.9259783211308548e-03
2460966.00000000,-1.1898530866556341e+00,-7.8858947161782011e-01,1.1527168031695129e-01,-1.1404634287560115e-02,3.7424220855452467e-02,-1.9271389977089390e-03
2460966.10000000,-1.1909929500557868e+00,-7.8484665246854335e-01,1.1507890834527990e-01,-1.1392626552098915e-02,3.7432157212065442e-02,-1.9283004780749678e-03
2460966.20000000,-1.1921316106939324e+00,-7.8110304064057334e-01,1.1488602018630267e-01,-1.1380579061559527e-02,3.7440074384461106e-02,-1.9294627400639869e-03
2460966.30000000,-1.1932690645933879e+00,-7.7735863808311978e-01,1.1469301576387120e-01,-1.1368491898820460e-02,3.7447972105564102e-02,-1.9306257613468029e-03
2460966.40000000,-1.1944053078017733e+00,-7.7361344671979948e-01,1.1449989500138083e-01,-1.1356365149252397e-02,3.7455850108131732e-02,-1.9317895194528346e-03
2460966.50000000,-1.1955403363594970e+00,-7.6986746855328048e-01,1.1430665782717886e-01,-1.1344198901066615e-02,3.7463708124559771e-02,-1.9329539917388404e-03
2460966.60000000,-1.1966741463212167e+00,-7.6612070559556456e-01,1.1411330417098564e-01,-1.1331993245100419e-02,3.7471545887056347e-02,-1.9341191554118346e-03
2460966.70000000,-1.1978067337508080e+00,-7.6237315988544263e-01,1.1391983396480855e-01,-1.1319748274883365e-02,3.7479363127632011e-02,-1.9352849875249678e-03
2460966.80000000,-1.1989380947163693e+00,-7.5862483350596999e-01,1.1372624714385900e-01,-1.1307464086704223e-02,3.7487159578090776e-02,-1.9364514649734209e-03
2460966.90000000,-1.2000682253115600e+00,-7.5487572851465978e-01,1.1353254364296124e-01,-1.1295140779391312e-02,3.7494934970202669e-02,-1.9376185645175027e-03
2460967.00000000,-1.2011971216242610e+00,-7.5112584704822338e-01,1.1333872340197626e-01,-1.1282778454664662e-02,3.7502689035513639e-02,-1.9387862627514591e-03
2460967.10000000,-1.2023247797579282e+00,-7.4737519125276497e-01,1.1314478636221123e-01,-1.1270377216915983e-02,3.7510421505518851e-02,-1.9399545361266347e-03
2460967.20000000,-1.2034511958265928e+00,-7.4362376330124347e-01,1.1295073246733561e-01,-1.1257937173273978e-02,3.7518132111654563e-02,-1.9411233609475179e-03
2460967.30000000,-1.2045763659499000e+00,-7.3987156541094978e-01,1.1275656166430012e-01,-1.1245458433670367e-02,3.7525820585290824e-02,-1.9422927133678038e-03
2460967.40000000,-1.2057002862743340e+00,-7.3611859977361505e-01,1.1256227389973396e-01,-1.1232941110614738e-02,3.7533486657903244e-02,-1.9434625694137219e-03
2460967.50000000,-1.2068229529420598e+00,-7.3236486866024453e-01,1.1236786912538417e-01,-1.1220385319550210e-02,3.7541130060887197e-02,-1.9446329049529478e-03
2460967.60000000,-1.2079443621121608e+00,-7.2861037435122777e-01,1.1217334729451364e-01,-1.1207791178627871e-02,3.7548750525730208e-02,-1.9458036957180009e-03
2460967.70000000,-1.2090645099556747e+00,-7.2485511915380074e-01,1.1197870836281894e-01,-1.1195158808771005e-02,3.7556347784005524e-02,-1.9469749173024523e-03
2460967.80000000,-1.2101833926506620e+00,-7.2109910541952926e-01,1.1178395228935134e-01,-1.1182488333740062e-02,3.7563921567366459e-02,-1.9481465451571609e-03
2460967.90000000,-1.2113010064033209e+00,-7.1734233547433024e-01,1.1158907903290231e-01,-1.1169779879901864e-02,3.7571471607717170e-02,-1.9493185546138212e-03
2460968.00000000,-1.2124173474170037e+00,-7.1358481172339805e-01,1.1139408855745841e-01,-1.1157033576588643e-02,3.7578997637031084e-02,-1.9504909208539929e-03
2460968.10000000,-1.2135324119133422e+00,-7.0982653658122752e-01,1.1119898082858741e-01,-1.1144249555866783e-02,3.7586499387522232e-02,-1.9516636189327173e-03
2460968.20000000,-1.2146461961273163e+00,-7.0606751248908062e-01,1.1100375581435813e-01,-1.1131427952599889e-02,3.7593976591640384e-02,-1.9528366237748973e-03
2460968.30000000,-1.2157586963023532e+00,-7.0230774193247070e-01,1.1080841348626329e-01,-1.1118568904512469e-02,3.7601428982066989e-02,-1.9540099101717002e-03
2460968.40000000,-1.2168699087113262e+00,-6.9854722737109987e-01,1.1061295381559297e-01,-1.1105672551953523e-02,3.7608856291884617e-02,-1.9551834528043167e-03
2460968.50000000,-1.2179798296257509e+00,-6.9478597134387454e-01,1.1041737677890523e-01,-1.1092739038258652e-02,3.7616258254399695e-02,-1.9563572262131187e-03
2460968.60000000,-1.2190884553367944e+00,-6.9102397639884272e-01,1.1022168235440026e-01,-1.1079768509513097e-02,3.7623634603312597e-02,-1.9575312048214851e-03
2460968.70000000,-1.2201957821503724e+00,-6.8726124511066389e-01,1.1002587052284198e-01,-1.1066761114613473e-02,3.7630985072714118e-02,-1.9587053629323481e-03
2460968.80000000,-1.2213018063822847e+00,-6.8349778009809403e-01,1.0982994126848247e-01,-1.1053717005330064e-02,3.7638309397082924e-02,-1.9598796747247681e-03
2460968.90000000,-1.2224065243790907e+00,-6.7973358395383854e-01,1.0963389457542407e-01,-1.1040636336064698e-02,3.7645607311453375e-02,-1.9610541142778839e-03
2460969.00000000,-1.2235099324874876e+00,-6.7596865934965589e-01,1.0943773043310460e-01,-1.1027519264215732e-02,3.7652878551242698e-02,-1.9622286555402131e-03
2460969.10000000,-1.2246120270752010e+00,-6.7220300896620966e-01,1.0924144883266020e-01,-1.1014365949935363e-02,3.7660122852419403e-02,-1.9634032723536711e-03
2460969.20000000,-1.2257128045261123e+00,-6.6843663551054067e-01,1.0904504976784821e-01,-1.1001176556189865e-02,3.7667339951501122e-02,-1.9645779384502822e-03
2460969.30000000,-1.2268122612354244e+00,-6.6466954173355164e-01,1.0884853323597356e-01,-1.0987951248820366e-02,3.7674529585553271e-02,-1.9657526274489243e-03
2460969.40000000,-1.2279103936304141e+00,-6.6090173035977806e-01,1.0865189923423849e-01,-1.0974690196295010e-02,3.7681691492355188e-02,-1.9669273128794470e-03
2460969.50000000,-1.2290071981399955e+00,-6.5713320419257626e-01,1.0845514776524361e-01,-1.0961393570076609e-02,3.7688825410231538e-02,-1.9681019681521391e-03
2460969.60000000,-1.2301026712154868e+00,-6.5336396604389324e-01,1.0825827883333805e-01,-1.0948061544374133e-02,3.7695931078218878e-02,-1.9692765665819127e-03
2460969.70000000,-1.2311968093257664e+00,-6.4959401875173639e-01,1.0806129244554451e-01,-1.0934694296201395e-02,3.7703008236064636e-02,-1.9704510813851783e-03
2460969.80000000,-1.2322896089524682e+00,-6.4582336519766148e-01,1.0786418861248692e-01,-1.0921292005436206e-02,3.7710056624227051e-02,-1.9716254856767521e-03
2460969.90000000,-1.2333810666106126e+00,-6.4205200823646036e-01,1.0766696734472818e-01,-1.0907854854566768e-02,3.7717075984038992e-02,-1.9727997524941359e-03
2460970.00000000,-1.2344711788183507e+00,-6.3827995080143118e-01,1.0746962865828627e-01,-1.0894383029061792e-02,3.7724066057543873e-02,-1.9739738547671403e-03
2460970.10000000,-1.2355599421176047e+00,-6.3450719583406590e-01,1.0727217257097257e-01,-1.0880876717116211e-02,3.7731026587659970e-02,-1.9751477653422327e-03
2460970.20000000,-1.2366473530692565e+00,-6.3073374630152135e-01,1.0707459910331818e-01,-1.0867336109708157e-02,3.7737957318180394e-02,-1.9763214569795610e-03
2460970.30000000,-1.2377334082483702e+00,-6.2695960521410599e-01,1.0687690827950318e-01,-1.0853761400656423e-02,3.7744857993774014e-02,-1.9774949023500235e-03
2460970.40000000,-1.2388181042646929e+00,-6.2318477555488583e-01,1.0667910012368216e-01,-1.0840152786361081e-02,3.7751728360146931e-02,-1.9786680740596823e-03
2460970.50000000,-1.2399014377325879e+00,-6.1940926038503696e-01,1.0648117466551561e-01,-1.0826510466175899e-02,3.7758568163882657e-02,-1.9798409446195615e-03
2460970.60000000,-1.2409834052915454e+00,-6.1563306277345053e-01,1.0628313193649579e-01,-1.0812834642148250e-02,3.7765377152603898e-02,-1.9810134864701248e-03
2460970.70000000,-1.2420640036013975e+00,-6.1185618581420365e-01,1.0608497197087473e-01,-1.0799125519074349e-02,3.7772155074973439e-02,-1.9821856719784551e-03
2460970.80000000,-1.2431432293375717e+00,-6.0807863264404605e-01,1.0588669480659484e-01,-1.0785383304554889e-02,3.7778901680695885e-02,-1.9833574734354682e-03
2460970.90000000,-1.2442210792114585e+00,-6.0430040637192539e-01,1.0568830048160209e-01,-1.0771608208729971e-02,3.7785616720676332e-02,-1.9845288630804367e-03
2460971.00000000,-1.2452975499405321e+00,-6.0052151018441857e-01,1.0548978903939263e-01,-1.0757800444653586e-02,3.7792299946864887e-02,-1.9856998130709795e-03
2460971.10000000,-1.2463726382687297e+00,-5.9674194727525742e-01,1.0529116052532633e-01,-1.0743960228027807e-02,3.7798951112415637e-02,-1.9868702955076404e-03
2460971.20000000,-1.2474463409616940e+00,-5.9296172086279786e-01,1.0509241498755607e-01,-1.0730087777256172e-02,3.7805569971688179e-02,-1.9880402824312064e-03
2460971.30000000,-1.2485186548020524e+00,-5.8918083420750567e-01,1.0489355247795980e-01,-1.0716183313497473e-02,3.7812156280249996e-02,-1.9892097458200728e-03
2460971.40000000,-1.2495895766096523e+00,-5.8539929054140416e-01,1.0469457304844144e-01,-1.0702247060395034e-02,3.7818709795032074e-02,-1.9903786576148451e-03
2460971.50000000,-1.2506591032118695e+00,-5.8161709317358135e-01,1.0449547675649240e-01,-1.0688279244453100e-02,3.7825230274177689e-02,-1.9915469896885194e-03
2460971.60000000,-1.2517272314638526e+00,-5.7783424541963679e-01,1.0429626366149286e-01,-1.0674280094765355e-02,3.7831717477198192e-02,-1.9927147138711445e-03
2460971.70000000,-1.2527939582437917e+00,-5.7405075061915056e-01,1.0409693382564235e-01,-1.0660249843066450e-02,3.7838171164975030e-02,-1.9938818019472706e-03
2460971.80000000,-1.2538592804482243e+00,-5.7026661215316721e-01,1.0389748731489311e-01,-1.0646188723783864e-02,3.7844591099762639e-02,-1.9950482256534440e-03
2460971.90000000,-1.2549231950121340e+00,-5.6648183337356661e-01,1.0369792419523866e-01,-1.0632096973761627e-02,3.7850977045340510e-02,-1.9962139567028712e-03
2460972.00000000,-1.2559856988794464e+00,-5.6269641770864542e-01,1.0349824453829012e-01,-1.0617974832638459e-02,3.7857328766866344e-02,-1.9973789667557902e-03
2460972.10000000,-1.2570467890231376e+00,-5.5891036859248722e-01,1.0329844841756528e-01,-1.0603822542570722e-02,3.7863646031028271e-02,-1.9985432274441887e-03
2460972.20000000,-1.2581064624405280e+00,-5.5512368948243018e-01,1.0309853590942028e-01,-1.0589640348282041e-02,3.7869928606047154e-02,-1.9997067103693753e-03
2460972.30000000,-1.2591647161486133e+00,-5.5133638387654993e-01,1.0289850709398424e-01,-1.0575428497113222e-02,3.7876176261679786e-02,-2.0008693870995861e-03
2460972.40000000,-1.2602215472040241e+00,-5.4754845524295492e-01,1.0269836205143559e-01,-1.0561187238740570e-02,3.7882388769367163e-02,-2.0020312291946832e-03
2460972.50000000,-1.2612769526737111e+00,-5.4375990712544031e-01,1.0249810086759305e-01,-1.0546916825555587e-02,3.7888565902091866e-02,-2.0031922081767285e-03
2460972.60000000,-1.2623309296549123e+00,-5.3997074307278237e-01,1.0229772363019228e-01,-1.0532617512382506e-02,3.7894707434526373e-02,-2.0043522955547205e-03
2460972.70000000,-1.2633834752704749e+00,-5.3618096665620663e-01,1.0209723042981893e-01,-1.0518289556526001e-02,3.7900813143035499e-02,-2.0055114628222742e-03
2460972.80000000,-1.2644345866642059e+00,-5.3239058148686758e-01,1.0189662136084432e-01,-1.0503933217819171e-02,3.7906882805679699e-02,-2.0066696814553349e-03
2460972.90000000,-1.2654842610206940e+00,-5.2859959114507060e-01,1.0169589651768936e-01,-1.0489548758336562e-02,3.7912916202359169e-02,-2.0078269229368735e-03
2460973.00000000,-1.2665324955361805e+00,-5.2480799928599764e-01,1.0149505600043031e-01,-1.0475136442775328e-02,3.7918913114675434e-02,-2.0089831587276658e-03
2460973.10000000,-1.2675792874383898e+00,-5.2101580956892790e-01,1.0129409991106307e-01,-1.0460696538167495e-02,3.7924873326075401e-02,-2.0101383602910217e-03
2460973.20000000,-1.2686246339818679e+00,-5.1722302567470402e-01,1.0109302835443716e-01,-1.0446229313925770e-02,3.7930796621853738e-02,-2.0112924990905523e-03
2460973.30000000,-1.2696685324433634e+00,-5.1342965132321072e-01,1.0089184143919282e-01,-1.0431735041889614e-02,3.7936682789156073e-02,-2.0124455465879844e-03
2460973.40000000,-1.2707109801414971e+00,-5.0963569020252686e-01,1.0069053927401241e-01,-1.0417213996033160e-02,3.7942531617118649e-02,-2.0135974742678175e-03
2460973.50000000,-1.2717519744078321e+00,-5.0584114607471709e-01,1.0048912197324068e-01,-1.0402666452847714e-02,3.7948342896733919e-02,-2.0147482536083078e-03
2460973.60000000,-1.2727915126065517e+00,-5.0204602270498344e-01,1.0028758965313692e-01,-1.0388092691048907e-02,3.7954116420990204e-02,-2.0158978561061595e-03
2460973.70000000,-1.2738295921298253e+00,-4.9825032387912949e-01,1.0008594243280987e-01,-1.0373492991620676e-02,3.7959851984873678e-02,-2.0170462532743691e-03
2460973.80000000,-1.2748662103932080e+00,-4.9445405342103782e-01,9.9884180435155845e-02,-1.0358867637859466e-02,3.7965549385371236e-02,-2.0181934166401154e-03
2460973.90000000,-1.2759013648551691e+00,-4.9065721512175281e-01,9.9682303783097947e-02,-1.0344216915077240e-02,3.7971208421605479e-02,-2.0193393177693514e-03
2460974.00000000,-1.2769350529883461e+00,-4.8685981284533975e-01,9.9480312605220764e-02,-1.0329541110985217e-02,3.7976828894704301e-02,-2.0204839282379943e-03
2460974.10000000,-1.2779672722990811e+00,-4.8306185045796657e-01,9.9278207032010110e-02,-1.0314840515396148e-02,3.7982410607935585e-02,-2.0216272196565406e-03
2460974.20000000,-1.2789980203228042e+00,-4.7926333184536773e-01,9.9075987196789145e-02,-1.0300115420266508e-02,3.7987953366708856e-02,-2.0227691636679796e-03
2460974.30000000,-1.2800272946194573e+00,-4.7546426093032013e-01,9.8873653236657394e-02,-1.0285366119738902e-02,3.7993456978577533e-02,-2.0239097319457314e-03
2460974.40000000,-1.2810550927928714e+00,-4.7166464160166011e-01,9.8671205288717770e-02,-1.0270592909840422e-02,3.7998921253368907e-02,-2.0250488962181498e-03
2460974.50000000,-1.2820814124622135e+00,-4.6786447782020596e-01,9.8468643495725663e-02,-1.0255796088867494e-02,3.8004346003057549e-02,-2.0261866282399099e-03
2460974.60000000,-1.2831062512813727e+00,-4.6406377354777451e-01,9.8265968002316212e-02,-1.0240975957083561e-02,3.8009731041895020e-02,-2.0273228998165262e-03
2460974.70000000,-1.2841296069343648e+00,-4.6026253276464368e-01,9.8063178955941674e-02,-1.0226132816759562e-02,3.8015076186410715e-02,-2.0284576828022978e-03
2460974.80000000,-1.2851514771307770e+00,-4.5646075948702786e-01,9.7860276507811331e-02,-1.0211266972214614e-02,3.8020381255413502e-02,-2.0295909490982986e-03
2460974.90000000,-1.2861718596249909e+00,-4.5265845769603041e-01,9.7657260809106375e-02,-1.0196378729510007e-02,3.8025646070116235e-02,-2.0307226706767403e-03
2460975.00000000,-1.2871907521878250e+00,-4.4885563144363000e-01,9.7454132016643186e-02,-1.0181468396835081e-02,3.8030870454013155e-02,-2.0318528195525688e-03
2460975.10000000,-1.2882081526257683e+00,-4.4505228478163222e-01,9.7250890289088399e-02,-1.0166536284200570e-02,3.8036054233004046e-02,-2.0329813678078399e-03
2460975.20000000,-1.2892240587764023e+00,-4.4124842177913270e-01,9.7047535787897335e-02,-1.0151582703477491e-02,3.8041197235394245e-02,-2.0341082875896884e-03
2460975.30000000,-1.2902384685038675e+00,-4.3744404653999180e-01,9.6844068678254833e-02,-1.0136607968436226e-02,3.8046299291895389e-02,-2.0352335511083465e-03
2460975.40000000,-1.2912513797179332e+00,-4.3363916313172635e-01,9.6640489125278034e-02,-1.0121612394436399e-02,3.8051360235744396e-02,-2.0363571306613350e-03
2460975.50000000,-1.2922627903458310e+00,-4.2983377569155568e-01,9.6436797299693747e-02,-1.0106596298813780e-02,3.8056379902584515e-02,-2.0374789986052667e-03
2460975.60000000,-1.2932726983513356e+00,-4.2602788835529320e-01,9.6232993374041592e-02,-1.0091560000569573e-02,3.8061358130583790e-02,-2.0385991273800430e-03
2460975.70000000,-1.2942811017302052e+00,-4.2222150527480973e-01,9.6029077523613102e-02,-1.0076503820407831e-02,3.8066294760434084e-02,-2.0397174895068326e-03
2460975.80000000,-1.2952879985056673e+00,-4.1841463063550788e-01,9.5825049927393879e-02,-1.0061428080773073e-02,3.8071189635350791e-02,-2.0408340575860939e-03
2460975.90000000,-1.2962933867473327e+00,-4.1460726858515590e-01,9.5620910764254080e-02,-1.0046333105536383e-02,3.8076042601185883e-02,-2.0419488043215690e-03
2460976.00000000,-1.2972972645432241e+00,-4.1079942333999198e-01,9.5416660218639940e-02,-1.0031219220383251e-02,3.8080853506312642e-02,-2.0430617024922819e-03
2460976.10000000,-1.2982996300186944e+00,-4.0699109911355863e-01,9.5212298476764864e-02,-1.0016086752499166e-02,3.8085622201738251e-02,-2.0441727249765297e-03
2460976.20000000,-1.2993004813318956e+00,-4.0318230013416601e-01,9.5007825727549539e-02,-1.0000936030605699e-02,3.8090348541101528e-02,-2.0452818447498481e-03
2460976.30000000,-1.3002998166692750e+00,-3.9937303066236768e-01,9.4803242163565032e-02,-9.9857673849967944e-03,3.8095032380671544e-02,-2.0463890348830231e-03
2460976.40000000,-1.3012976342643332e+00,-3.9556329491973841e-01,9.4598547977211414e-02,-9.9705811472214270e-03,3.8099673579454436e-02,-2.0474942685658479e-03
2460976.50000000,-1.3022939323698477e+00,-3.9175309719503626e-01,9.4393743366423255e-02,-9.9553776504723978e-03,3.8104271999081861e-02,-2.0485975190793200e-03
2460976.60000000,-1.3032887092766359e+00,-3.8794244177298132e-01,9.4188828530848617e-02,-9.9401572292685016e-03,3.8108827503917329e-02,-2.0496987598193875e-03
2460976.70000000,-1.3042819633090350e+00,-3.8413133295172114e-01,9.3983803672790342e-02,-9.9249202194894946e-03,3.8113339961052678e-02,-2.0507979642948883e-03
2460976.80000000,-1.3052736928204218e+00,-3.8031977506030684e-01,9.3778668998150141e-02,-9.9096669584112177e-03,3.8117809240305320e-02,-2.0518951061255304e-03
2460976.90000000,-1.3062638962118103e+00,-3.7650777238742000e-01,9.3573424712595318e-02,-9.8943977843851828e-03,3.8122235214318692e-02,-2.0529901590653791e-03
2460977.00000000,-1.3072525719042674e+00,-3.7269532928758847e-01,9.3368071027278218e-02,-9.8791130372282484e-03,3.8126617758454336e-02,-2.0540830969752468e-03
2460977.10000000,-1.3082397183575185e+00,-3.6888245010991472e-01,9.3162608155003310e-02,-9.8638130579018161e-03,3.8130956750891870e-02,-2.0551738938461707e-03
2460977.20000000,-1.3092253340654438e+00,-3.6506913921554240e-01,9.2957036311169625e-02,-9.8484981885458046e-03,3.8135252072623915e-02,-2.0562625237972982e-03
2460977.30000000,-1.3102094175516164e+00,-3.6125540099513492e-01,9.2751355714715780e-02,-9.8331687725127896e-03,3.8139503607451948e-02,-2.0573489610738200e-03
2460977.40000000,-1.3111919673877364e+00,-3.5744123979755316e-01,9.2545566584275096e-02,-9.8178251540449041e-03,3.8143711242080214e-02,-2.0584331800701573e-03
2460977.50000000,-1.3121729821662447e+00,-3.5362666003612492e-01,9.2339669143908717e-02,-9.8024676786644029e-03,3.8147874866011379e-02,-2.0595151553025469e-03
2460977.60000000,-1.3131524605187663e+00,-3.4981166611732434e-01,9.2133663619261147e-02,-9.7870966928502497e-03,3.8151994371639825e-02,-2.0605948614322066e-03
2460977.70000000,-1.3141304011116233e+00,-3.4599626245824183e-01,9.1927550238503658e-02,-9.7717125440712951e-03,3.8156069654245200e-02,-2.0616722732631570e-03
2460977.80000000,-1.3151068026413884e+00,-3.4218045350406495e-01,9.1721329233280427e-02,-9.7563155808196404e-03,3.8160100611986582e-02,-2.0627473657400925e-03
2460977.90000000,-1.3160816638531603e+00,-3.3836424365671058e-01,9.1515000834852117e-02,-9.7409061522852371e-03,3.8164087145989754e-02,-2.0638201139712327e-03
2460978.00000000,-1.3170549835133709e+00,-3.3454763738114640e-01,9.1308565279842657e-02,-9.7254846087473350e-03,3.8168029160246336e-02,-2.0648904932011030e-03
2460978.10000000,-1.3180267604280649e+00,-3.3073063913402434e-01,9.1102022806383284e-02,-9.7100513012488600e-03,3.8171926561700410e-02,-2.0659584788333524e-03
2460978.20000000,-1.3189969934384318e+00,-3.2691325338115496e-01,9.0895373655057052e-02,-9.6946065816289947e-03,3.8175779260240378e-02,-2.0670240464285058e-03
2460978.30000000,-1.3199656814163758e+00,-3.2309548461499099e-01,9.0688618069846030e-02,-9.6791508025559844e-03,3.8179587168691569e-02,-2.0680871717017437e-03
2460978.40000000,-1.3209328232826261e+00,-3.1927733728321833e-01,9.0481756294263652e-02,-9.6636843171998259e-03,3.8183350202896586e-02,-2.0691478305453993e-03
2460978.50000000,-1.3218984179797413e+00,-3.1545881589512620e-01,9.0274788577114823e-02,-9.6482074796246202e-03,3.8187068281618074e-02,-2.0702059990019266e-03
2460978.60000000,-1.3228624644902254e+00,-3.1163992495019971e-01,9.0067715168629020e-02,-9.6327206444611312e-03,3.8190741326618406e-02,-2.0712616532863465e-03
2460978.70000000,-1.3238249618320765e+00,-3.0782066895559856e-01,8.9860536321405601e-02,-9.6172241669390153e-03,3.8194369262649894e-02,-2.0723147697839059e-03
2460978.80000000,-1.3247859090543725e+00,-3.0400105244364467e-01,8.9653252291362284e-02,-9.6017184029192210e-03,3.8197952017445656e-02,-2.0733653250477662e-03
2460978.90000000,-1.3257453052552175e+00,-3.0018107990037424e-01,8.9445863333856249e-02,-9.5862037085652357e-03,3.8201489521793093e-02,-2.0744132958211035e-03
2460979.00000000,-1.3267031495549422e+00,-2.9636075587195659e-01,8.9238369709458004e-02,-9.5706804407363379e-03,3.8204981709440124e-02,-2.0754586590102644e-03
2460979.10000000,-1.3276594411140565e+00,-2.9254008489324779e-01,8.9030771680072895e-02,-9.5551489566587447e-03,3.8208428517167985e-02,-2.0765013917068251e-03
2460979.20000000,-1.3286141791288137e+00,-2.8871907150527504e-01,8.8823069509887997e-02,-9.5396096139577034e-03,3.8211829884779655e-02,-2.0775414711851352e-03
2460979.30000000,-1.3295673628268136e+00,-2.8489772027272914e-01,8.8615263466321634e-02,-9.5240627706897271e-03,3.8215185755089032e-02,-2.0785788748998980e-03
2460979.40000000,-1.3305189914847815e+00,-2.8107603571248196e-01,8.8407353816133599e-02,-9.5085087850128071e-03,3.8218496073987418e-02,-2.0796135805078520e-03
2460979.50000000,-1.3314690644019682e+00,-2.7725402240005070e-01,8.8199340831212183e-02,-9.4929480155805292e-03,3.8221760790353256e-02,-2.0806455658411234e-03
2460979.60000000,-1.3324175809179379e+00,-2.7343168489811753e-01,8.7991224784685018e-02,-9.4773808212123053e-03,3.8224979856117947e-02,-2.0816748089288579e-03
2460979.70000000,-1.3333645404081460e+00,-2.6960902777401935e-01,8.7783005951867138e-02,-9.4618075609255135e-03,3.8228153226252504e-02,-2.0827012879946413e-03
2460979.80000000,-1.3343099422795595e+00,-2.6578605561724689e-01,8.7574684611211651e-02,-9.4462285939677822e-03,3.8231280858755066e-02,-2.0837249814539662e-03
2460979.90000000,-1.3352537859882725e+00,-2.6196277296793030e-01,8.7366261040409371e-02,-9.4306442794865816e-03,3.8234362714710236e-02,-2.0847458679354677e-03
2460980.00000000,-1.3361960710131020e+00,-2.5813918442334777e-01,8.7157735522189028e-02,-9.4150549769242628e-03,3.8237398758202472e-02,-2.0857639262544673e-03
2460980.10000000,-1.3371367968732102e+00,-2.5431529456641377e-01,8.6949108340417441e-02,-9.3994610456877604e-03,3.8240388956374792e-02,-2.0867791354341608e-03
2460980.20000000,-1.3380759631237003e+00,-2.5049110798317653e-01,8.6740379781048829e-02,-9.3838628451809770e-03,3.8243333279413823e-02,-2.0877914747029088e-03
2460980.30000000,-1.3390135693512508e+00,-2.4666662928032324e-01,8.6531550133076923e-02,-9.3682607348373852e-03,3.8246231700535399e-02,-2.0888009234915693e-03
2460980.40000000,-1.3399496151915677e+00,-2.4284186301363789e-01,8.6322619684623889e-02,-9.3526550737893822e-03,3.8249084196037002e-02,-2.0898074614542710e-03
2460980.50000000,-1.3408841003031780e+00,-2.3901681379455220e-01,8.6113588728754034e-02,-9.3370462212642950e-03,3.8251890745214720e-02,-2.0908110684421566e-03
2460980.60000000,-1.3418170243848839e+00,-2.3519148621860667e-01,8.5904457559563149e-02,-9.3214345362539232e-03,3.8254651330414918e-02,-2.0918117245240972e-03
2460980.70000000,-1.3427483871713790e+00,-2.3136588488295545e-01,8.5695226473129438e-02,-9.3058203775474527e-03,3.8257365937017535e-02,-2.0928094099838461e-03
2460980.80000000,-1.3436781884288964e+00,-2.2754001440387933e-01,8.5485895768466949e-02,-9.2902041037645246e-03,3.8260034553420079e-02,-2.0938041053172305e-03
2460980.90000000,-1.3446064279724967e+00,-2.2371387934521941e-01,8.5276465743604188e-02,-9.2745860730248306e-03,3.8262657171082959e-02,-2.0947957912524477e-03
2460981.00000000,-1.3455331056400581e+00,-2.1988748432496830e-01,8.5066936701410856e-02,-9.2589666433450304e-03,3.8265233784450167e-02,-2.0957844487239966e-03
2460981.10000000,-1.3464582213095690e+00,-2.1606083394370720e-01,8.4857308945677112e-02,-9.2433461723086096e-03,3.8267764390993921e-02,-2.0967700588929135e-03
2460981.20000000,-1.3473817748947570e+00,-2.1223393280211952e-01,8.4647582782065925e-02,-9.2277250170994893e-03,3.8270248991196298e-02,-2.0977526031437793e-03
2460981.30000000,-1.3483037663407558e+00,-2.0840678551851224e-01,8.4437758519067763e-02,-9.2121035345357934e-03,3.8272687588531626e-02,-2.0987320630817654e-03
2460981.40000000,-1.3492241956412265e+00,-2.0457939665722882e-01,8.4227836464069408e-02,-9.1964820807400888e-03,3.8275080189504811e-02,-2.0997084205524211e-03
2460981.50000000,-1.3501430628125490e+00,-2.0075177083527915e-01,8.4017816929193592e-02,-9.1808610115372176e-03,3.8277426803575786e-02,-2.1006816576158221e-03
2460981.60000000,-1.3510603679109465e+00,-1.9692391265075557e-01,8.3807700227368234e-02,-9.1652406821248859e-03,3.8279727443197187e-02,-2.1016517565662948e-03
2460981.70000000,-1.3519761110281336e+00,-1.9309582670035669e-01,8.3597486673280277e-02,-9.1496214471081527e-03,3.8281982123794432e-02,-2.1026186999292722e-03
2460981.80000000,-1.3528902922870008e+00,-1.8926751759691765e-01,8.3387176584332118e-02,-9.1340036605341238e-03,3.8284190863746542e-02,-2.1035824704581942e-03
2460981.90000000,-1.3538029118585699e+00,-1.8543898989780555e-01,8.3176770276700382e-02,-9.1183876755632134e-03,3.8286353684417594e-02,-2.1045430511537756e-03
2460982.00000000,-1.3547139699363842e+00,-1.8161024821158622e-01,8.2966268071188634e-02,-9.1027738448678976e-03,3.8288470610084953e-02,-2.1055004252383621e-03
2460982.10000000,-1.3556234667534701e+00,-1.7778129712642340e-01,8.2755670289286751e-02,-9.0871625203044239e-03,3.8290541667970135e-02,-2.1064545761751460e-03
2460982.20000000,-1.3565314025780015e+00,-1.7395214122761252e-01,8.2544977254126475e-02,-9.0715540529483912e-03,3.8292566888217416e-02,-2.1074054876648609e-03
2460982.30000000,-1.3574377777090021e+00,-1.7012278511512122e-01,8.2334189291439361e-02,-9.0559487931305312e-03,3.8294546303873141e-02,-2.1083531436425274e-03
2460982.40000000,-1.3583425924931369e+00,-1.6629323333197055e-01,8.2123306725606082e-02,-9.0403470901094119e-03,3.8296479950910435e-02,-2.1092975282961963e-03
2460982.50000000,-1.3592458472993023e+00,-1.6246349047093667e-01,8.1912329885521842e-02,-9.0247492924710702e-03,3.8298367868161362e-02,-2.1102386260415233e-03
2460982.60000000,-1.3601475425354235e+00,-1.5863356110293647e-01,8.1701259100646392e-02,-9.0091557478022329e-03,3.8300210097341053e-02,-2.1111764215404512e-03
2460982.70000000,-1.3610476786441363e+00,-1.5480344979457225e-01,8.1490094701961169e-02,-8.9935668027271726e-03,3.8302006683024914e-02,-2.1121108996977529e-03
2460982.80000000,-1.3619462560985096e+00,-1.5097316112568279e-01,8.1278837022928888e-02,-8.9779828029447565e-03,3.8303757672626629e-02,-2.1130420456576191e-03
2460982.90000000,-1.3628432754186726e+00,-1.4714269961771412e-01,8.1067486395533822e-02,-8.9624040929029373e-03,3.8305463116416229e-02,-2.1139698448218616e-03
2460983.00000000,-1.3637387371466034e+00,-1.4331206984045400e-01,8.0856043156159574e-02,-8.9468310161992803e-03,3.8307123067456289e-02,-2.1148942828247224e-03
2460983.10000000,-1.3646326418627672e+00,-1.3948127634040711e-01,8.0644507641630114e-02,-8.9312639152560359e-03,3.8308737581619429e-02,-2.1158153455510106e-03
2460983.20000000,-1.3655249901818136e+00,-1.3565032365835153e-01,8.0432880190168615e-02,-8.9157031313584385e-03,3.8310306717564323e-02,-2.1167330191324885e-03
2460983.30000000,-1.3664157827483179e+00,-1.3181921634690111e-01,8.0221161142358721e-02,-8.9001490046931690e-03,3.8311830536712527e-02,-2.1176472899443115e-03
2460983.40000000,-1.3673050202532486e+00,-1.2798795889886866e-01,8.0009350837175891e-02,-8.8846018740250388e-03,3.8313309103259981e-02,-2.1185581446226780e-03
2460983.50000000,-1.3681927034089543e+00,-1.2415655585403164e-01,7.9797449617877880e-02,-8.8690620770983004e-03,3.8314742484117419e-02,-2.1194655700398795e-03
2460983.60000000,-1.3690788329656405e+00,-1.2032501172749979e-01,7.9585457828036540e-02,-8.8535299503139653e-03,3.8316130748921463e-02,-2.1203695533218922e-03
2460983.70000000,-1.3699634097070872e+00,-1.1649333102728417e-01,7.9373375812498717e-02,-8.8380058287696774e-03,3.8317473970009522e-02,-2.1212700818446081e-03
2460983.80000000,-1.3708464344464091e+00,-1.1266151827187132e-01,7.9161203918349299e-02,-8.8224900462997337e-03,3.8318772222395561e-02,-2.1221671432301225e-03
2460983.90000000,-1.3717279080423621e+00,-1.0882957791858236e-01,7.8948942490933871e-02,-8.8069829351542905e-03,3.8320025583775341e-02,-2.1230607253638323e-03
2460984.00000000,-1.3726078313745318e+00,-1.0499751447036715e-01,7.8736591879761481e-02,-8.7914848264014078e-03,3.8321234134471083e-02,-2.1239508163697347e-03
2460984.10000000,-1.3734862053596477e+00,-1.0116533240416827e-01,7.8524152434528066e-02,-8.7759960496069291e-03,3.8322397957436333e-02,-2.1248374046274701e-03
2460984.20000000,-1.3743630309473234e+00,-9.7333036188502559e-02,7.8311624506078953e-02,-8.7605169328760536e-03,3.8323517138229984e-02,-2.1257204787684014e-03
2460984.30000000,-1.3752383091158362e+00,-9.3500630301047868e-02,7.8099008447374052e-02,-8.7450478028950600e-03,3.8324591764991062e-02,-2.1266000276717535e-03
2460984.40000000,-1.3761120408882728e+00,-8.9668119157000833e-02,7.7886304609501925e-02,-8.7295889846133144e-03,3.8325621928438046e-02,-2.1274760404811598e-03
2460984.50000000,-1.3769842273079211e+00,-8.5835507215897777e-02,7.7673513347594939e-02,-8.7141408016460017e-03,3.8326607721817750e-02,-2.1283485065802187e-03
2460984.60000000,-1.3778548694544248e+00,-8.2002798909977720e-02,7.7460635016844262e-02,-8.6987035759568242e-03,3.8327549240904341e-02,-2.1292174156089839e-03
2460984.70000000,-1.3787239684395423e+00,-7.8169998661777096e-02,7.7247669973464425e-02,-8.6832776279014371e-03,3.8328446583972456e-02,-2.1300827574599022e-03
2460984.80000000,-1.3795915254029505e+00,-7.4337110901729231e-02,7.7034618575660324e-02,-8.6678632762709241e-03,3.8329299851771449e-02,-2.1309445222738106e-03
2460984.90000000,-1.3804575415282314e+00,-7.0504139996524121e-02,7.6821481179633347e-02,-8.6524608379769333e-03,3.8330109147518693e-02,-2.1318027004559254e-03
2460985.00000000,-1.3813220180184642e+00,-6.6671090355953491e-02,7.6608258145508631e-02,-8.6370706284549584e-03,3.8330874576853122e-02,-2.1326572826516768e-03
2460985.10000000,-1.3821849561122239e+00,-6.2837966361276087e-02,7.6394949833341830e-02,-8.6216929613501941e-03,3.8331596247828364e-02,-2.1335082597626421e-03
2460985.20000000,-1.3830463570793616e+00,-5.9004772382825671e-02,7.6181556604085862e-02,-8.6063281485628494e-03,3.8332274270885432e-02,-2.1343556229423528e-03
2460985.30000000,-1.3839062222168297e+00,-5.5171512797623681e-02,7.5968078820559920e-02,-8.5909765002934995e-03,3.8332908758826278e-02,-2.1351993635921537e-03
2460985.40000000,-1.3847645528645125e+00,-5.1338191917743664e-02,7.5754516843447792e-02,-8.5756383247315889e-03,3.8333499826801613e-02,-2.1360394733766380e-03
2460985.50000000,-1.3856213503810209e+00,-4.7504814097178598e-02,7.5540871037236904e-02,-8.5603139284591550e-03,3.8334047592269029e-02,-2.1368759441997738e-03
2460985.60000000,-1.3864766161595337e+00,-4.3671383660210776e-02,7.5327141766217590e-02,-8.5450036161400893e-03,3.8334552174980656e-02,-2.1377087682202893e-03
2460985.70000000,-1.3873303516236002e+00,-3.9837904919033718e-02,7.5113329395451761e-02,-8.5297076905673803e-03,3.8335013696955439e-02,-2.1385379378473456e-03
2460985.80000000,-1.3881825582229919e+00,-3.6004382191378068e-02,7.4899434291744060e-02,-8.5144264527104319e-03,3.8335432282452384e-02,-2.1393634457362769e-03
2460985.90000000,-1.3890332374493748e+00,-3.2170819728883540e-02,7.4685456819632567e-02,-8.4991602014071101e-03,3.8335808057952982e-02,-2.1401852848034748e-03
2460986.00000000,-1.3898823908123081e+00,-2.8337221823985886e-02,7.4471397347339874e-02,-8.4839092337678362e-03,3.8336141152124165e-02,-2.1410034482028176e-03
2460986.10000000,-1.3907300198549279e+00,-2.4503592738294375e-02,7.4257256242764524e-02,-8.4686738448684368e-03,3.8336431695800623e-02,-2.1418179293405141e-03
2460986.20000000,-1.3915761261497801e+00,-2.0669936720227561e-02,7.4043033874452019e-02,-8.4534543277993753e-03,3.8336679821956945e-02,-2.1426287218706576e-03
2460986.30000000,-1.3924207112946889e+00,-1.6836258022652654e-02,7.3828730612568255e-02,-8.4382509737150370e-03,3.8336885665680678e-02,-2.1434358196908503e-03
2460986.40000000,-1.3932637769282814e+00,-1.3002560831267477e-02,7.3614346824882645e-02,-8.4230640715295957e-03,3.8337049364149729e-02,-2.1442392169565504e-03
2460986.50000000,-1.3941053247061859e+00,-9.1688493715048232e-03,7.3399882882731138e-02,-8.4078939083212460e-03,3.8337171056600110e-02,-2.1450389080578153e-03
2460986.60000000,-1.3949453563165639e+00,-5.3351278369199251e-03,7.3185339157000248e-02,-8.3927407690288797e-03,3.8337250884303335e-02,-2.1458348876336095e-03
2460986.70000000,-1.3957838734759678e+00,-1.5014004068402546e-03,7.2970716019100434e-02,-8.3776049365033300e-03,3.8337288990538537e-02,-2.1466271505672574e-03
2460986.80000000,-1.3966208779252347e+00,2.3323287359816938e-03,7.2756013841941525e-02,-8.3624866915586217e-03,3.8337285520565555e-02,-2.1474156919819598e-03
2460986.90000000,-1.3974563714448596e+00,6.1660554769738876e-03,7.2541232995909075e-02,-8.3473863126718190e-03,3.8337240621597539e-02,-2.1482005072546114e-03
2460987.00000000,-1.3982903558313955e+00,9.9997756628255538e-03,7.2326373854838699e-02,-8.3323040763872737e-03,3.8337154442773670e-02,-2.1489815919928787e-03
2460987.10000000,-1.3991228329128367e+00,1.3833485173087200e-02,7.2111436791993194e-02,-8.3172402570172634e-03,3.8337027135131839e-02,-2.1497589420489778e-03
2460987.20000000,-1.3999538045444997e+00,1.7667179902506901e-02,7.1896422181038214e-02,-8.3021951266952533e-03,3.8336858851580960e-02,-2.1505325535150373e-03
2460987.30000000,-1.4007832726049454e+00,2.1500855743364130e-02,7.1681330397019988e-02,-8.2871689554291066e-03,3.8336649746874257e-02,-2.1513024227185246e-03
2460987.40000000,-1.4016112390112025e+00,2.5334508657060377e-02,7.1466161812334741e-02,-8.2721620108050630e-03,3.8336399977577325e-02,-2.1520685462355373e-03
2460987.50000000,-1.4024377056953699e+00,2.9168134567187573e-02,7.1250916802714573e-02,-8.2571745583918197e-03,3.8336109702045984e-02,-2.1528309208682403e-03
2460987.60000000,-1.4032626746198500e+00,3.3001729431113375e-02,7.1035595743197899e-02,-8.2422068614452920e-03,3.8335779080394490e-02,-2.1535895436581172e-03
2460987.70000000,-1.4040861477732578e+00,3.6835289222303599e-02,7.0820199009107035e-02,-8.2272591809638349e-03,3.8335408274468158e-02,-2.1543444118812603e-03
2460987.80000000,-1.4049081271663719e+00,4.0668809912642906e-02,7.0604726977028728e-02,-8.2123317757434242e-03,3.8334997447817140e-02,-2.1550955230437191e-03
2460987.90000000,-1.4057286148472077e+00,4.4502287544008284e-02,7.0389180020776806e-02,-8.1974249020858626e-03,3.8334546765660164e-02,-2.1558428748942832e-03
2460988.00000000,-1.4065476128778232e+00,4.8335718121327739e-02,7.0173558517389309e-02,-8.1825388142025123e-03,3.8334056394867602e-02,-2.1565864654022795e-03
2460988.10000000,-1.4073651233494067e+00,5.2169097684148555e-02,6.9957862843092231e-02,-8.1676737639232930e-03,3.8333526503925457e-02,-2.1573262927703299e-03
2460988.20000000,-1.4081811483782138e+00,5.6002422288946287e-02,6.9742093374279945e-02,-8.1528300007538395e-03,3.8332957262908571e-02,-2.1580623554295678e-03
2460988.30000000,-1.4089956901015441e+00,5.9835687991432379e-02,6.9526250488497573e-02,-8.1380077719325691e-03,3.8332348843454975e-02,-2.1587946520349273e-03
2460988.40000000,-1.4098087506926722e+00,6.3668890918108553e-02,6.9310334560397660e-02,-8.1232073221432517e-03,3.8331701418725633e-02,-2.1595231814774312e-03
2460988.50000000,-1.4106203323378546e+00,6.7502027159318273e-02,6.9094345967748189e-02,-8.1084288939181764e-03,3.8331015163392726e-02,-2.1602479428623703e-03
2460988.60000000,-1.4114304372512718e+00,7.1335092840796144e-02,6.8878285087390204e-02,-8.0936727273514773e-03,3.8330290253599790e-02,-2.1609689355215670e-03
2460988.70000000,-1.4122390676709957e+00,7.5168084105963581e-02,6.8662152296220413e-02,-8.0789390601581634e-03,3.8329526866935588e-02,-2.1616861590085436e-03
2460988.80000000,-1.4130462258549947e+00,7.9000997098223724e-02,6.8445947972176166e-02,-8.0642281277330252e-03,3.8328725182409235e-02,-2.1623996130937652e-03
2460988.90000000,-1.4138519140959227e+00,8.2833828032494908e-02,6.8229672490185939e-02,-8.0495401628676438e-03,3.8327885380406219e-02,-2.1631092977764453e-03
2460989.00000000,-1.4146561346983266e+00,8.6666573088257537e-02,6.8013326228188231e-02,-8.0348753961527655e-03,3.8327007642681987e-02,-2.1638152132631198e-03
2460989.10000000,-1.4154588899934468e+00,9.0499228481082550e-02,6.7796909563083180e-02,-8.0202340556960253e-03,3.8326092152318421e-02,-2.1645173599794407e-03
2460989.20000000,-1.4162601823352141e+00,9.4331790444914354e-02,6.7580422871717602e-02,-8.0056163671827964e-03,3.8325139093698668e-02,-2.1652157385653012e-03
2460989.30000000,-1.4170600140962843e+00,9.8164255214353444e-02,6.7363866531872277e-02,-7.9910225539368412e-03,3.8324148652483028e-02,-2.1659103498700523e-03
2460989.40000000,-1.4178583876826876e+00,1.0199661909616704e-01,6.7147240918206730e-02,-7.9764528366417960e-03,3.8323121015561644e-02,-2.1666011949638374e-03
2460989.50000000,-1.4186553055112383e+00,1.0582887836233412e-01,6.6930546408288730e-02,-7.9619074337425634e-03,3.8322056371053410e-02,-2.1672882751165826e-03
2460989.60000000,-1.4194507700241921e+00,1.0966102932155117e-01,6.6713783378540087e-02,-7.9473865611674795e-03,3.8320954908259007e-02,-2.1679715918093236e-03
2460989.70000000,-1.4202447836852754e+00,1.1349306830150288e-01,6.6496952205224127e-02,-7.9328904323908746e-03,3.8319816817636826e-02,-2.1686511467293168e-03
2460989.80000000,-1.4210373489757528e+00,1.1732499163113300e-01,6.6280053265435443e-02,-7.9184192584953877e-03,3.8318642290779886e-02,-2.1693269417652349e-03
2460989.90000000,-1.4218284684089351e+00,1.2115679571213028e-01,6.6063086933039028e-02,-7.9039732478979607e-03,3.8317431520365312e-02,-2.1699989790180509e-03
2460990.00000000,-1.4226181445077897e+00,1.2498847691197458e-01,6.5846053584710240e-02,-7.8895526067500280e-03,3.8316184700158629e-02,-2.1706672607804543e-03
2460990.10000000,-1.4234063798194621e+00,1.2882003163541825e-01,6.5628953595875034e-02,-7.8751575386641400e-03,3.8314902024963696e-02,-2.1713317895477335e-03
2460990.20000000,-1.4241931769113365e+00,1.3265145630674494e-01,6.5411787341699917e-02,-7.8607882447781444e-03,3.8313583690599749e-02,-2.1719925680128804e-03
2460990.30000000,-1.4249785383671332e+00,1.3648274735202937e-01,6.5194555198084023e-02,-7.8464449238190518e-03,3.8312229893879564e-02,-2.1726495990617846e-03
2460990.40000000,-1.4257624668012818e+00,1.4031390127059723e-01,6.4977257537592981e-02,-7.8321277718335670e-03,3.8310840832555884e-02,-2.1733028857836819e-03
2460990.50000000,-1.4265449648367319e+00,1.4414491452807482e-01,6.4759894735509083e-02,-7.8178369825868243e-03,3.8309416705331258e-02,-2.1739524314510084e-03
2460990.60000000,-1.4273260351193386e+00,1.4797578362784450e-01,6.4542467165766032e-02,-7.8035727472935074e-03,3.8307957711804952e-02,-2.1745982395298554e-03
2460990.70000000,-1.4281056803139545e+00,1.5180650509329258e-01,6.4324975201941526e-02,-7.7893352546834996e-03,3.8306464052451382e-02,-2.1752403136750848e-03
2460990.80000000,-1.4288839031005605e+00,1.5563707545005823e-01,6.4107419218251596e-02,-7.7751246910672178e-03,3.8304935928599494e-02,-2.1758786577255316e-03
2460990.90000000,-1.4296607061885056e+00,1.5946749129746615e-01,6.3889799585479495e-02,-7.7609412400706642e-03,3.8303373542376562e-02,-2.1765132757140342e-03
2460991.00000000,-1.4304360922945158e+00,1.6329774920158227e-01,6.3672116677035651e-02,-7.7467850830324758e-03,3.8301777096723374e-02,-2.1771441718477441e-03
2460991.10000000,-1.4312100641569470e+00,1.6712784576664211e-01,6.3454370864887491e-02,-7.7326563987395189e-03,3.8300146795338538e-02,-2.1777713505181620e-03
2460991.20000000,-1.4319826245319094e+00,1.7095777761728825e-01,6.3236562520554276e-02,-7.7185553634939192e-03,3.8298482842658244e-02,-2.1783948162962794e-03
2460991.30000000,-1.4327537761894322e+00,1.7478754138080926e-01,6.3018692016103980e-02,-7.7044821511797080e-03,3.8296785443837141e-02,-2.1790145739278089e-03
2460991.40000000,-1.4335235219275710e+00,1.7861713375854357e-01,6.2800759720077148e-02,-7.6904369330023890e-03,3.8295054804689629e-02,-2.1796306283428093e-03
2460991.50000000,-1.4342918645506155e+00,1.8244655141894403e-01,6.2582766003556639e-02,-7.6764198778840678e-03,3.8293291131710393e-02,-2.1802429846364572e-03
2460991.60000000,-1.4350588068832113e+00,1.8627579106897812e-01,6.2364711236092538e-02,-7.6624311522034971e-03,3.8291494632016282e-02,-2.1808516480786937e-03
2460991.70000000,-1.4358243517665181e+00,1.9010484943635544e-01,6.2146595786699427e-02,-7.6484709198643515e-03,3.8289665513327666e-02,-2.1814566241093940e-03
2460991.80000000,-1.4365885020544069e+00,1.9393372325175742e-01,6.1928420024855539e-02,-7.6345393423630625e-03,3.8287803983950694e-02,-2.1820579183336416e-03
2460991.90000000,-1.4373512606274408e+00,1.9776240932021144e-01,6.1710184316422022e-02,-7.6206365785328588e-03,3.8285910252716410e-02,-2.1826555365309654e-03
2460992.00000000,-1.4381126303712772e+00,2.0159090441416694e-01,6.1491889029722135e-02,-7.6067627849367436e-03,3.8283984529006609e-02,-2.1832494846365908e-03
2460992.10000000,-1.4388726141906616e+00,2.0541920534486580e-01,6.1273534531461386e-02,-7.5929181156119633e-03,3.8282027022693538e-02,-2.1838397687506941e-03
2460992.20000000,-1.4396312150056212e+00,2.0924730894456112e-01,6.1055121187727247e-02,-7.5791027221393794e-03,3.8280037944122720e-02,-2.1844263951336339e-03
2460992.30000000,-1.4403884357476950e+00,2.1307521204873842e-01,6.0836649364990690e-02,-7.5653167537123606e-03,3.8278017504096984e-02,-2.1850093702012697e-03
2460992.40000000,-1.4411442793737881e+00,2.1690291156745875e-01,6.0618119426020869e-02,-7.5515603568852493e-03,3.8275965913813353e-02,-2.1855887005338363e-03
2460992.50000000,-1.4418987488447697e+00,2.2073040437844910e-01,6.0399531735973608e-02,-7.5378336759639583e-03,3.8273883384894361e-02,-2.1861643928576674e-03
2460992.60000000,-1.4426518471393412e+00,2.2455768739844217e-01,6.0180886658306967e-02,-7.5241368527548102e-03,3.8271770129325582e-02,-2.1867364540540941e-03
2460992.70000000,-1.4434035772502629e+00,2.2838475756538676e-01,5.9962184555783372e-02,-7.5104700266348627e-03,3.8269626359440236e-02,-2.1873048911547339e-03
2460992.80000000,-1.4441539421806209e+00,2.3221161182066166e-01,5.9743425791473424e-02,-7.4968333346217310e-03,3.8267452287904860e-02,-2.1878697113368768e-03
2460992.90000000,-1.4449029449575548e+00,2.3603824718038660e-01,5.9524610724666284e-02,-7.4832269111264043e-03,3.8265248127654243e-02,-2.1884309219320002e-03
2460993.00000000,-1.4456505886110524e+00,2.3986466062852949e-01,5.9305739716967142e-02,-7.4696508883412499e-03,3.8263014091928067e-02,-2.1889885304079925e-03
2460993.10000000,-1.4463968761876904e+00,2.4369084918821476e-01,5.9086813128208439e-02,-7.4561053959931534e-03,3.8260750394206615e-02,-2.1895425443776918e-03
2460993.20000000,-1.4471418107468998e+00,2.4751680990392644e-01,5.8867831317454336e-02,-7.4425905614146715e-03,3.8258457248197042e-02,-2.1900929715942567e-03
2460993.30000000,-1.4478853953572646e+00,2.5134253982371513e-01,5.8648794644006810e-02,-7.4291065096146105e-03,3.8256134867820785e-02,-2.1906398199466239e-03
2460993.40000000,-1.4486276331101304e+00,2.5516803607047600e-01,5.8429703463311840e-02,-7.4156533630351639e-03,3.8253783467146855e-02,-2.1911830974676826e-03
2460993.50000000,-1.4493685270985892e+00,2.5899329573507607e-01,5.8210558133065658e-02,-7.4022312419370706e-03,3.8251403260433560e-02,-2.1917228123170015e-03
2460993.60000000,-1.4501080804311004e+00,2.6281831594762928e-01,5.7991359009121828e-02,-7.3888402641570051e-03,3.8248994462062640e-02,-2.1922589727890293e-03
2460993.70000000,-1.4508462962277899e+00,2.6664309385969376e-01,5.7772106446497912e-02,-7.3754805451794045e-03,3.8246557286527233e-02,-2.1927915873085472e-03
2460993.80000000,-1.4515831776167865e+00,2.7046762662647256e-01,5.7552800800383934e-02,-7.3621521982076736e-03,3.8244091948421099e-02,-2.1933206644262201e-03
2460993.90000000,-1.4523187277477070e+00,2.7429191147805815e-01,5.7333442422044453e-02,-7.3488553339255457e-03,3.8241598662370313e-02,-2.1938462128264415e-03
2460994.00000000,-1.4530529497708360e+00,2.7811594561258163e-01,5.7114031664933430e-02,-7.3355900608792005e-03,3.8239077643080217e-02,-2.1943682413105639e-03
2460994.10000000,-1.4537858468506244e+00,2.8193972626745473e-01,5.6894568880597157e-02,-7.3223564852388278e-03,3.8236529105267869e-02,-2.1948867588047799e-03
2460994.20000000,-1.4545174221620258e+00,2.8576325070156117e-01,5.6675054419683304e-02,-7.3091547108709654e-03,3.8233953263651969e-02,-2.1954017743556725e-03
2460994.30000000,-1.4552476788868676e+00,2.8958651617745285e-01,5.6455488632951502e-02,-7.2959848394102056e-03,3.8231350332943774e-02,-2.1959132971258568e-03
2460994.40000000,-1.4559766202272195e+00,2.9340952003255955e-01,5.6235871867171612e-02,-7.2828469700246994e-03,3.8228720527777448e-02,-2.1964213364015178e-03
2460994.50000000,-1.4567042493847606e+00,2.9723225957236299e-01,5.6016204471246799e-02,-7.2697411997950127e-03,3.8226064062762001e-02,-2.1969259015761464e-03
2460994.60000000,-1.4574305695741643e+00,3.0105473214160483e-01,5.5796486792112694e-02,-7.2566676234797900e-03,3.8223381152412417e-02,-2.1974270021581205e-03
2460994.70000000,-1.4581555840194651e+00,3.0487693510647301e-01,5.5576719175748517e-02,-7.2436263335884706e-03,3.8220672011141300e-02,-2.1979246477663479e-03
2460994.80000000,-1.4588792959504713e+00,3.0869886583679446e-01,5.5356901968189917e-02,-7.2306174204533336e-03,3.8217936853251692e-02,-2.1984188481260223e-03
2460994.90000000,-1.4596017086160131e+00,3.1252052177720901e-01,5.5137035511423453e-02,-7.2176409719990750e-03,3.8215175892866167e-02,-2.1989096130758607e-03
2460995.00000000,-1.4603228252635021e+00,3.1634190034037124e-01,5.4917120149517808e-02,-7.2046970741182059e-03,3.8212389343983653e-02,-2.1993969525523510e-03
2460995.10000000,-1.4610426491521951e+00,3.2016299897812328e-01,5.4697156224519081e-02,-7.1917858104407172e-03,3.8209577420409237e-02,-2.1998808765970363e-03
2460995.20000000,-1.4617611835496032e+00,3.2398381516367775e-01,5.4477144077464165e-02,-7.1789072624070535e-03,3.8206740335747814e-02,-2.2003613953522762e-03
2460995.30000000,-1.4624784317279347e+00,3.2780434637380707e-01,5.4257084049395617e-02,-7.1660615093403412e-03,3.8203878303398615e-02,-2.2008385190571108e-03
2460995.40000000,-1.4631943969772339e+00,3.3162459015998191e-01,5.4036976477252675e-02,-7.1532486282199588e-03,3.8200991536483139e-02,-2.2013122580542117e-03
2460995.50000000,-1.4639090825851229e+00,3.3544454404160257e-01,5.3816821700010099e-02,-7.1404686940532780e-03,3.8198080247906864e-02,-2.2017826227746498e-03
2460995.60000000,-1.4646224918499560e+00,3.3926420557713594e-01,5.3596620054570006e-02,-7.1277217796492558e-03,3.8195144650287879e-02,-2.2022496237448924e-03
2460995.70000000,-1.4653346280772608e+00,3.4308357234629661e-01,5.3376371876777275e-02,-7.1150079556915134e-03,3.8192184955952349e-02,-2.2027132715826871e-03
2460995.80000000,-1.4660454945762216e+00,3.4690264193223308e-01,5.3156077502436491e-02,-7.1023272908106337e-03,3.8189201376930847e-02,-2.2031735769930420e-03
2460995.90000000,-1.4667550946727013e+00,3.5072141199263052e-01,5.2935737263199528e-02,-7.0896798513616077e-03,3.8186194124885352e-02,-2.2036305507749086e-03
2460996.00000000,-1.4674634316891724e+00,3.5453988015297333e-01,5.2715351492711837e-02,-7.0770657017917614e-03,3.8183163411175516e-02,-2.2040842038064598e-03
2460996.10000000,-1.4681705089577561e+00,3.5835804407764760e-01,5.2494920522500960e-02,-7.0644849044181873e-03,3.8180109446786341e-02,-2.2045345470518211e-03
2460996.20000000,-1.4688763298167027e+00,3.6217590145211870e-01,5.2274444682993901e-02,-7.0519375195007743e-03,3.8177032442325454e-02,-2.2049815915570780e-03
2460996.30000000,-1.4695808976069078e+00,3.6599344996511740e-01,5.2053924304536002e-02,-7.0394236053144604e-03,3.8173932608021238e-02,-2.2054253484463785e-03
2460996.40000000,-1.4702842156848261e+00,3.6981068737970535e-01,5.1833359713275316e-02,-7.0269432179304670e-03,3.8170810153648926e-02,-2.2058658289283608e-03
2460996.50000000,-1.4709862874025854e+00,3.7362761142657186e-01,5.1612751237316158e-02,-7.0144964115802328e-03,3.8167665288601361e-02,-2.2063030442819416e-03
2460996.60000000,-1.4716871161209146e+00,3.7744421987510007e-01,5.1392099202604208e-02,-7.0020832384365917e-03,3.8164498221815765e-02,-2.2067370058627919e-03
2460996.70000000,-1.4723867052056605e+00,3.8126051051554416e-01,5.1171403933945897e-02,-6.9897037486866560e-03,3.8161309161772843e-02,-2.2071677250994708e-03
2460996.80000000,-1.4730850580243409e+00,3.8507648114121390e-01,5.0950665756029273e-02,-6.9773579906038628e-03,3.8158098316496671e-02,-2.2075952134896623e-03
2460996.90000000,-1.4737821779589488e+00,3.8889212961950370e-01,5.0729884989305106e-02,-6.9650460103329211e-03,3.8154865893479939e-02,-2.2080194826063497e-03
2460997.00000000,-1.4744780683862491e+00,3.9270745378522615e-01,5.0509061956147482e-02,-6.9527678522496054e-03,3.8151612099759112e-02,-2.2084405440841179e-03
2460997.10000000,-1.4751727326905963e+00,3.9652245151164017e-01,5.0288196976735713e-02,-6.9405235587455807e-03,3.8148337141840391e-02,-2.2088584096253828e-03
2460997.20000000,-1.4758661742604884e+00,4.0033712069262944e-01,5.0067290370075679e-02,-6.9283131703010009e-03,3.8145041225700546e-02,-2.2092730909966580e-03
2460997.30000000,-1.4765583964851554e+00,4.0415145922488699e-01,4.9846342455022404e-02,-6.9161367255562659e-03,3.8141724556788562e-02,-2.2096846000249242e-03
2460997.40000000,-1.4772494027672594e+00,4.0796546507890619e-01,4.9625353546158289e-02,-6.9039942611005710e-03,3.8138387339950189e-02,-2.2100929486035701e-03
2460997.50000000,-1.4779391965033664e+00,4.1177913619235329e-01,4.9404323959960326e-02,-6.8918858118274095e-03,3.8135029779507244e-02,-2.2104981486791957e-03
2460997.60000000,-1.4786277810966593e+00,4.1559247054105897e-01,4.9183254010678988e-02,-6.8798114107229682e-03,3.8131652079182919e-02,-2.2109002122576104e-03
2460997.70000000,-1.4793151599535270e+00,4.1940546612119639e-01,4.8962144011361411e-02,-6.8677710889383349e-03,3.8128254442104208e-02,-2.2112991514002364e-03
2460997.80000000,-1.4800013364801918e+00,4.2321812093146777e-01,4.8740994274875743e-02,-6.8557648758608277e-03,3.8124837070805363e-02,-2.2116949782206119e-03
2460997.90000000,-1.4806863140953002e+00,4.2703043304405774e-01,4.8519805109786478e-02,-6.8437927989060832e-03,3.8121400167151792e-02,-2.2120877048901078e-03
2460998.00000000,-1.4813700962105738e+00,4.3084240049804612e-01,4.8298576826528092e-02,-6.8318548838691203e-03,3.8117943932423355e-02,-2.2124773436252329e-03
2460998.10000000,-1.4820526862434178e+00,4.3465402137036169e-01,4.8077309733281073e-02,-6.8199511547162245e-03,3.8114468567238997e-02,-2.2128639066934059e-03
2460998.20000000,-1.4827340876135462e+00,4.3846529375796245e-01,4.7856004136996762e-02,-6.8080816336566572e-03,3.8110974271560967e-02,-2.2132474064094953e-03
2460998.30000000,-1.4834143037396408e+00,4.4227621576002413e-01,4.7634660344423527e-02,-6.7962463412134634e-03,3.8107461244699763e-02,-2.2136278551324680e-03
2460998.40000000,-1.4840933380518444e+00,4.4608678554885528e-01,4.7413278657979153e-02,-6.7844452960189811e-03,3.8103929685237563e-02,-2.2140052652708788e-03
2460998.50000000,-1.4847711939725838e+00,4.4989700126335253e-01,4.7191859381930899e-02,-6.7726785151613839e-03,3.8100379791115364e-02,-2.2143796492706817e-03
2460998.60000000,-1.4854478749290732e+00,4.5370686107991681e-01,4.6970402818268538e-02,-6.7609460139799495e-03,3.8096811759557016e-02,-2.2147510196207781e-03
2460998.70000000,-1.4861233843499766e+00,4.5751636319463623e-01,4.6748909267730919e-02,-6.7492478061361707e-03,3.8093225787075073e-02,-2.2151193888497035e-03
2460998.80000000,-1.4867977256621046e+00,4.6132550580547688e-01,4.6527379030833829e-02,-6.7375839036839403e-03,3.8089622069477365e-02,-2.2154847695224130e-03
2460998.90000000,-1.4874709023028025e+00,4.6513428718316024e-01,4.6305812403739689e-02,-6.7259543168684214e-03,3.8086000801789824e-02,-2.2158471742455624e-03
2460999.00000000,-1.4881429177009471e+00,4.6894270556466244e-01,4.6084209684443510e-02,-6.7143590544679298e-03,3.8082362178347429e-02,-2.2162066156558085e-03
2460999.10000000,-1.4888137752893484e+00,4.7275075922409254e-01,4.5862571168643257e-02,-6.7027981235925184e-03,3.8078706392717612e-02,-2.2165631064251525e-03
2460999.20000000,-1.4894834785014479e+00,4.7655844645487860e-01,4.5640897150768078e-02,-6.6912715297544091e-03,3.8075033637707735e-02,-2.2169166592577666e-03
2460999.30000000,-1.4901520307680483e+00,4.8036576555196259e-01,4.5419187925007647e-02,-6.6797792769374515e-03,3.8071344105373196e-02,-2.2172672868869176e-03
2460999.40000000,-1.4908194355296041e+00,4.8417271488263819e-01,4.5197443781179354e-02,-6.6683213673992678e-03,3.8067637986939795e-02,-2.2176150020800523e-03
2460999.50000000,-1.4914856962173866e+00,4.8797929278009744e-01,4.4975665010919930e-02,-6.6568978020083965e-03,3.8063915472898162e-02,-2.2179598176275800e-03
2460999.60000000,-1.4921508162657873e+00,4.9178549761427004e-01,4.4753851903553257e-02,-6.6455085800461097e-03,3.8060176752926736e-02,-2.2183017463480136e-03
2460999.70000000,-1.4928147991090495e+00,4.9559132777401332e-01,4.4532004747120046e-02,-6.6341536992760644e-03,3.8056422015900718e-02,-2.2186408010849380e-03
2460999.80000000,-1.4934776481780345e+00,4.9939678164931239e-01,4.4310123829408778e-02,-6.6228331560129697e-03,3.8052651449901637e-02,-2.2189769947040775e-03
2460999.90000000,-1.4941393669124121e+00,5.0320185770207815e-01,4.4088209433820358e-02,-6.6115469449279287e-03,3.8048865242139379e-02,-2.2193103400981835e-03
2461000.00000000,-1.4947999587419940e+00,5.0700655435974262e-01,4.3866261845565226e-02,-6.6002950593807459e-03,3.8045063579049888e-02,-2.2196408501762971e-03
2461000.10000000,-1.4954594270989385e+00,5.1081087008605897e-01,4.3644281347528638e-02,-6.5890774912249171e-03,3.8041246646217726e-02,-2.2199685378686950e-03
2461000.20000000,-1.4961177754145172e+00,5.1461480336329724e-01,4.3422268221301887e-02,-6.5778942308764151e-03,3.8037414628386473e-02,-2.2202934161240015e-03
2461000.30000000,-1.4967750071159149e+00,5.1841835267444847e-01,4.3200222748214584e-02,-6.5667452673815047e-03,3.8033567709469737e-02,-2.2206154979063919e-03
2461000.40000000,-1.4974311256383235e+00,5.2222151657398508e-01,4.2978145205196980e-02,-6.5556305882251793e-03,3.8029706072472726e-02,-2.2209347962002970e-03
2461000.50000000,-1.4980861344064411e+00,5.2602429358150427e-01,4.2756035870982312e-02,-6.5445501796585915e-03,3.8025829899593230e-02,-2.2212513240001341e-03
2461000.60000000,-1.4987400368465793e+00,5.2982668225249063e-01,4.2533895021969630e-02,-6.5335040265071193e-03,3.8021939372143730e-02,-2.2215650943150631e-03
2461000.70000000,-1.4993928363834641e+00,5.3362868116051621e-01,4.2311722933256468e-02,-6.5224921122382356e-03,3.8018034670563153e-02,-2.2218761201662400e-03
2461000.80000000,-1.5000445364370694e+00,5.3743028887945188e-01,4.2089519879672500e-02,-6.5115144190283844e-03,3.8014115974429268e-02,-2.2221844145841638e-03
2461000.90000000,-1.5006951404346158e+00,5.4123150405418641e-01,4.1867286131639474e-02,-6.5005709275744606e-03,3.8010183462379894e-02,-2.2224899906131946e-03
2461001.00000000,-1.5013446517922324e+00,5.4503232529432355e-01,4.1645021961378627e-02,-6.4896616174162872e-03,3.8006237312216903e-02,-2.2227928613017468e-03
2461001.10000000,-1.5019930739269696e+00,5.4883275124490372e-01,4.1422727638771223e-02,-6.4787864667477085e-03,3.8002277700827980e-02,-2.2230930397068626e-03
2461001.20000000,-1.5026404102536324e+00,5.5263278056861087e-01,4.1200403432392528e-02,-6.4679454524834657e-03,3.7998304804199641e-02,-2.2233905388916093e-03
2461001.30000000,-1.5032866641816476e+00,5.5643241192799031e-01,4.0978049610546685e-02,-6.4571385503250792e-03,3.7994318797430926e-02,-2.2236853719225583e-03
2461001.40000000,-1.5039318391269700e+00,5.6023164405612913e-01,4.0755666437124555e-02,-6.4463657345753033e-03,3.7990319854654314e-02,-2.2239775518741304e-03
2461001.50000000,-1.5045759384939026e+00,5.6403047565040421e-01,4.0533254177815892e-02,-6.4356269784556141e-03,3.7986308149142549e-02,-2.2242670918192404e-03
2461001.60000000,-1.5052189656870163e+00,5.6782890544316633e-01,4.0310813095967540e-02,-6.4249222539202386e-03,3.7982283853230027e-02,-2.2245540048336948e-03
2461001.70000000,-1.5058609241080174e+00,5.7162693218395377e-01,4.0088343453618759e-02,-6.4142515317220077e-03,3.7978247138327134e-02,-2.2248383039937245e-03
2461001.80000000,-1.5065018171526456e+00,5.7542455462171616e-01,3.9865845512537364e-02,-6.4036147814771809e-03,3.7974198174935095e-02,-2.2251200023736010e-03
2461001.90000000,-1.5071416482224897e+00,5.7922177157545618e-01,3.9643319530075362e-02,-6.3930119714828149e-03,3.7970137132566605e-02,-2.2253991130498133e-03
2461002.00000000,-1.5077804207069643e+00,5.8301858182803135e-01,3.9420765765385689e-02,-6.3824430690292144e-03,3.7966064179855319e-02,-2.2256756490921497e-03
2461002.10000000,-1.5084181379951387e+00,5.8681498419679912e-01,3.9198184475278355e-02,-6.3719080402168567e-03,3.7961979484476938e-02,-2.2259496235679309e-03
2461002.20000000,-1.5090548034726343e+00,5.9061097751583758e-01,3.8975575915256841e-02,-6.3614068500211516e-03,3.7957883213164727e-02,-2.2262210495396697e-03
2461002.30000000,-1.5096904205185588e+00,5.9440656061817665e-01,3.8752940340555465e-02,-6.3509394623561827e-03,3.7953775531725450e-02,-2.2264899400628270e-03
2461002.40000000,-1.5103249925172271e+00,5.9820173240640073e-01,3.8530278001992949e-02,-6.3405058398949121e-03,3.7949656604959851e-02,-2.2267563081898199e-03
2461002.50000000,-1.5109585228402957e+00,6.0199649174650560e-01,3.8307589152193525e-02,-6.3301059443765864e-03,3.7945526596774526e-02,-2.2270201669615389e-03
2461002.60000000,-1.5115910148584994e+00,6.0579083753850460e-01,3.8084874041440980e-02,-6.3197397364264810e-03,3.7941385670102801e-02,-2.2272815294114095e-03
2461002.70000000,-1.5122224719385824e+00,6.0958476869865519e-01,3.7862132918716235e-02,-6.3094071756195393e-03,3.7937233986921261e-02,-2.2275404085631873e-03
2461002.80000000,-1.5128528974402615e+00,6.1337828414170181e-01,3.7639366032735752e-02,-6.2991082205429818e-03,3.7933071708266874e-02,-2.2277968174288453e-03
2461002.90000000,-1.5134822947278599e+00,6.1717138285143558e-01,3.7416573627803172e-02,-6.2888428286193001e-03,3.7928898994157099e-02,-2.2280507690124189e-03
2461003.00000000,-1.5141106671525946e+00,6.2096406377460978e-01,3.7193755950034539e-02,-6.2786109564085891e-03,3.7924716003704194e-02,-2.2283022763019472e-03
2461003.10000000,-1.5147380180642209e+00,6.2475632589150432e-01,3.6970913243210349e-02,-6.2684125594310710e-03,3.7920522895035773e-02,-2.2285513522733672e-03
2461003.20000000,-1.5153643508079970e+00,6.2854816819816406e-01,3.6748045749814211e-02,-6.2582475922295655e-03,3.7916319825312420e-02,-2.2287980098884474e-03
2461003.30000000,-1.5159896687216785e+00,6.3233958968864645e-01,3.6525153712072288e-02,-6.2481160084309467e-03,3.7912106950745691e-02,-2.2290422620927924e-03
2461003.40000000,-1.5166139751470642e+00,6.3613058942554546e-01,3.6302237367803004e-02,-6.2380177605718635e-03,3.7907884426518185e-02,-2.2292841218195412e-03
2461003.50000000,-1.5172372734124311e+00,6.3992116643396069e-01,3.6079296956646280e-02,-6.2279528003959935e-03,3.7903652406899829e-02,-2.2295236019817073e-03
2461003.60000000,-1.5178595668440942e+00,6.4371131977202534e-01,3.5856332715913555e-02,-6.2179210786792987e-03,3.7899411045168335e-02,-2.2297607154759275e-03
2461003.70000000,-1.5184808587634000e+00,6.4750104851315127e-01,3.5633344881627595e-02,-6.2079225452912968e-03,3.7895160493627698e-02,-2.2299954751805124e-03
2461003.80000000,-1.5191011524837519e+00,6.5129035172828809e-01,3.5410333689562756e-02,-6.1979571492553395e-03,3.7890900903627157e-02,-2.2302278939535783e-03
2461003.90000000,-1.5197204513220697e+00,6.5507922855640410e-01,3.5187299371093002e-02,-6.1880248385769981e-03,3.7886632425481015e-02,-2.2304579846365953e-03
2461004.00000000,-1.5203387585813712e+00,6.5886767809851732e-01,3.4964242159424785e-02,-6.1781255605362698e-03,3.7882355208586994e-02,-2.2306857600471242e-03
2461004.10000000,-1.5209560775622473e+00,6.6265569948818126e-01,3.4741162285445298e-02,-6.1682592615154809e-03,3.7878069401346443e-02,-2.2309112329824093e-03
2461004.20000000,-1.5215724115598839e+00,6.6644329187374052e-01,3.4518059978763130e-02,-6.1584258870593621e-03,3.7873775151183731e-02,-2.2311344162175570e-03
2461004.30000000,-1.5221877638611174e+00,6.7023045440059903e-01,3.4294935468749552e-02,-6.1486253819341150e-03,3.7869472604566037e-02,-2.2313553225037845e-03
2461004.40000000,-1.5228021377558087e+00,6.7401718628166174e-01,3.4071788980384717e-02,-6.1388576899584291e-03,3.7865161906923038e-02,-2.2315739645718175e-03
2461004.50000000,-1.5234155365195734e+00,6.7780348669142421e-01,3.3848620740494086e-02,-6.1291227542906290e-03,3.7860843202767079e-02,-2.2317903551250192e-03
2461004.60000000,-1.5240279634251637e+00,6.8158935483641936e-01,3.3625430973594959e-02,-6.1194205172592003e-03,3.7856516635613138e-02,-2.2320045068428326e-03
2461004.70000000,-1.5246394217395285e+00,6.8537478993748224e-01,3.3402219902937964e-02,-6.1097509204216405e-03,3.7852182347999148e-02,-2.2322164323790726e-03
2461004.80000000,-1.5252499147208922e+00,6.8915979121202897e-01,3.3178987751549240e-02,-6.1001139046223040e-03,3.7847840481506467e-02,-2.2324261443603002e-03
2461004.90000000,-1.5258594456300498e+00,6.9294435794445741e-01,3.2955734738074921e-02,-6.0905094098260039e-03,3.7843491176679456e-02,-2.2326336553890663e-03
2461005.00000000,-1.5264680177132319e+00,6.9672848938029830e-01,3.2732461083020921e-02,-6.0809373754001144e-03,3.7839134573147311e-02,-2.2328389780374236e-03
2461005.10000000,-1.5270756342134129e+00,7.0051218479662114e-01,3.2509167004597786e-02,-6.0713977399476805e-03,3.7834770809543949e-02,-2.2330421248502189e-03
2461005.20000000,-1.5276822983673899e+00,7.0429544348430972e-01,3.2285852719763072e-02,-6.0618904413650343e-03,3.7830400023528908e-02,-2.2332431083435023e-03
2461005.30000000,-1.5282880134028982e+00,7.0807826473035118e-01,3.2062518445264157e-02,-6.0524154168984049e-03,3.7826022351808708e-02,-2.2334419410030113e-03
2461005.40000000,-1.5288927825498178e+00,7.1186064788819692e-01,3.1839164393481299e-02,-6.0429726029800580e-03,3.7821637930056128e-02,-2.2336386352872759e-03
2461005.50000000,-1.5294966090231825e+00,7.1564259227197513e-01,3.1615790778670487e-02,-6.0335619355053952e-03,3.7817246893033736e-02,-2.2338332036214931e-03
2461005.60000000,-1.5300994960344030e+00,7.1942409722685541e-01,3.1392397812806706e-02,-6.0241833496685899e-03,3.7812849374513506e-02,-2.2340256584006809e-03
2461005.70000000,-1.5307014467883753e+00,7.2320516211133601e-01,3.1168985706627052e-02,-6.0148367800189678e-03,3.7808445507298442e-02,-2.2342160119881924e-03
2461005.80000000,-1.5313024644806230e+00,7.2698578627954324e-01,3.0945554670674318e-02,-6.0055221605163824e-03,3.7804035423244543e-02,-2.2344042767143096e-03
2461005.90000000,-1.5319025523084235e+00,7.3076596915155234e-01,3.0722104911138519e-02,-5.9962394243698383e-03,3.7799619253180088e-02,-2.2345904648792140e-03
2461006.00000000,-1.5325017134539556e+00,7.3454571010766201e-01,3.0498636636102715e-02,-5.9869885043096300e-03,3.7795197127030403e-02,-2.2347745887472130e-03
2461006.10000000,-1.5330999510954373e+00,7.3832500855871885e-01,3.0275150051384741e-02,-5.9777693324254708e-03,3.7790769173737429e-02,-2.2349566605497488e-03
2461006.20000000,-1.5336972684042667e+00,7.4210386392841532e-01,3.0051645361581007e-02,-5.9685818402216177e-03,3.7786335521281952e-02,-2.2351366924840289e-03
2461006.30000000,-1.5342936685421875e+00,7.4588227563560083e-01,2.9828122771110816e-02,-5.9594259586710210e-03,3.7781896296706141e-02,-2.2353146967117174e-03
2461006.40000000,-1.5348891546723387e+00,7.4966024316456159e-01,2.9604582480056391e-02,-5.9503016180564071e-03,3.7777451626032743e-02,-2.2354906853617718e-03
2461006.50000000,-1.5354837299425343e+00,7.5343776595935763e-01,2.9381024690411501e-02,-5.9412087482374667e-03,3.7773001634391144e-02,-2.2356646705250132e-03
2461006.60000000,-1.5360773974963222e+00,7.5721484349410795e-01,2.9157449601921761e-02,-5.9321472784914535e-03,3.7768546445936711e-02,-2.2358366642569968e-03
2461006.70000000,-1.5366701604701516e+00,7.6099147525529920e-01,2.8933857413129042e-02,-5.9231171375670674e-03,3.7764086183873669e-02,-2.2360066785767443e-03
2461006.80000000,-1.5372620219905657e+00,7.6476766072410807e-01,2.8710248322416459e-02,-5.9141182537373630e-03,3.7759620970478150e-02,-2.2361747254655384e-03
2461006.90000000,-1.5378529851851734e+00,7.6854339944664096e-01,2.8486622523846965e-02,-5.9051505546432563e-03,3.7755150927017277e-02,-2.2363408168696256e-03
2461007.00000000,-1.5384430531660598e+00,7.7231869092833438e-01,2.8262980213414678e-02,-5.8962139675558228e-03,3.7750676173876348e-02,-2.2365049646951153e-03
2461007.10000000,-1.5390322290407665e+00,7.7609353470419895e-01,2.8039321584883703e-02,-5.8873084192193189e-03,3.7746196830478120e-02,-2.2366671808107218e-03
2461007.20000000,-1.5396205159094865e+00,7.7986793032114121e-01,2.7815646830833197e-02,-5.8784338359038207e-03,3.7741713015306155e-02,-2.2368274770465909e-03
2461007.30000000,-1.5402079168622824e+00,7.8364187732029578e-01,2.7591956143702929e-02,-5.8695901434569148e-03,3.7737224845928306e-02,-2.2369858651931892e-03
2461007.40000000,-1.5407944349899794e+00,7.8741537530722672e-01,2.7368249711630557e-02,-5.8607772671495847e-03,3.7732732438915798e-02,-2.2371423570038819e-03
2461007.50000000,-1.5413800733677074e+00,7.9118842384638899e-01,2.7144527724705412e-02,-5.8519951319336719e-03,3.7728235909971347e-02,-2.2372969641901498e-03
2461007.60000000,-1.5419648350658028e+00,7.9496102253133505e-01,2.6920790370806004e-02,-5.8432436622872759e-03,3.7723735373848391e-02,-2.2374496984241977e-03
2461007.70000000,-1.5425487231470294e+00,7.9873317096704599e-01,2.6697037836645614e-02,-5.8345227822661746e-03,3.7719230944374856e-02,-2.2376005713378804e-03
2461007.80000000,-1.5431317406638221e+00,8.0250486875227756e-01,2.6473270308818419e-02,-5.8258324155542928e-03,3.7714722734477076e-02,-2.2377495945216804e-03
2461007.90000000,-1.5437138906691026e+00,8.0627611554971879e-01,2.6249487969635502e-02,-5.8171724853119423e-03,3.7710210856098825e-02,-2.2378967795271586e-03
2461008.00000000,-1.5442951761999515e+00,8.1004691098052040e-01,2.6025691003380935e-02,-5.8085429144284911e-03,3.7705695420330282e-02,-2.2380421378624818e-03
2461008.10000000,-1.5448756002884310e+00,8.1381725469445876e-01,2.5801879592148025e-02,-5.7999436253701239e-03,3.7701176537327186e-02,-2.2381856809949026e-03
2461008.20000000,-1.5454551659588316e+00,8.1758714635228036e-01,2.5578053916885463e-02,-5.7913745402300440e-03,3.7696654316335051e-02,-2.2383274203497745e-03
2461008.30000000,-1.5460338762249415e+00,8.2135658560805880e-01,2.5354214158443848e-02,-5.7828355807777341e-03,3.7692128865713395e-02,-2.2384673673096198e-03
2461008.40000000,-1.5466117341007866e+00,8.2512557217931393e-01,2.5130360493410574e-02,-5.7743266683095247e-03,3.7687600292854714e-02,-2.2386055332164526e-03
2461008.50000000,-1.5471887425844275e+00,8.2889410574160471e-01,2.4906493100368052e-02,-5.7658477238965219e-03,3.7683068704314281e-02,-2.2387419293676048e-03
2461008.60000000,-1.5477649046687076e+00,8.3266218599865194e-01,2.4682612155728739e-02,-5.7573986682346971e-03,3.7678534205729197e-02,-2.2388765670180865e-03
2461008.70000000,-1.5483402233385226e+00,8.3642981266469574e-01,2.4458717834781766e-02,-5.7489794216938903e-03,3.7673996901842914e-02,-2.2390094573796777e-03
2461008.80000000,-1.5489147015681168e+00,8.4019698544686505e-01,2.4234810312739927e-02,-5.7405899043658781e-03,3.7669456896529806e-02,-2.2391406116200863e-03
2461008.90000000,-1.5494883423317480e+00,8.4396370411525534e-01,2.4010889760573372e-02,-5.7322300359172237e-03,3.7664914292714180e-02,-2.2392700408651470e-03
2461009.00000000,-1.5500611485876055e+00,8.4772996839758641e-01,2.3786956351269938e-02,-5.7238997358325478e-03,3.7660369192500626e-02,-2.2393977561949358e-03
2461009.10000000,-1.5506331232884862e+00,8.5149577804928633e-01,2.3563010255668954e-02,-5.7155989232669053e-03,3.7655821697093042e-02,-2.2395237686460077e-03
2461009.20000000,-1.5512042693790877e+00,8.5526113283585903e-01,2.3339051643508319e-02,-5.7073275170936100e-03,3.7651271906819522e-02,-2.2396480892105685e-03
2461009.30000000,-1.5517745897933279e+00,8.5902603251526755e-01,2.3115080684471899e-02,-5.6990854359511177e-03,3.7646719921157132e-02,-2.2397707288357139e-03
2461009.40000000,-1.5523440874649366e+00,8.6279047690797073e-01,2.2891097544022170e-02,-5.6908725980981461e-03,3.7642165838650911e-02,-2.2398916984255114e-03
2461009.50000000,-1.5529127653114949e+00,8.6655446579164686e-01,2.2667102389662377e-02,-5.6826889216523386e-03,3.7637609757044763e-02,-2.2400110088373866e-03
2461009.60000000,-1.5534806262450374e+00,8.7031799897123630e-01,2.2443095386769286e-02,-5.6745343244449051e-03,3.7633051773200539e-02,-2.2401286708842449e-03
2461009.70000000,-1.5540476731693693e+00,8.7408107626132259e-01,2.2219076699640641e-02,-5.6664087240672735e-03,3.7628491983122993e-02,-2.2402446953337187e-03
2461009.80000000,-1.5546139089774089e+00,8.7784369746852720e-01,2.1995046492542952e-02,-5.6583120379168367e-03,3.7623930481985000e-02,-2.2403590929074833e-03
2461009.90000000,-1.5551793365617070e+00,8.8160586246150596e-01,2.1771004925543087e-02,-5.6502441830542796e-03,3.7619367364046356e-02,-2.2404718742832213e-03
2461010.00000000,-1.5557439587986057e+00,8.8536757106573905e-01,2.1546952160772168e-02,-5.6422050764377216e-03,3.7614802722785272e-02,-2.2405830500912792e-03
2461010.10000000,-1.5563077785587671e+00,8.8912882313353170e-01,2.1322888358257342e-02,-5.6341946347795904e-03,3.7610236650817343e-02,-2.2406926309166651e-03
2461010.20000000,-1.5568707987045138e+00,8.9288961852640902e-01,2.1098813676969533e-02,-5.6262127745921311e-03,3.7605669239920821e-02,-2.2408006272983771e-03
2461010.30000000,-1.5574330220871946e+00,8.9664995709752315e-01,2.0874728275871599e-02,-5.6182594122320068e-03,3.7601100581061843e-02,-2.2409070497287826e-03
2461010.40000000,-1.5579944515576336e+00,9.0040983876160896e-01,2.0650632309748947e-02,-5.6103344637598437e-03,3.7596530764313421e-02,-2.2410119086554779e-03
2461010.50000000,-1.5585550899504022e+00,9.0416926338983983e-01,2.0426525935475059e-02,-5.6024378451698924e-03,3.7591959878987197e-02,-2.2411152144781940e-03
2461010.60000000,-1.5591149400942792e+00,9.0792823087978836e-01,2.0202409307842260e-02,-5.5945694722491215e-03,3.7587388013552409e-02,-2.2412169775506831e-03
2461010.70000000,-1.5596740048096140e+00,9.1168674113783288e-01,1.9978282580609831e-02,-5.5867292606215950e-03,3.7582815255661373e-02,-2.2413172081801143e-03
2461010.80000000,-1.5602322869057130e+00,9.1544479406157764e-01,1.9754145907552409e-02,-5.5789171257919672e-03,3.7578241692174802e-02,-2.2414159166265256e-03
2461010.90000000,-1.5607897891912190e+00,9.1920238960976919e-01,1.9529999438289737e-02,-5.5711329830071916e-03,3.7573667409080920e-02,-2.2415131131045662e-03
2461011.00000000,-1.5613465144584988e+00,9.2295952769721556e-01,1.9305843324553658e-02,-5.5633767474818014e-03,3.7569092491627383e-02,-2.2416088077806527e-03
2461011.10000000,-1.5619024654940319e+00,9.2671620826470902e-01,1.9081677716017990e-02,-5.5556483342591783e-03,3.7564517024240324e-02,-2.2417030107747429e-03
2461011.20000000,-1.5624576450757954e+00,9.3047243126144452e-01,1.8857502761346887e-02,-5.5479476582548240e-03,3.7559941090549880e-02,-2.2417957321597959e-03
2461011.30000000,-1.5630120559706715e+00,9.3422819662745171e-01,1.8633318609243530e-02,-5.5402746342987693e-03,3.7555364773415756e-02,-2.2418869819612929e-03
2461011.40000000,-1.5635657009447606e+00,9.3798350436347200e-01,1.8409125404279039e-02,-5.5326291769994375e-03,3.7550788154846290e-02,-2.2419767701588622e-03
2461011.50000000,-1.5641185827478772e+00,9.4173835442594311e-01,1.8184923293160786e-02,-5.5250112009645894e-03,3.7546211316130548e-02,-2.2420651066836815e-03
2461011.60000000,-1.5646707041238723e+00,9.4549274679688178e-01,1.7960712420561433e-02,-5.5174206206647577e-03,3.7541634337757430e-02,-2.2421520014201356e-03
2461011.70000000,-1.5652220678080395e+00,9.4924668146631419e-01,1.7736492930167578e-02,-5.5098573504754394e-03,3.7537057299441297e-02,-2.2422374642053432e-03
2461011.80000000,-1.5657726765245428e+00,9.5300015841472230e-01,1.7512264965728625e-02,-5.5023213047184372e-03,3.7532480280147620e-02,-2.2423215048287337e-03
2461011.90000000,-1.5663225329966601e+00,9.5675317768287849e-01,1.7288028666884909e-02,-5.4948123975278465e-03,3.7527903358012031e-02,-2.2424041330335724e-03
2461012.00000000,-1.5668716399313933e+00,9.6050573926689820e-01,1.7063784175437306e-02,-5.4873305430667490e-03,3.7523326610472627e-02,-2.2424853585145841e-03
2461012.10000000,-1.5674200000297185e+00,9.6425784318808039e-01,1.6839531631175419e-02,-5.4798756553927856e-03,3.7518750114189064e-02,-2.2425651909195078e-03
2461012.20000000,-1.5679676159840155e+00,9.6800948947535226e-01,1.6615271172926445e-02,-5.4724476484992847e-03,3.7514173945068230e-02,-2.2426436398486813e-03
2461012.30000000,-1.5685144904755139e+00,9.7176067814772771e-01,1.6391002939604275e-02,-5.4650464363555683e-03,3.7509598178289964e-02,-2.2427207148546725e-03
2461012.40000000,-1.5690606261844737e+00,9.7551140928410107e-01,1.6166727066036862e-02,-5.4576719327750350e-03,3.7505022888226221e-02,-2.2427964254437055e-03
2461012.50000000,-1.5696060257748983e+00,9.7926168291836702e-01,1.5942443689236953e-02,-5.4503240516276799e-03,3.7500448148573333e-02,-2.2428707810735016e-03
2461012.60000000,-1.5701506919047210e+00,9.8301149910921992e-01,1.5718152944229551e-02,-5.4430027067077736e-03,3.7495874032271177e-02,-2.2429437911547236e-03
2461012.70000000,-1.5706946272232525e+00,9.8676085792261126e-01,1.5493854965100952e-02,-5.4357078117739585e-03,3.7491300611528902e-02,-2.2430154650506236e-03
2461012.80000000,-1.5712378343686502e+00,9.9050975941422115e-01,1.5269549886048023e-02,-5.4284392805885430e-03,3.7486727957850678e-02,-2.2430858120767250e-03
2461012.90000000,-1.5717803159780308e+00,9.9425820369921214e-01,1.5045237837204893e-02,-5.4211970267876528e-03,3.7482156141954950e-02,-2.2431548415021477e-03
2461013.00000000,-1.5723220746722890e+00,9.9800619084741438e-01,1.4820918950914702e-02,-5.4139809640896559e-03,3.7477585233906596e-02,-2.2432225625476573e-03
2461013.10000000,-1.5728631130662187e+00,1.0017537209530856e+00,1.4596593357556361e-02,-5.4067910061649169e-03,3.7473015303036247e-02,-2.2432889843870111e-03
2461013.20000000,-1.5734034337659804e+00,1.0055007941173797e+00,1.4372261186593774e-02,-5.3996270666748997e-03,3.7468446417965963e-02,-2.2433541161466517e-03
2461013.30000000,-1.5739430393665894e+00,1.0092474104308342e+00,1.4147922567625237e-02,-5.3924890593104596e-03,3.7463878646635015e-02,-2.2434179669054474e-03
2461013.40000000,-1.5744819324619639e+00,1.0129935700430794e+00,1.3923577626209499e-02,-5.3853768976640463e-03,3.7459312056219218e-02,-2.2434805456959116e-03
2461013.50000000,-1.5750201156298473e+00,1.0167392730580938e+00,1.3699226490138444e-02,-5.3782904954341086e-03,3.7454746713263008e-02,-2.2435418615024583e-03
2461013.60000000,-1.5755575914418654e+00,1.0204845196039214e+00,1.3474869285263195e-02,-5.3712297662969035e-03,3.7450182683598787e-02,-2.2436019232626443e-03
2461013.70000000,-1.5760943624610115e+00,1.0242293098151536e+00,1.3250506136543477e-02,-5.3641946239446174e-03,3.7445620032372687e-02,-2.2436607398669162e-03
2461013.80000000,-1.5766304312391555e+00,1.0279736438154283e+00,1.3026137169097136e-02,-5.3571849821226975e-03,3.7441058824070214e-02,-2.2437183201583963e-03
2461013.90000000,-1.5771658003270257e+00,1.0317175217871026e+00,1.2801762504025614e-02,-5.3502007545040775e-03,3.7436499122435733e-02,-2.2437746729340041e-03
2461014.00000000,-1.5777004722592369e+00,1.0354609438665696e+00,1.2577382264687452e-02,-5.3432418548896281e-03,3.7431940990604415e-02,-2.2438298069429098e-03
2461014.10000000,-1.5782344495642788e+00,1.0392039102139385e+00,1.2352996572523806e-02,-5.3363081970820066e-03,3.7427384491021655e-02,-2.2438837308876715e-03
2461014.20000000,-1.5787677347620239e+00,1.0429464209955277e+00,1.2128605548107916e-02,-5.3293996949228253e-03,3.7422829685468784e-02,-2.2439364534240329e-03
2461014.30000000,-1.5793003303612529e+00,1.0466884763663773e+00,1.1904209312194726e-02,-5.3225162623290381e-03,3.7418276635088656e-02,-2.2439879831607566e-03
2461014.40000000,-1.5798322388695751e+00,1.0504300765398826e+00,1.1679807981545815e-02,-5.3156578131691662e-03,3.7413725400305346e-02,-2.2440383286606463e-03
2461014.50000000,-1.5803634627785548e+00,1.0541712216831751e+00,1.1455401675203638e-02,-5.3088242614598800e-03,3.7409176040955748e-02,-2.2440874984391889e-03
2461014.60000000,-1.5808940045736379e+00,1.0579119119867617e+00,1.1230990510316483e-02,-5.3020155212418580e-03,3.7404628616209176e-02,-2.2441355009655958e-03
2461014.70000000,-1.5814238667316791e+00,1.0616521476470342e+00,1.1006574603188045e-02,-5.2952315066160200e-03,3.7400083184593001e-02,-2.2441823446626413e-03
2461014.80000000,-1.5819530517184817e+00,1.0653919288487923e+00,1.0782154070327097e-02,-5.2884721317790050e-03,3.7395539804018212e-02,-2.2442280379065412e-03
2461014.90000000,-1.5824815619986616e+00,1.0691312558348351e+00,1.0557729024271968e-02,-5.2817373109013766e-03,3.7390998531699179e-02,-2.2442725890278849e-03
2461015.00000000,-1.5830094000208670e+00,1.0728701288014115e+00,1.0333299579865384e-02,-5.2750269583203982e-03,3.7386459424285007e-02,-2.2443160063104505e-03
2461015.10000000,-1.5835365682276454e+00,1.0766085479678174e+00,1.0108865850078943e-02,-5.2683409884178873e-03,3.7381922537779305e-02,-2.2443582979921519e-03
2461015.20000000,-1.5840630690529878e+00,1.0803465135589176e+00,9.8844279470627575e-03,-5.2616793156555382e-03,3.7377387927565654e-02,-2.2443994722649283e-03
2461015.30000000,-1.5845889049198869e+00,1.0840840257876825e+00,9.6599859831951827e-03,-5.2550418546095179e-03,3.7372855648433186e-02,-2.2444395372746510e-03
2461015.40000000,-1.5851140782501403e+00,1.0878210849247385e+00,9.4355400669068386e-03,-5.2484285198506142e-03,3.7368325754496438e-02,-2.2444785011219697e-03
2461015.50000000,-1.5856385914496649e+00,1.0915576911938845e+00,9.2110903089560048e-03,-5.2418392261332986e-03,3.7363798299326414e-02,-2.2445163718613007e-03
2461015.60000000,-1.5861624469183049e+00,1.0952938448416498e+00,8.9866368182526506e-03,-5.2352738882755351e-03,3.7359273335870406e-02,-2.2445531575016795e-03
2461015.70000000,-1.5866856470473911e+00,1.0990295461198289e+00,8.7621797029081155e-03,-5.2287324211932303e-03,3.7354750916477518e-02,-2.2445888660066896e-03
2461015.80000000,-1.5872081942173193e+00,1.1027647952680277e+00,8.5377190712848886e-03,-5.2222147399339641e-03,3.7350231092923972e-02,-2.2446235052944090e-03
2461015.90000000,-1.5877300908072911e+00,1.1064995925831784e+00,8.3132550278201996e-03,-5.2157207595590642e-03,3.7345713916333297e-02,-2.2446570832381670e-03
2461016.00000000,-1.5882513391807236e+00,1.1102339383151185e+00,8.0887876793019151e-03,-5.2092503953290251e-03,3.7341199437306884e-02,-2.2446896076656932e-03
2461016.10000000,-1.5887719416949972e+00,1.1139678327361093e+00,7.8643171306921385e-03,-5.2028035625852481e-03,3.7336687705844016e-02,-2.2447210863598874e-03
2461016.20000000,-1.5892919006990325e+00,1.1177012761233831e+00,7.6398434861769341e-03,-5.1963801767836489e-03,3.7332178771367325e-02,-2.2447515270587783e-03
2461016.30000000,-1.5898112185308853e+00,1.1214342687417038e+00,7.4153668502161029e-03,-5.1899801535275391e-03,3.7327672682747913e-02,-2.2447809374555069e-03
2461016.40000000,-1.5903298975274265e+00,1.1251668109128405e+00,7.1908873233664482e-03,-5.1836034084516121e-03,3.7323169488225748e-02,-2.2448093251990014e-03
2461016.50000000,-1.5908479400098476e+00,1.1288989029112109e+00,6.9664050085580216e-03,-5.1772498574037895e-03,3.7318669235539774e-02,-2.2448366978932792e-03
2461016.60000000,-1.5913653482933476e+00,1.1326305450333614e+00,6.7419200069173896e-03,-5.1709194163288676e-03,3.7314171971848165e-02,-2.2448630630981323e-03
2461016.70000000,-1.5918821246847270e+00,1.1363617375805257e+00,6.5174324188173507e-03,-5.1646120013012983e-03,3.7309677743753614e-02,-2.2448884283291135e-03
2461016.80000000,-1.5923982714799974e+00,1.1400924808411994e+00,6.2929423449267254e-03,-5.1583275285572716e-03,3.7305186597328344e-02,-2.2449128010575653e-03
2461016.90000000,-1.5929137909740072e+00,1.1438227751605721e+00,6.0684498820332885e-03,-5.1520659143805582e-03,3.7300698578034697e-02,-2.2449361887111989e-03
2461017.00000000,-1.5934286854460340e+00,1.1475526208362388e+00,5.8439551293203483e-03,-5.1458270752808722e-03,3.7296213730854767e-02,-2.2449585986735543e-03
2461017.10000000,-1.5939429571694155e+00,1.1512820181876360e+00,5.6194581841896712e-03,-5.1396109278794072e-03,3.7291732100210889e-02,-2.2449800382845940e-03
2461017.20000000,-1.5944566084091585e+00,1.1550109675386160e+00,5.3949591433112088e-03,-5.1334173889408044e-03,3.7287253729990706e-02,-2.2450005148407300e-03
2461017.30000000,-1.5949696414195662e+00,1.1587394692000319e+00,5.1704581036728621e-03,-5.1272463754044473e-03,3.7282778663572089e-02,-2.2450200355948755e-03
2461017.40000000,-1.5954820584538059e+00,1.1624675235391324e+00,4.9459551584031466e-03,-5.1210978042721721e-03,3.7278306943743990e-02,-2.2450386077569498e-03
2461017.50000000,-1.5959938617495890e+00,1.1661951308753358e+00,4.7214504030480024e-03,-5.1149715927831883e-03,3.7273838612835453e-02,-2.2450562384934746e-03
2461017.60000000,-1.5965050535387473e+00,1.1699222915496270e+00,4.4969439313934456e-03,-5.1088676583014875e-03,3.7269373712636375e-02,-2.2450729349280897e-03
2461017.70000000,-1.5970156360448566e+00,1.1736490059071458e+00,4.2724358365152726e-03,-5.1027859183470333e-03,3.7264912284422469e-02,-2.2450887041416102e-03
2461017.80000000,-1.5975256114808782e+00,1.1773752742797814e+00,4.0479262118287927e-03,-5.0967262906262845e-03,3.7260454368979942e-02,-2.2451035531721062e-03
2461017.90000000,-1.5980349820586737e+00,1.1811010970555302e+00,3.8234151469112576e-03,-5.0906886929217455e-03,3.7256000006526582e-02,-2.2451174890153270e-03
2461018.00000000,-1.5985437499747697e+00,1.1848264745743329e+00,3.5989027337788417e-03,-5.0846730432635243e-03,3.7251549236840299e-02,-2.2451305186244387e-03
2461018.10000000,-1.5990519174198776e+00,1.1885514071974324e+00,3.3743890627090556e-03,-5.0786792598185833e-03,3.7247102099180085e-02,-2.2451426489104578e-03
2461018.20000000,-1.5995594865765341e+00,1.1922758952899746e+00,3.1498742232904144e-03,-5.0727072609211771e-03,3.7242658632310709e-02,-2.2451538867423342e-03
2461018.30000000,-1.6000664596167591e+00,1.1959999392036154e+00,2.9253583054721197e-03,-5.0667569651026336e-03,3.7238218874527385e-02,-2.2451642389470614e-03
2461018.40000000,-1.6005728387115110e+00,1.1997235393458374e+00,2.7008413953863047e-03,-5.0608282909827039e-03,3.7233782863577015e-02,-2.2451737123100226e-03
2461018.50000000,-1.6010786260165413e+00,1.2034466960758534e+00,2.4763235816251030e-03,-5.0549211574378470e-03,3.7229350636786195e-02,-2.2451823135748576e-03
2461018.60000000,-1.6015838236818574e+00,1.2071694097739243e+00,2.2518049510628722e-03,-5.0490354834922891e-03,3.7224922230982324e-02,-2.2451900494438221e-03
2461018.70000000,-1.6020884338493775e+00,1.2108916808239703e+00,2.0272855899058089e-03,-5.0431711883477306e-03,3.7220497682518255e-02,-2.2451969265778944e-03
2461018.80000000,-1.6025924586506042e+00,1.2146135095961932e+00,1.8027655847415740e-03,-5.0373281914124083e-03,3.7216077027296672e-02,-2.2452029515969123e-03
2461018.90000000,-1.6030959002160261e+00,1.2183348965163532e+00,1.5782450183613797e-03,-5.0315064121942300e-03,3.7211660300691667e-02,-2.2452081310798439e-03
2461019.00000000,-1.6035987606610556e+00,1.2220558419617322e+00,1.3537239760370954e-03,-5.0257057704658431e-03,3.7207247537676104e-02,-2.2452124715647824e-03
2461019.10000000,-1.6041010420954362e+00,1.2257763463304179e+00,1.1292025413433102e-03,-5.0199261861574853e-03,3.7202838772742990e-02,-2.2452159795492226e-03
2461019.20000000,-1.6046027466209141e+00,1.2294964100239245e+00,9.0468079720688703e-04,-5.0141675793859801e-03,3.7198434039929923e-02,-2.2452186614902022e-03
2461019.30000000,-1.6051038763289245e+00,1.2332160334298270e+00,6.8015882695651438e-04,-5.0084298704831092e-03,3.7194033372843376e-02,-2.2452205238044551e-03
2461019.40000000,-1.6056044333099422e+00,1.2369352169909984e+00,4.5563671014467775e-04,-5.0027129798904946e-03,3.7189636804580400e-02,-2.2452215728686114e-03
2461019.50000000,-1.6061044196394989e+00,1.2406539611016392e+00,2.3111452882473602e-04,-4.9970168283215320e-03,3.7185244367855440e-02,-2.2452218150193124e-03
2461019.60000000,-1.6066038373875391e+00,1.2443722661765202e+00,6.5923633728628872e-06,-4.9913413366559998e-03,3.7180856094921978e-02,-2.2452212565534173e-03
2461019.70000000,-1.6071026886161055e+00,1.2480901326336149e+00,-2.1792970646247148e-04,-4.9856864259683739e-03,3.7176472017596773e-02,-2.2452199037281601e-03
2461019.80000000,-1.6076009753770382e+00,1.2518075608767467e+00,-4.4245160051103501e-04,-4.9800520175555200e-03,3.7172092167283906e-02,-2.2452177627613305e-03
2461019.90000000,-1.6080986997212752e+00,1.2555245513647879e+00,-6.6697324235894223e-04,-4.9744380328333110e-03,3.7167716574896918e-02,-2.2452148398314038e-03
2461020.00000000,-1.6085958636849482e+00,1.2592411045077514e+00,-8.9149455307166448e-04,-4.9688443934954854e-03,3.7163345270984763e-02,-2.2452111410777662e-03
2461020.10000000,-1.6090924692986874e+00,1.2629572207359934e+00,-1.1160154553721746e-03,-4.9632710214099962e-03,3.7158978285653850e-02,-2.2452066726008526e-03
2461020.20000000,-1.6095885185853198e+00,1.2666729004828599e+00,-1.3405358725915484e-03,-4.9577178386466542e-03,3.7154615648592099e-02,-2.2452014404623281e-03
2461020.30000000,-1.6100840135575833e+00,1.2703881441673457e+00,-1.5650557276195968e-03,-4.9521847675041801e-03,3.7150257389092715e-02,-2.2451954506852844e-03
2461020.40000000,-1.6105789562273747e+00,1.2741029522632521e+00,-1.7895749470830194e-03,-4.9466717304085172e-03,3.7145903535976681e-02,-2.2451887092543028e-03
2461020.50000000,-1.6110733485919251e+00,1.2778173251953442e+00,-2.0140934550685568e-03,-4.9411786500686804e-03,3.7141554117718009e-02,-2.2451812221157934e-03
2461020.60000000,-1.6115671926430528e+00,1.2815312634085139e+00,-2.2386111773011860e-03,-4.9357054493748328e-03,3.7137209162366104e-02,-2.2451729951780582e-03
2461020.70000000,-1.6120604903648750e+00,1.2852447673504368e+00,-2.4631280400948174e-03,-4.9302520514252768e-03,3.7132868697569529e-02,-2.2451640343114933e-03
2461020.80000000,-1.6125532437315375e+00,1.2889578374542461e+00,-2.6876439693030315e-03,-4.9248183795528649e-03,3.7128532750599672e-02,-2.2451543453488100e-03
2461020.90000000,-1.6130454547164081e+00,1.2926704742076485e+00,-2.9121588944972469e-03,-4.9194043572250113e-03,3.7124201348273517e-02,-2.2451439340850235e-03
2461021.00000000,-1.6135371252783330e+00,1.2963826780491454e+00,-3.1366727426900662e-03,-4.9140099081965930e-03,3.7119874517078176e-02,-2.2451328062779007e-03
2461021.10000000,-1.6140282573708380e+00,1.3000944494371574e+00,-3.3611854425134881e-03,-4.9086349564097086e-03,3.7115552283093531e-02,-2.2451209676479580e-03
2461021.20000000,-1.6145188529398524e+00,1.3038057888326939e+00,-3.5856969231697123e-03,-4.9032794260200465e-03,3.7111234672015839e-02,-2.2451084238786813e-03
2461021.30000000,-1.6150089139214527e+00,1.3075166966820351e+00,-3.8102071133819873e-03,-4.8979432414226970e-03,3.7106921709181222e-02,-2.2450951806167606e-03
2461021.40000000,-1.6154984422510064e+00,1.3112271734858139e+00,-4.0347159455727576e-03,-4.8926263271538081e-03,3.7102613419488686e-02,-2.2450812434720220e-03
2461021.50000000,-1.6159874398495044e+00,1.3149372196952969e+00,-4.2592233495872623e-03,-4.8873286080406090e-03,3.7098309827523920e-02,-2.2450666180179714e-03
2461021.60000000,-1.6164759086327116e+00,1.3186468357814694e+00,-4.4837292568717258e-03,-4.8820500091028372e-03,3.7094010957482340e-02,-2.2450513097917266e-03
2461021.70000000,-1.6169638505089055e+00,1.3223560222177182e+00,-4.7082335994242759e-03,-4.8767904555785096e-03,3.7089716833192454e-02,-2.2450353242942545e-03
2461021.80000000,-1.6174512673766301e+00,1.3260647794625251e+00,-4.9327363087459178e-03,-4.8715498729491255e-03,3.7085427478139067e-02,-2.2450186669906256e-03
2461021.90000000,-1.6179381611337940e+00,1.3297731080285118e+00,-5.1572373200186291e-03,-4.8663281868429626e-03,3.7081142915386688e-02,-2.2450013433098813e-03
2461022.00000000,-1.6184245336640741e+00,1.3334810083787783e+00,-5.3817365658292522e-03,-4.8611253231822960e-03,3.7076863167702652e-02,-2.2449833586456721e-03
2461022.10000000,-1.6189103868460188e+00,1.3371884809959542e+00,-5.6062339803476420e-03,-4.8559412080864481e-03,3.7072588257480353e-02,-2.2449647183561293e-03
2461022.20000000,-1.6193957225508002e+00,1.3408955263648910e+00,-5.8307294982776975e-03,-4.8507757678969846e-03,3.7068318206762436e-02,-2.2449454277641162e-03
2461022.30000000,-1.6198805426399787e+00,1.3446021449553676e+00,-6.0552230538084787e-03,-4.8456289292023403e-03,3.7064053037263914e-02,-2.2449254921575014e-03
2461022.40000000,-1.6203648489745541e+00,1.3483083372910951e+00,-6.2797145847922065e-03,-4.8405006187427248e-03,3.7059792770295773e-02,-2.2449049167889627e-03
2461022.50000000,-1.6208486434014429e+00,1.3520141038461191e+00,-6.5042040264685066e-03,-4.8353907635545843e-03,3.7055537426887351e-02,-2.2448837068767169e-03
2461022.60000000,-1.6213319277625315e+00,1.3557194451138335e+00,-6.7286913156424707e-03,-4.8302992908752750e-03,3.7051287027709989e-02,-2.2448618676043329e-03
2461022.70000000,-1.6218147038924429e+00,1.3594243615896808e+00,-6.9531763896358307e-03,-4.8252261281676815e-03,3.7047041593099968e-02,-2.2448394041209960e-03
2461022.80000000,-1.6222969736163118e+00,1.3631288537538711e+00,-7.1776591852381975e-03,-4.8201712031442981e-03,3.7042801143081304e-02,-2.2448163215417968e-03
2461022.90000000,-1.6227787387587895e+00,1.3668329221403488e+00,-7.4021396428849652e-03,-4.8151344436737067e-03,3.7038565697289916e-02,-2.2447926249474729e-03
2461023.00000000,-1.6232600011305924e+00,1.3705365672332575e+00,-7.6266177003819291e-03,-4.8101157779223535e-03,3.7034335275095039e-02,-2.2447683193852317e-03
2461023.10000000,-1.6237407625375087e+00,1.3742397895359106e+00,-7.8510932970832503e-03,-4.8051151342608078e-03,3.7030109895523335e-02,-2.2447434098684989e-03
2461023.20000000,-1.6242210247781756e+00,1.3779425895535087e+00,-8.0755663728427473e-03,-4.8001324412878382e-03,3.7025889577281548e-02,-2.2447179013772040e-03
2461023.30000000,-1.6247007896418688e+00,1.3816449677758669e+00,-8.3000368669653105e-03,-4.7951676278539480e-03,3.7021674338779162e-02,-2.2446917988580726e-03
2461023.40000000,-1.6251800589174592e+00,1.3853469247463452e+00,-8.5245047223846300e-03,-4.7902206229694178e-03,3.7017464198052838e-02,-2.2446651072243230e-03
2461023.50000000,-1.6256588343800304e+00,1.3890484609583722e+00,-8.7489698793882780e-03,-4.7852913559434445e-03,3.7013259172887100e-02,-2.2446378313565633e-03
2461023.60000000,-1.6261371177998427e+00,1.3927495769243798e+00,-8.9734322797955096e-03,-4.7803797562919713e-03,3.7009059280738756e-02,-2.2446099761024877e-03
2461023.70000000,-1.6266149109401193e+00,1.3964502731585291e+00,-9.1978918659087160e-03,-4.7754857537612265e-03,3.7004864538759376e-02,-2.2445815462771709e-03
2461023.80000000,-1.6270922155548473e+00,1.4001505501594529e+00,-9.4223485794649696e-03,-4.7706092783507351e-03,3.7000674963817717e-02,-2.2445525466633811e-03
2461023.90000000,-1.6275690333976907e+00,1.4038504084791441e+00,-9.6468023658136150e-03,-4.7657502602229101e-03,3.6996490572424538e-02,-2.2445229820112099e-03
2461024.00000000,-1.6280453662086756e+00,1.4075498486195432e+00,-9.8712531676417876e-03,-4.7609086298395992e-03,3.6992311380852481e-02,-2.2444928570390594e-03
2461024.10000000,-1.6285212157231084e+00,1.4112488711014330e+00,-1.0095700929152070e-02,-4.7560843178714634e-03,3.6988137405060836e-02,-2.2444621764332760e-03
2461024.20000000,-1.6289965836693738e+00,1.4149474764471770e+00,-1.0320145595014098e-02,-4.7512772552210031e-03,3.6983968660717861e-02,-2.2444309448484633e-03
2461024.30000000,-1.6294714717667484e+00,1.4186456651634716e+00,-1.0544587109316248e-02,-4.7464873730450616e-03,3.6979805163222912e-02,-2.2443991669077999e-03
2461024.40000000,-1.6299458817342665e+00,1.4223434378101980e+00,-1.0769025419743035e-02,-4.7417146026659243e-03,3.6975646927631695e-02,-2.2443668472026247e-03
2461024.50000000,-1.6304198152774758e+00,1.4260407948970701e+00,-1.0993460471301154e-02,-4.7369588757053532e-03,3.6971493968775283e-02,-2.2443339902934920e-03
2461024.60000000,-1.6308932740973074e+00,1.4297377369524906e+00,-1.1217892210496938e-02,-4.7322201239954811e-03,3.6967346301185339e-02,-2.2443006007097570e-03
2461024.70000000,-1.6313662598878880e+00,1.4334342645063012e+00,-1.1442320584288105e-02,-4.7274982796013283e-03,3.6963203939116111e-02,-2.2442666829498963e-03
2461024.80000000,-1.6318387743343628e+00,1.4371303780725442e+00,-1.1666745539035631e-02,-4.7227932748428294e-03,3.6959066896566403e-02,-2.2442322414818420e-03
2461024.90000000,-1.6323108191217184e+00,1.4408260782182802e+00,-1.1891167024680920e-02,-4.7181050422074131e-03,3.6954935187205253e-02,-2.2441972807425072e-03
2461025.00000000,-1.6327823959216048e+00,1.4445213654602924e+00,-1.2115584988472382e-02,-4.7134335144815714e-03,3.6950808824490068e-02,-2.2441618051389218e-03
2461025.10000000,-1.6332535064011606e+00,1.4482162403339052e+00,-1.2339999379142680e-02,-4.7087786246632519e-03,3.6946687821592217e-02,-2.2441258190477628e-03
2461025.20000000,-1.6337241522208359e+00,1.4519107033757483e+00,-1.2564410145860634e-02,-4.7041403059838865e-03,3.6942572191418867e-02,-2.2440893268156873e-03
2461025.30000000,-1.6341943350322279e+00,1.4556047551065281e+00,-1.2788817237183272e-02,-4.6995184919299462e-03,3.6938461946634742e-02,-2.2440523327596712e-03
2461025.40000000,-1.6346640564868584e+00,1.4592983960998063e+00,-1.3013220605232734e-02,-4.6949131161569775e-03,3.6934357099588068e-02,-2.2440148411664940e-03
2461025.50000000,-1.6351333182230625e+00,1.4629916268787646e+00,-1.3237620199423466e-02,-4.6903241126187737e-03,3.6930257662428051e-02,-2.2439768562939363e-03
2461025.60000000,-1.6356021218747696e+00,1.4666844479849874e+00,-1.3462015970639181e-02,-4.6857514154812251e-03,3.6926163647030746e-02,-2.2439383823702622e-03
2461025.70000000,-1.6360704690693384e+00,1.4703768599612346e+00,-1.3686407870184969e-02,-4.6811949591438846e-03,3.6922075065020703e-02,-2.2438994235945632e-03
2461025.80000000,-1.6365383614254005e+00,1.4740688633342245e+00,-1.3910795848739487e-02,-4.6766546782610616e-03,3.6917991927792562e-02,-2.2438599841371086e-03
2461025.90000000,-1.6370058005615984e+00,1.4777604586833759e+00,-1.4135179860531619e-02,-4.6721305076572938e-03,3.6913914246437342e-02,-2.2438200681387747e-03
2461026.00000000,-1.6374727880835347e+00,1.4814516465376317e+00,-1.4359559857068268e-02,-4.6676223824541636e-03,3.6909842031859048e-02,-2.2437796797123164e-03
2461026.10000000,-1.6379393255925152e+00,1.4851424274442031e+00,-1.4583935791311056e-02,-4.6631302379855997e-03,3.6905775294701022e-02,-2.2437388229418001e-03
2461026.20000000,-1.6384054146833895e+00,1.4888328019513553e+00,-1.4808307616628602e-02,-4.6586540098189754e-03,3.6901714045367358e-02,-2.2436975018829534e-03
2461026.30000000,-1.6388710569424085e+00,1.4925227705911983e+00,-1.5032675285748899e-02,-4.6541936337757637e-03,3.6897658294044185e-02,-2.2436557205635236e-03
2461026.40000000,-1.6393362539559189e+00,1.4962123339483961e+00,-1.5257038754935663e-02,-4.6497490458484274e-03,3.6893608050626497e-02,-2.2436134829826658e-03
2461026.50000000,-1.6398010072973770e+00,1.4999014925570440e+00,-1.5481397977716785e-02,-4.6453201823249300e-03,3.6889563324833854e-02,-2.2435707931122736e-03
2461026.60000000,-1.6402653185360454e+00,1.5035902469693803e+00,-1.5705752909060736e-02,-4.6409069797054480e-03,3.6885524126137131e-02,-2.2435276548963671e-03
2461026.70000000,-1.6407291892348499e+00,1.5072785977385779e+00,-1.5930103504329027e-02,-4.6365093747230413e-03,3.6881490463779733e-02,-2.2434840722514483e-03
2461026.80000000,-1.6411926209482437e+00,1.5109665454015520e+00,-1.6154449718228752e-02,-4.6321273043638716e-03,3.6877462346798631e-02,-2.2434400490668732e-03
2461026.90000000,-1.6416556152308608e+00,1.5146540905476260e+00,-1.6378791508988629e-02,-4.6277607057854777e-03,3.6873439783951703e-02,-2.2433955892041898e-03
2461027.00000000,-1.6421181736245916e+00,1.5183412337154718e+00,-1.6603128832088147e-02,-4.6234095164390410e-03,3.6869422783832442e-02,-2.2433506964985315e-03
2461027.10000000,-1.6425802976672408e+00,1.5220279754617825e+00,-1.6827461644433623e-02,-4.6190736739874904e-03,3.6865411354797220e-02,-2.2433053747579600e-03
2461027.20000000,-1.6430419888903904e+00,1.5257143163440741e+00,-1.7051789903310865e-02,-4.6147531163257486e-03,3.6861405504986275e-02,-2.2432596277638297e-03
2461027.30000000,-1.6435032488172776e+00,1.5294002569035043e+00,-1.7276113565337883e-02,-4.6104477816005214e-03,3.6857405242344529e-02,-2.2432134592711632e-03
2461027.40000000,-1.6439640789714063e+00,1.5330857977335042e+00,-1.7500432590640626e-02,-4.6061576081299575e-03,3.6853410574549279e-02,-2.2431668730079511e-03
2461027.50000000,-1.6444244808636816e+00,1.5367709393767721e+00,-1.7724746936582790e-02,-4.6018825345236951e-03,3.6849421509124174e-02,-2.2431198726765998e-03
2461027.60000000,-1.6448844560010296e+00,1.5404556823939115e+00,-1.7949056561941578e-02,-4.5976224996023482e-03,3.6845438053366840e-02,-2.2430724619532318e-03
2461027.70000000,-1.6453440058842694e+00,1.5441400273462462e+00,-1.8173361425860513e-02,-4.5933774424173346e-03,3.6841460214369612e-02,-2.2430246444880581e-03
2461027.80000000,-1.6458031320060000e+00,1.5478239747786435e+00,-1.8397661486802396e-02,-4.5891473022702601e-03,3.6837487999040193e-02,-2.2429764239057606e-03
2461027.90000000,-1.6462618358591727e+00,1.5515075252881143e+00,-1.8621956706724594e-02,-4.5849320186339198e-03,3.6833521414029784e-02,-2.2429278038047502e-03
2461028.00000000,-1.6467201189242864e+00,1.5551906794208634e+00,-1.8846247044809653e-02,-4.5807315312701973e-03,3.6829560465846130e-02,-2.2428787877586667e-03
2461028.10000000,-1.6471779826779653e+00,1.5588734377408888e+00,-1.9070532461640678e-02,-4.5765457801508896e-03,3.6825605160781649e-02,-2.2428293793156418e-03
2461028.20000000,-1.6476354285908423e+00,1.5625558008128095e+00,-1.9294812918154332e-02,-4.5723747054771408e-03,3.6821655504933916e-02,-2.2427795819986774e-03
2461028.30000000,-1.6480924581254541e+00,1.5662377691846994e+00,-1.9519088374593981e-02,-4.5682182476984275e-03,3.6817711504226101e-02,-2.2427293993060302e-03
2461028.40000000,-1.6485490727447762e+00,1.5699193434566490e+00,-1.9743358794684619e-02,-4.5640763474348901e-03,3.6813773164335567e-02,-2.2426788347104337e-03
2461028.50000000,-1.6490052738994749e+00,1.5736005241778728e+00,-1.9967624139364239e-02,-4.5599489455931041e-03,3.6809840490806052e-02,-2.2426278916606516e-03
2461028.60000000,-1.6494610630364461e+00,1.5772813119152758e+00,-2.0191884370958826e-02,-4.5558359832882575e-03,3.6805913488976161e-02,-2.2425765735806951e-03
2461028.70000000,-1.6499164415967094e+00,1.5809617072362876e+00,-2.0416139452135534e-02,-4.5517374018631722e-03,3.6801992163999722e-02,-2.2425248838702115e-03
2461028.80000000,-1.6503714110133114e+00,1.5846417106917077e+00,-2.0640389344856062e-02,-4.5476531429069185e-03,3.6798076520865981e-02,-2.2424728259048746e-03
2461028.90000000,-1.6508259727198227e+00,1.5883213228842326e+00,-2.0864634014551148e-02,-4.5435831481784403e-03,3.6794166564328615e-02,-2.2424204030355691e-03
2461029.00000000,-1.6512801281376470e+00,1.5920005443656176e+00,-2.1088873423852742e-02,-4.5395273597202690e-03,3.6790262299017107e-02,-2.2423676185899877e-03
2461029.10000000,-1.6517338786845228e+00,1.5956793757052092e+00,-2.1313107536768589e-02,-4.5354857197819993e-03,3.6786363729365612e-02,-2.2423144758718190e-03
2461029.20000000,-1.6521872257724233e+00,1.5993578174727883e+00,-2.1537336317635637e-02,-4.5314581708389345e-03,3.6782470859633182e-02,-2.2422609781611331e-03
2461029.30000000,-1.6526401708054732e+00,1.6030358702214254e+00,-2.1761559730073547e-02,-4.5274446556103258e-03,3.6778583693923679e-02,-2.2422071287147849e-03
2461029.40000000,-1.6530927151884047e+00,1.6067135345559724e+00,-2.1985777741158823e-02,-4.5234451169842748e-03,3.6774702236115259e-02,-2.2421529307655535e-03
2461029.50000000,-1.6535448603139260e+00,1.6103908110302827e+00,-2.2209990315157770e-02,-4.5194594981294370e-03,3.6770826489970869e-02,-2.2420983875237940e-03
2461029.60000000,-1.6539966075711807e+00,1.6140677002157027e+00,-2.2434197417700676e-02,-4.5154877424197683e-03,3.6766956459067600e-02,-2.2420435021765846e-03
2461029.70000000,-1.6544479583436613e+00,1.6177442026839279e+00,-2.2658399014735396e-02,-4.5115297934528046e-03,3.6763092146816632e-02,-2.2419882778881191e-03
2461029.80000000,-1.6548989140071324e+00,1.6214203189898704e+00,-2.2882595071481087e-02,-4.5075855950675522e-03,3.6759233556483029e-02,-2.2419327178001126e-03
2461029.90000000,-1.6553494759380503e+00,1.6250960497401121e+00,-2.3106785556601887e-02,-4.5036550912706278e-03,3.6755380691115579e-02,-2.2418768250309072e-03
2461030.00000000,-1.6557996455009867e+00,1.6287713954901797e+00,-2.3330970435940700e-02,-4.4997382263459954e-03,3.6751533553656478e-02,-2.2418206026771689e-03
2461030.10000000,-1.6562494240570516e+00,1.6324463568130037e+00,-2.3555149676692956e-02,-4.4958349447809711e-03,3.6747692146871132e-02,-2.2417640538129982e-03
2461030.20000000,-1.6566988129618139e+00,1.6361209342817831e+00,-2.3779323246360399e-02,-4.4919451912841454e-03,3.6743856473367899e-02,-2.2417071814903274e-03
2461030.30000000,-1.6571478135632349e+00,1.6397951284528620e+00,-2.4003491111705005e-02,-4.4880689108029231e-03,3.6740026535617629e-02,-2.2416499887393314e-03
2461030.40000000,-1.6575964272100527e+00,1.6434689399341487e+00,-2.4227653242922215e-02,-4.4842060484508953e-03,3.6736202335884025e-02,-2.2415924785675004e-03
2461030.50000000,-1.6580446552392565e+00,1.6471423692824450e+00,-2.4451809607375606e-02,-4.4803565496156460e-03,3.6732383876332424e-02,-2.2415346539613771e-03
2461030.60000000,-1.6584924989844756e+00,1.6508154170718699e+00,-2.4675960173770144e-02,-4.4765203598859911e-03,3.6728571158960027e-02,-2.2414765178856346e-03
2461030.70000000,-1.6589399597739094e+00,1.6544880838767353e+00,-2.4900104911106221e-02,-4.4726974250695554e-03,3.6724764185615495e-02,-2.2414180732834767e-03
2461030.80000000,-1.6593870389282672e+00,1.6581603702544310e+00,-2.5124243787633747e-02,-4.4688876912099707e-03,3.6720962958018216e-02,-2.2413593230770548e-03
2461030.90000000,-1.6598337377691175e+00,1.6618322768138090e+00,-2.5348376775024922e-02,-4.4650911045154588e-03,3.6717167477689203e-02,-2.2413002701665075e-03
2461031.00000000,-1.6602800576064169e+00,1.6655038041125698e+00,-2.5572503842109788e-02,-4.4613076114647507e-03,3.6713377746058949e-02,-2.2412409174317376e-03
2461031.10000000,-1.6607259997468622e+00,1.6691749527256472e+00,-2.5796624959049025e-02,-4.4575371587355353e-03,3.6709593764398162e-02,-2.2411812677314551e-03
2461031.20000000,-1.6611715654918280e+00,1.6728457232280955e+00,-2.6020740096288159e-02,-4.4537796932217055e-03,3.6705815533837068e-02,-2.2411213239035884e-03
2461031.30000000,-1.6616167561353177e+00,1.6765161161779851e+00,-2.6244849223511883e-02,-4.4500351620502159e-03,3.6702043055384562e-02,-2.2410610887656961e-03
2461031.40000000,-1.6620615729722741e+00,1.6801861321847520e+00,-2.6468952313816352e-02,-4.4463035125108640e-03,3.6698276329859572e-02,-2.2410005651139816e-03
2461031.50000000,-1.6625060172861639e+00,1.6838557718066358e+00,-2.6693049337445596e-02,-4.4425846921603545e-03,3.6694515357997989e-02,-2.2409397557251053e-03
2461031.60000000,-1.6629500903572914e+00,1.6875250356190328e+00,-2.6917140265963875e-02,-4.4388786487519500e-03,3.6690760140383860e-02,-2.2408786633551993e-03
2461031.70000000,-1.6633937934607474e+00,1.6911939241973910e+00,-2.7141225071210064e-02,-4.4351853302523709e-03,3.6687010677468580e-02,-2.2408172907402795e-03
2461031.80000000,-1.6638371278643671e+00,1.6948624381001158e+00,-2.7365303724252180e-02,-4.4315046848583542e-03,3.6683266969589755e-02,-2.2407556405966609e-03
2461031.90000000,-1.6642800948370051e+00,1.6985305779368860e+00,-2.7589376199559191e-02,-4.4278366609275862e-03,3.6679529016903044e-02,-2.2406937156199428e-03
2461032.00000000,-1.6647226956361738e+00,1.7021983442661419e+00,-2.7813442468738354e-02,-4.4241812070809653e-03,3.6675796819488210e-02,-2.2406315184868588e-03
2461032.10000000,-1.6651649315163199e+00,1.7058657376634090e+00,-2.8037502504707022e-02,-4.4205382721334181e-03,3.6672070377280902e-02,-2.2405690518542600e-03
2461032.20000000,-1.6656068037267830e+00,1.7095327587041997e+00,-2.8261556280647280e-02,-4.4169078051104855e-03,3.6668349690091459e-02,-2.2405063183595290e-03
2461032.30000000,-1.6660483135097601e+00,1.7131994079469279e+00,-2.8485603768960692e-02,-4.4132897552645687e-03,3.6664634757623694e-02,-2.2404433206210028e-03
2461032.40000000,-1.6664894621085500e+00,1.7168656860011919e+00,-2.8709644945439563e-02,-4.4096840720070007e-03,3.6660925579407186e-02,-2.2403800612369245e-03
2461032.50000000,-1.6669302507552377e+00,1.7205315934253160e+00,-2.8933679783005178e-02,-4.4060907050085529e-03,3.6657222154902441e-02,-2.2403165427873303e-03
2461032.60000000,-1.6673706806789399e+00,1.7241971307946389e+00,-2.9157708255879183e-02,-4.4025096041313914e-03,3.6653524483433148e-02,-2.2402527678330019e-03
2461032.70000000,-1.6678107531037707e+00,1.7278622986844252e+00,-2.9381730338538359e-02,-4.3989407194453545e-03,3.6649832564204822e-02,-2.2401887389158883e-03
2461032.80000000,-1.6682504692468147e+00,1.7315270976527899e+00,-2.9605746004669611e-02,-4.3953840012438926e-03,3.6646146396323361e-02,-2.2401244585595237e-03
2461032.90000000,-1.6686898303263367e+00,1.7351915283089474e+00,-2.9829755231340682e-02,-4.3918393999772742e-03,3.6642465978727772e-02,-2.2400599292679607e-03
2461033.00000000,-1.6691288375495159e+00,1.7388555912108046e+00,-3.0053757992739360e-02,-4.3883068663513507e-03,3.6638791310294579e-02,-2.2399951535276813e-03
2461033.10000000,-1.6695674921206596e+00,1.7425192869332158e+00,-3.0277754264344335e-02,-4.3847863512606437e-03,3.6635122389770396e-02,-2.2399301338065312e-03
2461033.20000000,-1.6700057952391745e+00,1.7461826160509055e+00,-3.0501744021880137e-02,-4.3812778058043263e-03,3.6631459215790495e-02,-2.2398648725541316e-03
2461033.30000000,-1.6704437480975483e+00,1.7498455791213987e+00,-3.0725727240272387e-02,-4.3777811813018649e-03,3.6627801786897125e-02,-2.2397993722023152e-03
2461033.40000000,-1.6708813518895274e+00,1.7535081767532379e+00,-3.0949703897817944e-02,-4.3742964292273253e-03,3.6624150101472748e-02,-2.2397336351640180e-03
2461033.50000000,-1.6713186077979008e+00,1.7571704095036307e+00,-3.1173673969925101e-02,-4.3708235013064489e-03,3.6620504157843500e-02,-2.2396676638352354e-03
2461033.60000000,-1.6717555170026770e+00,1.7608322779466674e+00,-3.1397637433283866e-02,-4.3673623494508481e-03,3.6616863954212334e-02,-2.2396014605939149e-03
2461033.70000000,-1.6721920806790671e+00,1.7644937826562537e+00,-3.1621594264821119e-02,-4.3639129257736871e-03,3.6613229488677332e-02,-2.2395350278003857e-03
2461033.80000000,-1.6726282999954718e+00,1.7681549241890515e+00,-3.1845544440656119e-02,-4.3604751826050447e-03,3.6609600759249898e-02,-2.2394683677977841e-03
2461033.90000000,-1.6730641761216274e+00,1.7718157031526631e+00,-3.2069487940270043e-02,-4.3570490724272994e-03,3.6605977763788350e-02,-2.2394014829109307e-03
2461034.00000000,-1.6734997102164364e+00,1.7754761201033282e+00,-3.2293424740247170e-02,-4.3536345479705503e-03,3.6602360500100642e-02,-2.2393343754483056e-03
2461034.10000000,-1.6739349034361151e+00,1.7791361756141091e+00,-3.2517354818444602e-02,-4.3502315621478964e-03,3.6598748965877927e-02,-2.2392670477009262e-03
2461034.20000000,-1.6743697569321816e+00,1.7827958702578324e+00,-3.2741278152947730e-02,-4.3468400680708426e-03,3.6595143158712692e-02,-2.2391995019427719e-03
2461034.30000000,-1.6748042718494507e+00,1.7864552045900404e+00,-3.2965194721025784e-02,-4.3434600190643650e-03,3.6591543076116735e-02,-2.2391317404312147e-03
2461034.40000000,-1.6752384493341486e+00,1.7901141792171393e+00,-3.3189104503300919e-02,-4.3400913686033734e-03,3.6587948715455287e-02,-2.2390637654058684e-03
2461034.50000000,-1.6756722905217905e+00,1.7937727946941493e+00,-3.3413007477490417e-02,-4.3367340704065114e-03,3.6584360074048819e-02,-2.2389955790905972e-03
2461034.60000000,-1.6761057965452963e+00,1.7974310515928571e+00,-3.3636903622575764e-02,-4.3333880783724956e-03,3.6580777149107117e-02,-2.2389271836923651e-03
2461034.70000000,-1.6765389685329855e+00,1.8010889504847660e+00,-3.3860792917758314e-02,-4.3300533465952381e-03,3.6577199937747225e-02,-2.2388585814016658e-03
2461034.80000000,-1.6769718076065814e+00,1.8047464919240555e+00,-3.4084675341415148e-02,-4.3267298293786548e-03,3.6573628437011209e-02,-2.2387897743929518e-03
2461034.90000000,-1.6774043148892925e+00,1.8084036765156966e+00,-3.4308550875267539e-02,-4.3234174811741643e-03,3.6570062643800832e-02,-2.2387207648234646e-03
2461035.00000000,-1.6778364914937383e+00,1.8120605048132548e+00,-3.4532419498124092e-02,-4.3201162566729005e-03,3.6566502554978390e-02,-2.2386515548352640e-03
2461035.10000000,-1.6782683385300297e+00,1.8157169773870070e+00,-3.4756281190049372e-02,-4.3168261107430954e-03,3.6562948167301365e-02,-2.2385821465540604e-03
2461035.20000000,-1.6786998571037761e+00,1.8193730948069018e+00,-3.4980135931319691e-02,-4.3135469984449436e-03,3.6559399477440149e-02,-2.2385125420896429e-03
2461035.30000000,-1.6791310483140940e+00,1.8230288576255289e+00,-3.5203983701379199e-02,-4.3102788750451308e-03,3.6555856481995608e-02,-2.2384427435363109e-03
2461035.40000000,-1.6795619132616584e+00,1.8266842664462004e+00,-3.5427824483007776e-02,-4.3070216959553683e-03,3.6552319177434220e-02,-2.2383727529716804e-03
2461035.50000000,-1.6799924530366728e+00,1.8303393218208033e+00,-3.5651658256065186e-02,-4.3037754168230415e-03,3.6548787560188152e-02,-2.2383025724587442e-03
2461035.60000000,-1.6804226687269230e+00,1.8339940243178865e+00,-3.5875485001659081e-02,-4.3005399934696329e-03,3.6545261626590289e-02,-2.2382322040446754e-03
2461035.70000000,-1.6808525614157854e+00,1.8376483745056285e+00,-3.6099304701101079e-02,-4.2973153819053072e-03,3.6541741372891824e-02,-2.2381616497612589e-03
2461035.80000000,-1.6812821321802480e+00,1.8413023729348137e+00,-3.6323117334863000e-02,-4.2941015383431997e-03,3.6538226795279606e-02,-2.2380909116253267e-03
2461035.90000000,-1.6817113820989273e+00,1.8449560202068847e+00,-3.6546922886744153e-02,-4.2908984191389410e-03,3.6534717889811837e-02,-2.2380199916375437e-03
2461036.00000000,-1.6821403122400878e+00,1.8486093168718436e+00,-3.6770721337616608e-02,-4.2877059808797968e-03,3.6531214652517206e-02,-2.2379488917844848e-03
2461036.10000000,-1.6825689236696593e+00,1.8522622634963040e+00,-3.6994512669592521e-02,-4.2845241803240912e-03,3.6527717079330467e-02,-2.2378776140374269e-03
2461036.20000000,-1.6829972174492585e+00,1.8559148606464706e+00,-3.7218296864980439e-02,-4.2813529744155374e-03,3.6524225166109786e-02,-2.2378061603527729e-03
2461036.30000000,-1.6834251946342127e+00,1.8595671088711234e+00,-3.7442073905241798e-02,-4.2781923202972741e-03,3.6520738908653982e-02,-2.2377345326724963e-03
2461036.40000000,-1.6838528562815491e+00,1.8632190087696381e+00,-3.7665843775157526e-02,-4.2750421752523800e-03,3.6517258302638647e-02,-2.2376627329228982e-03
2461036.50000000,-1.6842802034380566e+00,1.8668705608899343e+00,-3.7889606456574430e-02,-4.2719024967915213e-03,3.6513783343714433e-02,-2.2375907630167165e-03
2461036.60000000,-1.6847072371482756e+00,1.8705217657964994e+00,-3.8113361932571865e-02,-4.2687732425933638e-03,3.6510314027443182e-02,-2.2375186248518872e-03
2461036.70000000,-1.6851339584525240e+00,1.8741726240533749e+00,-3.8337110186418256e-02,-4.2656543705186581e-03,3.6506850349315022e-02,-2.2374463203119806e-03
2461036.80000000,-1.6855603683849298e+00,1.8778231362071476e+00,-3.8560851200527810e-02,-4.2625458386240317e-03,3.6503392304765472e-02,-2.2373738512666370e-03
2461036.90000000,-1.6859864679813905e+00,1.8814733028549404e+00,-3.8784584960626596e-02,-4.2594476051034608e-03,3.6499939889112001e-02,-2.2373012195703126e-03
2461037.00000000,-1.6864122582676777e+00,1.8851231245424089e+00,-3.9008311449499816e-02,-4.2563596283744700e-03,3.6496493097651544e-02,-2.2372284270644033e-03
2461037.10000000,-1.6868377402673980e+00,1.8887726018317339e+00,-3.9232030651157983e-02,-4.2532818670195189e-03,3.6493051925597007e-02,-2.2371554755759924e-03
2461037.20000000,-1.6872629150000253e+00,1.8924217352846140e+00,-3.9455742549793602e-02,-4.2502142797998322e-03,3.6489616368094301e-02,-2.2370823669182844e-03
2461037.30000000,-1.6876877834789410e+00,1.8960705254452683e+00,-3.9679447128738186e-02,-4.2471568256689553e-03,3.6486186420239194e-02,-2.2370091028910406e-03
2461037.40000000,-1.6881123467193642e+00,1.8997189729083939e+00,-3.9903144374627518e-02,-4.2441094637151880e-03,3.6482762077014397e-02,-2.2369356852793105e-03
2461037.50000000,-1.6885366057264972e+00,1.9033670782172107e+00,-4.0126834271150200e-02,-4.2410721532463473e-03,3.6479343333386226e-02,-2.2368621158555721e-03
2461037.60000000,-1.6889605615034609e+00,1.9070148419314239e+00,-4.0350516803213082e-02,-4.2380448537321022e-03,3.6475930184241570e-02,-2.2367883963784643e-03
2461037.70000000,-1.6893842150493315e+00,1.9106622646102234e+00,-4.0574191955898176e-02,-4.2350275248175754e-03,3.6472522624404792e-02,-2.2367145285932186e-03
2461037.80000000,-1.6898075673571884e+00,1.9143093467952967e+00,-4.0797859713419871e-02,-4.2320201263366638e-03,3.6469120648654409e-02,-2.2366405142320981e-03
2461037.90000000,-1.6902306194220145e+00,1.9179560890787519e+00,-4.1021520063289650e-02,-4.2290226182554033e-03,3.6465724251660558e-02,-2.2365663550131093e-03
2461038.00000000,-1.6906533722288852e+00,1.9216024920012156e+00,-4.1245172990065596e-02,-4.2260349607553269e-03,3.6462333428080959e-02,-2.2364920526421641e-03
2461038.10000000,-1.6910758267608750e+00,1.9252485561197590e+00,-4.1468818479517257e-02,-4.2230571141767502e-03,3.6458948172498326e-02,-2.2364176088117910e-03
2461038.20000000,-1.6914979839971001e+00,1.9288942819909083e+00,-4.1692456517582771e-02,-4.2200890390321306e-03,3.6455568479437060e-02,-2.2363430252015687e-03
2461038.30000000,-1.6919198449107726e+00,1.9325396701536646e+00,-4.1916087089326252e-02,-4.2171306960191611e-03,3.6452194343379755e-02,-2.2362683034785665e-03
2461038.40000000,-1.6923414104770751e+00,1.9361847211973988e+00,-4.2139710183101912e-02,-4.2141820459650507e-03,3.6448825758705228e-02,-2.2361934452960418e-03
2461038.50000000,-1.6927626816613894e+00,1.9398294356599923e+00,-4.2363325784304628e-02,-4.2112430499085226e-03,3.6445462719783557e-02,-2.2361184522956155e-03
2461038.60000000,-1.6931836594271732e+00,1.9434738140957366e+00,-4.2586933879534154e-02,-4.2083136690440007e-03,3.6442105220914026e-02,-2.2360433261059691e-03
2461038.70000000,-1.6936043447340130e+00,1.9471178570583485e+00,-4.2810534455552454e-02,-4.2053938647347517e-03,3.6438753256341619e-02,-2.2359680683432790e-03
2461038.80000000,-1.6940247385356821e+00,1.9507615650840022e+00,-4.3034127498241370e-02,-4.2024835985257601e-03,3.6435406820273415e-02,-2.2358926806116553e-03
2461038.90000000,-1.6944448417879885e+00,1.9544049387591884e+00,-4.3257712996766014e-02,-4.1995828320888998e-03,3.6432065906817024e-02,-2.2358171645018273e-03
2461039.00000000,-1.6948646554370439e+00,1.9580479786189062e+00,-4.3481290937326451e-02,-4.1966915273035964e-03,3.6428730510074864e-02,-2.2357415215933313e-03
2461039.10000000,-1.6952841804271139e+00,1.9616906852145295e+00,-4.3704861307321270e-02,-4.1938096462019129e-03,3.6425400624082539e-02,-2.2356657534531913e-03
2461039.20000000,-1.6957034176986754e+00,1.9653330590968328e+00,-4.3928424094305168e-02,-4.1909371509814735e-03,3.6422076242825209e-02,-2.2355898616363613e-03
2461039.30000000,-1.6961223681864830e+00,1.9689751007990284e+00,-4.4151979284946713e-02,-4.1880740040181165e-03,3.6418757360253781e-02,-2.2355138476861593e-03
2461039.40000000,-1.6965410328273884e+00,1.9726168109045970e+00,-4.4375526869191204e-02,-4.1852201678119491e-03,3.6415443970223872e-02,-2.2354377131329328e-03
2461039.50000000,-1.6969594125486493e+00,1.9762581899455263e+00,-4.4599066834013414e-02,-4.1823756050666967e-03,3.6412136066589197e-02,-2.2353614594962717e-03
2461039.60000000,-1.6973775082757545e+00,1.9798992384701453e+00,-4.4822599167580475e-02,-4.1795402786356751e-03,3.6408833643140480e-02,-2.2352850882836708e-03
2461039.70000000,-1.6977953209304832e+00,1.9835399570261607e+00,-4.5046123858209677e-02,-4.1767141515344965e-03,3.6405536693621704e-02,-2.2352086009909677e-03
2461039.80000000,-1.6982128514289836e+00,1.9871803461436994e+00,-4.5269640893326503e-02,-4.1738971869535024e-03,3.6402245211746037e-02,-2.2351319991027827e-03
2461039.90000000,-1.6986301006895601e+00,1.9908204064031114e+00,-4.5493150263626762e-02,-4.1710893482047057e-03,3.6398959191135290e-02,-2.2350552840911687e-03
2461040.00000000,-1.6990470696210258e+00,1.9944601383332525e+00,-4.5716651956830473e-02,-4.1682905987998325e-03,3.6395678625412570e-02,-2.2349784574178379e-03
2461040.10000000,-1.6994637591304964e+00,1.9980995424792900e+00,-4.5940145961844051e-02,-4.1655009023971699e-03,3.6392403508141685e-02,-2.2349015205328096e-03
2461040.20000000,-1.6998801701214628e+00,2.0017386193857454e+00,-4.6163632267718344e-02,-4.1627202228140510e-03,3.6389133832843014e-02,-2.2348244748748511e-03
2461040.30000000,-1.7002963034918663e+00,2.0053773695795472e+00,-4.6387110862606926e-02,-4.1599485240391065e-03,3.6385869593009573e-02,-2.2347473218719124e-03
2461040.40000000,-1.7007121601418680e+00,2.0090157936378006e+00,-4.6610581737927453e-02,-4.1571857701800247e-03,3.6382610782046715e-02,-2.2346700629397699e-03
2461040.50000000,-1.7011277409622350e+00,2.0126538920861190e+00,-4.6834044882116753e-02,-4.1544319255403545e-03,3.6379357393364155e-02,-2.2345926994842610e-03
2461040.60000000,-1.7015430468421107e+00,2.0162916654663992e+00,-4.7057500284792317e-02,-4.1516869545671934e-03,3.6376109420315661e-02,-2.2345152328999193e-03
2461040.70000000,-1.7019580786670903e+00,2.0199291143198708e+00,-4.7280947935710527e-02,-4.1489508218634725e-03,3.6372866856214985e-02,-2.2344376645704188e-03
2461040.80000000,-1.7023728373173064e+00,2.0235662391701559e+00,-4.7504387823725132e-02,-4.1462234922000022e-03,3.6369629694351577e-02,-2.2343599958690066e-03
2461040.90000000,-1.7027873236751698e+00,2.0272030405910120e+00,-4.7727819940948053e-02,-4.1435049304640705e-03,3.6366397927930859e-02,-2.2342822281571327e-03
2461041.00000000,-1.7032015386137940e+00,2.0308395191047084e+00,-4.7951244276505468e-02,-4.1407951017350042e-03,3.6363171550165413e-02,-2.2342043627866983e-03
2461041.10000000,-1.7036154830047394e+00,2.0344756752497681e+00,-4.8174660820698642e-02,-4.1380939712326982e-03,3.6359950554215203e-02,-2.2341264010986802e-03
2461041.20000000,-1.7040291577160966e+00,2.0381115095640299e+00,-4.8398069563962434e-02,-4.1354015043296947e-03,3.6356734933203280e-02,-2.2340483444235719e-03
2461041.30000000,-1.7044425636105756e+00,2.0417470225677139e+00,-4.8621470495823951e-02,-4.1327176665630315e-03,3.6353524680231376e-02,-2.2339701940818166e-03
2461041.40000000,-1.7048557015532213e+00,2.0453822148311329e+00,-4.8844863609062657e-02,-4.1300424235836616e-03,3.6350319788320685e-02,-2.2338919513824294e-03
2461041.50000000,-1.7052685723998788e+00,2.0490170868731172e+00,-4.9068248893467559e-02,-4.1273757412308024e-03,3.6347120250502157e-02,-2.2338136176252503e-03
2461041.60000000,-1.7056811770049076e+00,2.0526516392287242e+00,-4.9291626339997445e-02,-4.1247175854812823e-03,3.6343926059757288e-02,-2.2337351940995638e-03
2461041.70000000,-1.7060935162192732e+00,2.0562858724323085e+00,-4.9514995939739487e-02,-4.1220679224614276e-03,3.6340737209033656e-02,-2.2336566820845348e-03
2461041.80000000,-1.7065055908886431e+00,2.0599197870005987e+00,-4.9738357682868210e-02,-4.1194267184587203e-03,3.6337553691260294e-02,-2.2335780828496429e-03
2461041.90000000,-1.7069174018610758e+00,2.0635533835003752e+00,-4.9961711562804843e-02,-4.1167939398720054e-03,3.6334375499289029e-02,-2.2334993976532947e-03
2461042.00000000,-1.7073289499755211e+00,2.0671866624469399e+00,-5.0185057569975697e-02,-4.1141695532846741e-03,3.6331202625983924e-02,-2.2334206277450862e-03
2461042.10000000,-1.7077402360695144e+00,2.0708196243718011e+00,-5.0408395695971629e-02,-4.1115535254147980e-03,3.6328035064162600e-02,-2.2333417743644118e-03
2461042.20000000,-1.7081512609772691e+00,2.0744522698057462e+00,-5.0631725932506977e-02,-4.1089458231268307e-03,3.6324872806611563e-02,-2.2332628387408981e-03
2461042.30000000,-1.7085620255277811e+00,2.0780845992619272e+00,-5.0855048270378594e-02,-4.1063464134430796e-03,3.6321715846101464e-02,-2.2331838220948429e-03
2461042.40000000,-1.7089725305524910e+00,2.0817166133035125e+00,-5.1078362703624675e-02,-4.1037552634946963e-03,3.6318564175328853e-02,-2.2331047256358111e-03
2461042.50000000,-1.7093827768738241e+00,2.0853483124421963e+00,-5.1301669223284094e-02,-4.1011723405937001e-03,3.6315417787004936e-02,-2.2330255505649105e-03
2461042.60000000,-1.7097927653128566e+00,2.0889796972058576e+00,-5.1524967821555308e-02,-4.0985976121839006e-03,3.6312276673797252e-02,-2.2329462980733893e-03
2461042.70000000,-1.7102024966874156e+00,2.0926107681216397e+00,-5.1748258490755455e-02,-4.0960310458524113e-03,3.6309140828344959e-02,-2.2328669693430702e-03
2461042.80000000,-1.7106119718101882e+00,2.0962415256990430e+00,-5.1971541222279607e-02,-4.0934726093409318e-03,3.6306010243273873e-02,-2.2327875655467878e-03
2461042.90000000,-1.7110211914963607e+00,2.0998719704975484e+00,-5.2194816010758871e-02,-4.0909222704975240e-03,3.6302884911138686e-02,-2.2327080878469774e-03
2461043.00000000,-1.7114301565521937e+00,2.1035021030251699e+00,-5.2418082847820908e-02,-4.0883799973474820e-03,3.6299764824511020e-02,-2.2326285373979560e-03
2461043.10000000,-1.7118388677826630e+00,2.1071319238060853e+00,-5.2641341726248132e-02,-4.0858457580450419e-03,3.6296649975921490e-02,-2.2325489153445120e-03
2461043.20000000,-1.7122473259895670e+00,2.1107614333637250e+00,-5.2864592638936975e-02,-4.0833195208846932e-03,3.6293540357874875e-02,-2.2324692228223413e-03
2461043.30000000,-1.7126555319696399e+00,2.1143906322038677e+00,-5.3087835577857415e-02,-4.0808012543123058e-03,3.6290435962865013e-02,-2.2323894609584793e-03
2461043.40000000,-1.7130634865221688e+00,2.1180195208822377e+00,-5.3311070538210326e-02,-4.0782909268776398e-03,3.6287336783317505e-02,-2.2323096308698824e-03
2461043.50000000,-1.7134711904376019e+00,2.1216480999031044e+00,-5.3534297512189209e-02,-4.0757885073041218e-03,3.6284242811676928e-02,-2.2322297336657220e-03
2461043.60000000,-1.7138786445051664e+00,2.1252763697868784e+00,-5.3757516493137578e-02,-4.0732939644412894e-03,3.6281154040349456e-02,-2.2321497704459567e-03
2461043.70000000,-1.7142858495109814e+00,2.1289043310532119e+00,-5.3980727474508508e-02,-4.0708072672759514e-03,3.6278070461717819e-02,-2.2320697423017736e-03
2461043.80000000,-1.7146928062361777e+00,2.1325319842040984e+00,-5.4203930448824406e-02,-4.0683283849431108e-03,3.6274992068156056e-02,-2.2319896503160191e-03
2461043.90000000,-1.7150995154644888e+00,2.1361593297914467e+00,-5.4427125411833581e-02,-4.0658572866792376e-03,3.6271918851972763e-02,-2.2319094955617724e-03
2461044.00000000,-1.7155059779708957e+00,2.1397863683157201e+00,-5.4650312356273156e-02,-4.0633939418909413e-03,3.6268850805497424e-02,-2.2318292791046420e-03
2461044.10000000,-1.7159121945292217e+00,2.1434131002935035e+00,-5.4873491276025754e-02,-4.0609383201081692e-03,3.6265787921023564e-02,-2.2317490020013369e-03
2461044.20000000,-1.7163181659102489e+00,2.1470395262406097e+00,-5.5096662165079240e-02,-4.0584903909951795e-03,3.6262730190823565e-02,-2.2316686653001019e-03
2461044.30000000,-1.7167238928798456e+00,2.1506656466551952e+00,-5.5319825016486697e-02,-4.0560501243612993e-03,3.6259677607163282e-02,-2.2315882700411505e-03
2461044.40000000,-1.7171293762065321e+00,2.1542914620852947e+00,-5.5542979826522371e-02,-4.0536174901149302e-03,3.6256630162245652e-02,-2.2315078172552272e-03
2461044.50000000,-1.7175346166501599e+00,2.1579169730275090e+00,-5.5766126588445590e-02,-4.0511924583311390e-03,3.6253587848296430e-02,-2.2314273079659139e-03
2461044.60000000,-1.7179396149694843e+00,2.1615421799945445e+00,-5.5989265296656848e-02,-4.0487749992055939e-03,3.6250550657507694e-02,-2.2313467431881941e-03
2461044.70000000,-1.7183443719202867e+00,2.1651670834983263e+00,-5.6212395945657696e-02,-4.0463650830653607e-03,3.6247518582052558e-02,-2.2312661239288828e-03
2461044.80000000,-1.7187488882535045e+00,2.1687916840331170e+00,-5.6435518529011026e-02,-4.0439626803795026e-03,3.6244491614099629e-02,-2.2311854511870635e-03
2461044.90000000,-1.7191531647227773e+00,2.1724159821430304e+00,-5.6658633043496137e-02,-4.0415677617137886e-03,3.6241469745757066e-02,-2.2311047259526420e-03
2461045.00000000,-1.7195572020731589e+00,2.1760399783207558e+00,-5.6881739482873971e-02,-4.0391802977972416e-03,3.6238452969157585e-02,-2.2310239492086569e-03
2461045.10000000,-1.7199610010486650e+00,2.1796636730750722e+00,-5.7104837842042386e-02,-4.0368002594767891e-03,3.6235441276402464e-02,-2.2309431219298382e-03
2461045.20000000,-1.7203645623904036e+00,2.1832870669139686e+00,-5.7327928115996303e-02,-4.0344276177278898e-03,3.6232434659576027e-02,-2.2308622450830356e-03
2461045.30000000,-1.7207678868347078e+00,2.1869101603277694e+00,-5.7551010298788161e-02,-4.0320623436649727e-03,3.6229433110760004e-02,-2.2307813196276558e-03
2461045.40000000,-1.7211709751206632e+00,2.1905329538566218e+00,-5.7774084387682313e-02,-4.0297044084968399e-03,3.6226436621978067e-02,-2.2307003465142083e-03
2461045.50000000,-1.7215738279788473e+00,2.1941554479892602e+00,-5.7997150376921401e-02,-4.0273537835921972e-03,3.6223445185280076e-02,-2.2306193266866223e-03
2461045.60000000,-1.7219764461388600e+00,2.1977776432304936e+00,-5.8220208261880846e-02,-4.0250104404349956e-03,3.6220458792686483e-02,-2.2305382610807978e-03
2461045.70000000,-1.7223788303274554e+00,2.2013995400843331e+00,-5.8443258038029321e-02,-4.0226743506349026e-03,3.6217477436202801e-02,-2.2304571506250328e-03
2461045.80000000,-1.7227809812666830e+00,2.2050211390371257e+00,-5.8666299699889332e-02,-4.0203454859375695e-03,3.6214501107833710e-02,-2.2303759962404618e-03
2461045.90000000,-1.7231828996813892e+00,2.2086424406250078e+00,-5.8889333245190911e-02,-4.0180238181807418e-03,3.6211529799528110e-02,-2.2302947988395911e-03
2461046.00000000,-1.7235845862879937e+00,2.2122634453327219e+00,-5.9112358668639182e-02,-4.0157093193587566e-03,3.6208563503262611e-02,-2.2302135593286268e-03
2461046.10000000,-1.7239860418019952e+00,2.2158841536610692e+00,-5.9335375966068145e-02,-4.0134019615785882e-03,3.6205602210986419e-02,-2.2301322786060151e-03
2461046.20000000,-1.7243872669361071e+00,2.2195045661100452e+00,-5.9558385133401240e-02,-4.0111017170701580e-03,3.6202645914635581e-02,-2.2300509575628705e-03
2461046.30000000,-1.7247882623984074e+00,2.2231246831619824e+00,-5.9781386165612252e-02,-4.0088085581964431e-03,3.6199694606147061e-02,-2.2299695970834079e-03
2461046.40000000,-1.7251890288998157e+00,2.2267445053489761e+00,-6.0004379060878250e-02,-4.0065224574102548e-03,3.6196748277404177e-02,-2.2298881980434837e-03
2461046.50000000,-1.7255895671429027e+00,2.2303640331517389e+00,-6.0227363814348324e-02,-4.0042433873177597e-03,3.6193806920319420e-02,-2.2298067613129159e-03
2461046.60000000,-1.7259898778293725e+00,2.2339832670670319e+00,-6.0450340422296578e-02,-4.0019713206351911e-03,3.6190870526779682e-02,-2.2297252877540238e-03
2461046.70000000,-1.7263899616582070e+00,2.2376022075908018e+00,-6.0673308881083000e-02,-3.9997062301990053e-03,3.6187939088660491e-02,-2.2296437782220587e-03
2461046.80000000,-1.7267898193238163e+00,2.2412208552013353e+00,-6.0896269186114536e-02,-3.9974480889758395e-03,3.6185012597839905e-02,-2.2295622335656321e-03
2461046.90000000,-1.7271894515234971e+00,2.2448392104266555e+00,-6.1119221335997301e-02,-3.9951968700199453e-03,3.6182091046144352e-02,-2.2294806546252462e-03
2461047.00000000,-1.7275888589462733e+00,2.2484572737434161e+00,-6.1342165326306451e-02,-3.9929525465357482e-03,3.6179174425430755e-02,-2.2293990422356282e-03
2461047.10000000,-1.7279880422803575e+00,2.2520750456443079e+00,-6.1565101153738477e-02,-3.9907150918352162e-03,3.6176262727532278e-02,-2.2293173972242554e-03
2461047.20000000,-1.7283870022112977e+00,2.2556925266212025e+00,-6.1788028815072331e-02,-3.9884844793478588e-03,3.6173355944272359e-02,-2.2292357204117897e-03
2461047.30000000,-1.7287857394201351e+00,2.2593097171483127e+00,-6.2010948306130596e-02,-3.9862606826305469e-03,3.6170454067478423e-02,-2.2291540126125023e-03
2461047.40000000,-1.7291842545908425e+00,2.2629266177495611e+00,-6.2233859625931066e-02,-3.9840436753255859e-03,3.6167557088928284e-02,-2.2290722746328043e-03
2461047.50000000,-1.7295825483991922e+00,2.2665432288975182e+00,-6.2456762770457766e-02,-3.9818334312223275e-03,3.6164665000431424e-02,-2.2289905072735766e-03
2461047.60000000,-1.7299806215201985e+00,2.2701595510807797e+00,-6.2679657736812486e-02,-3.9796299242151863e-03,3.6161777793775322e-02,-2.2289087113286981e-03
2461047.70000000,-1.7303784746262705e+00,2.2737755847871188e+00,-6.2902544522176071e-02,-3.9774331283135003e-03,3.6158895460739242e-02,-2.2288268875854706e-03
2461047.80000000,-1.7307761083853723e+00,2.2773913304866489e+00,-6.3125423122769947e-02,-3.9752430176511816e-03,3.6156017993107879e-02,-2.2287450368250507e-03
2461047.90000000,-1.7311735234684416e+00,2.2810067886991718e+00,-6.3348293538006847e-02,-3.9730595664454445e-03,3.6153145382618157e-02,-2.2286631598209721e-03
2461048.00000000,-1.7315707205382893e+00,2.2846219598931539e+00,-6.3571155764263004e-02,-3.9708827490574777e-03,3.6150277621039881e-02,-2.2285812573414779e-03
2461048.10000000,-1.7319677002570200e+00,2.2882368445530732e+00,-6.3794009799029008e-02,-3.9687125399511048e-03,3.6147414700122421e-02,-2.2284993301480440e-03
2461048.20000000,-1.7323644632841892e+00,2.2918514431625834e+00,-6.4016855639871251e-02,-3.9665489137024890e-03,3.6144556611608356e-02,-2.2284173789958051e-03
2461048.30000000,-1.7327610102749700e+00,2.2954657561876819e+00,-6.4239693283393726e-02,-3.9643918450096476e-03,3.6141703347247117e-02,-2.2283354046339831e-03
2461048.40000000,-1.7331573418875492e+00,2.2990797841440291e+00,-6.4462522729387961e-02,-3.9622413086517986e-03,3.6138854898742113e-02,-2.2282534078044078e-03
2461048.50000000,-1.7335534587720594e+00,2.3026935274959675e+00,-6.4685343974606388e-02,-3.9600972795491261e-03,3.6136011257830676e-02,-2.2281713892438487e-03
2461048.60000000,-1.7339493615779751e+00,2.3063069867238437e+00,-6.4908157016912452e-02,-3.9579597327220571e-03,3.6133172416231249e-02,-2.2280893496825385e-03
2461048.70000000,-1.7343450509522806e+00,2.3099201623071726e+00,-6.5130961854242372e-02,-3.9558286433008334e-03,3.6130338365656892e-02,-2.2280072898445929e-03
2461048.80000000,-1.7347405275376364e+00,2.3135330547078201e+00,-6.5353758483566962e-02,-3.9537039865348757e-03,3.6127509097828733e-02,-2.2279252104484416e-03
2461048.90000000,-1.7351357919797561e+00,2.3171456644372928e+00,-6.5576546905040944e-02,-3.9515857377527492e-03,3.6124684604423578e-02,-2.2278431122053433e-03
2461049.00000000,-1.7355308449163693e+00,2.3207579919557948e+00,-6.5799327115777545e-02,-3.9494738724210263e-03,3.6121864877153194e-02,-2.2277609958217216e-03
2461049.10000000,-1.7359256869845989e+00,2.3243700377395227e+00,-6.6022099113997770e-02,-3.9473683661041875e-03,3.6119049907711830e-02,-2.2276788619976793e-03
2461049.20000000,-1.7363203188191285e+00,2.3279818022638463e+00,-6.6244862897992321e-02,-3.9452691944740397e-03,3.6116239687789709e-02,-2.2275967114274262e-03
2461049.30000000,-1.7367147410503785e+00,2.3315932859864845e+00,-6.6467618465083783e-02,-3.9431763333189511e-03,3.6113434209086318e-02,-2.2275145447997018e-03
2461049.40000000,-1.7371089543118619e+00,2.3352044894147759e+00,-6.6690365815775102e-02,-3.9410897585044173e-03,3.6110633463258393e-02,-2.2274323627962875e-03
2461049.50000000,-1.7375029592291757e+00,2.3388154130047756e+00,-6.6913104947525351e-02,-3.9390094460310414e-03,3.6107837441998580e-02,-2.2273501660943482e-03
2461049.60000000,-1.7378967564273580e+00,2.3424260572285238e+00,-6.7135835858898291e-02,-3.9369353719950441e-03,3.6105046136983385e-02,-2.2272679553649389e-03
2461049.70000000,-1.7382903465290618e+00,2.3460364225572299e+00,-6.7358558548524461e-02,-3.9348675125975337e-03,3.6102259539886487e-02,-2.2271857312734320e-03
2461049.80000000,-1.7386837301527338e+00,2.3496465094444585e+00,-6.7581273014063636e-02,-3.9328058441536152e-03,3.6099477642391950e-02,-2.2271034944799425e-03
2461049.90000000,-1.7390769079199524e+00,2.3532563183933743e+00,-6.7803979256352495e-02,-3.9307503430535380e-03,3.6096700436142631e-02,-2.2270212456378343e-03
2461050.00000000,-1.7394698804444444e+00,2.3568658498558737e+00,-6.8026677273181582e-02,-3.9287009858198219e-03,3.6093927912818131e-02,-2.2269389853960607e-03
2461050.10000000,-1.7398626483394266e+00,2.3604751042998333e+00,-6.8249367063443131e-02,-3.9266577490683517e-03,3.6091160064083215e-02,-2.2268567143976731e-03
2461050.20000000,-1.7402552122157826e+00,2.3640840821922944e+00,-6.8472048626093449e-02,-3.9246206095175174e-03,3.6088396881601002e-02,-2.2267744332802428e-03
2461050.30000000,-1.7406475726802462e+00,2.3676927839826623e+00,-6.8694721959115343e-02,-3.9225895439971873e-03,3.6085638357046014e-02,-2.2266921426762859e-03
2461050.40000000,-1.7410397303427185e+00,2.3713012101699209e+00,-6.8917387063665292e-02,-3.9205645294104361e-03,3.6082884482053025e-02,-2.2266098432117704e-03
2461050.50000000,-1.7414316858053172e+00,2.3749093612018051e+00,-6.9140043937851517e-02,-3.9185455427898259e-03,3.6080135248294391e-02,-2.2265275355084534e-03
2461050.60000000,-1.7418234396696934e+00,2.3785172375420207e+00,-6.9362692580880986e-02,-3.9165325612590786e-03,3.6077390647428792e-02,-2.2264452201823876e-03
2461050.70000000,-1.7422149925352171e+00,2.3821248396534407e+00,-6.9585332992021978e-02,-3.9145255620420850e-03,3.6074650671114379e-02,-2.2263628978443444e-03
2461050.80000000,-1.7426063449971632e+00,2.3857321679813053e+00,-6.9807965169566930e-02,-3.9125245224717444e-03,3.6071915311021691e-02,-2.2262805691002354e-03
2461050.90000000,-1.7429974976540101e+00,2.3893392230204142e+00,-7.0030589114978697e-02,-3.9105294199522694e-03,3.6069184558782885e-02,-2.2261982345496171e-03
2461051.00000000,-1.7433884510965165e+00,2.3929460052143390e+00,-7.0253204826669718e-02,-3.9085402320146257e-03,3.6066458406068432e-02,-2.2261158947880287e-03
2461051.10000000,-1.7437792059150203e+00,2.3965525150226150e+00,-7.0475812304148441e-02,-3.9065569362787848e-03,3.6063736844536329e-02,-2.2260335504054982e-03
2461051.20000000,-1.7441697626976271e+00,2.4001587529039430e+00,-7.0698411546982060e-02,-3.9045795104625932e-03,3.6061019865845020e-02,-2.2259512019869618e-03
2461051.30000000,-1.7445601220284022e+00,2.4037647192993994e+00,-7.0921002553759521e-02,-3.9026079323904966e-03,3.6058307461666265e-02,-2.2258688501126849e-03
2461051.40000000,-1.7449502844946483e+00,2.4073704146995998e+00,-7.1143585326237033e-02,-3.9006421799563876e-03,3.6055599623634776e-02,-2.2257864953567652e-03
2461051.50000000,-1.7453402506760121e+00,2.4109758395439509e+00,-7.1366159863118478e-02,-3.8986822311782464e-03,3.6052896343424248e-02,-2.2257041382894704e-03
2461051.60000000,-1.7457300211517637e+00,2.4145809942878182e+00,-7.1588726164200978e-02,-3.8967280641609391e-03,3.6050197612696969e-02,-2.2256217794757423e-03
2461051.70000000,-1.7461195964989882e+00,2.4181858793857343e+00,-7.1811284229337954e-02,-3.8947796571049717e-03,3.6047503423116675e-02,-2.2255394194756139e-03
2461051.80000000,-1.7465089772907834e+00,2.4217904952746112e+00,-7.2033834057402255e-02,-3.8928369883150784e-03,3.6044813766361247e-02,-2.2254570588446320e-03
2461051.90000000,-1.7468981641035199e+00,2.4253948424408840e+00,-7.2256375650430957e-02,-3.8909000361636234e-03,3.6042128634072801e-02,-2.2253746981323536e-03
2461052.00000000,-1.7472871575059723e+00,2.4289989213197991e+00,-7.2478909007406930e-02,-3.8889687791444365e-03,3.6039448017933032e-02,-2.2252923378846901e-03
2461052.10000000,-1.7476759580665822e+00,2.4326027323625539e+00,-7.2701434128403741e-02,-3.8870431958361704e-03,3.6036771909613262e-02,-2.2252099786424021e-03
2461052.20000000,-1.7480645663516532e+00,2.4362062760195133e+00,-7.2923951013548718e-02,-3.8851232649109199e-03,3.6034100300787186e-02,-2.2251276209415212e-03
2461052.30000000,-1.7484529829235529e+00,2.4398095527234340e+00,-7.3146459661986588e-02,-3.8832089651426901e-03,3.6031433183143398e-02,-2.2250452653137663e-03
2461052.40000000,-1.7488412083479554e+00,2.4434125629565759e+00,-7.3368960076023185e-02,-3.8813002753713384e-03,3.6028770548335955e-02,-2.2249629122850466e-03
2461052.50000000,-1.7492292431829994e+00,2.4470153071500267e+00,-7.3591452254908429e-02,-3.8793971745556253e-03,3.6026112388059070e-02,-2.2248805623777956e-03
2461052.60000000,-1.7496170879865314e+00,2.4506177857508225e+00,-7.3813936198980426e-02,-3.8774996417371061e-03,3.6023458693997548e-02,-2.2247982161094702e-03
2461052.70000000,-1.7500047433143071e+00,2.4542199992051703e+00,-7.4036411908628738e-02,-3.8756076560486322e-03,3.6020809457839399e-02,-2.2247158739929682e-03
2461052.80000000,-1.7503922097181959e+00,2.4578219479416723e+00,-7.4258879383258050e-02,-3.8737211967226990e-03,3.6018164671288308e-02,-2.2246335365370480e-03
2461052.90000000,-1.7507794877534071e+00,2.4614236324384193e+00,-7.4481338625431548e-02,-3.8718402430559097e-03,3.6015524326014528e-02,-2.2245512042448246e-03
2461053.00000000,-1.7511665779676722e+00,2.4650250531223512e+00,-7.4703789634654683e-02,-3.8699647744612643e-03,3.6012888413729009e-02,-2.2244688776161068e-03
2461053.10000000,-1.7515534809084725e+00,2.4686262104363519e+00,-7.4926232411518565e-02,-3.8680947704325748e-03,3.6010256926134188e-02,-2.2243865571458933e-03
2461053.20000000,-1.7519401971212427e+00,2.4722271048224767e+00,-7.5148666956663612e-02,-3.8662302105528482e-03,3.6007629854936503e-02,-2.2243042433247894e-03
2461053.30000000,-1.7523267271475811e+00,2.4758277367051833e+00,-7.5371093269743353e-02,-3.8643710745025154e-03,3.6005007191858784e-02,-2.2242219366394251e-03
2461053.40000000,-1.7527130715324566e+00,2.4794281065584030e+00,-7.5593511353566983e-02,-3.8625173420244138e-03,3.6002388928591526e-02,-2.2241396375709513e-03
2461053.50000000,-1.7530992308134197e+00,2.4830282148049356e+00,-7.5815921207884357e-02,-3.8606689929753194e-03,3.5999775056866343e-02,-2.2240573465973717e-03
2461053.60000000,-1.7534852055278085e+00,2.4866280618835219e+00,-7.6038322833528654e-02,-3.8588260072908833e-03,3.5997165568407222e-02,-2.2239750641920453e-03
2461053.70000000,-1.7538709962109602e+00,2.4902276482320755e+00,-7.6260716231380185e-02,-3.8569883649938962e-03,3.5994560454942932e-02,-2.2238927908240953e-03
2461053.80000000,-1.7542566033944225e+00,2.4938269742709211e+00,-7.6483101401330453e-02,-3.8551560462023989e-03,3.5991959708219209e-02,-2.2238105269588282e-03
2461053.90000000,-1.7546420276131462e+00,2.4974260404698412e+00,-7.6705478346423883e-02,-3.8533290310951759e-03,3.5989363319950542e-02,-2.2237282730562303e-03
2461054.00000000,-1.7550272693947178e+00,2.5010248472475074e+00,-7.6927847066644073e-02,-3.8515072999625462e-03,3.5986771281892940e-02,-2.2236460295732988e-03
2461054.10000000,-1.7554123292665518e+00,2.5046233950385286e+00,-7.7150207563055614e-02,-3.8496908331718100e-03,3.5984183585795596e-02,-2.2235637969625381e-03
2461054.20000000,-1.7557972077541051e+00,2.5082216842766880e+00,-7.7372559836768190e-02,-3.8478796111753926e-03,3.5981600223413186e-02,-2.2234815756723729e-03
2461054.30000000,-1.7561819053790915e+00,2.5118197153781918e+00,-7.7594903887900787e-02,-3.8460736145188466e-03,3.5979021186517982e-02,-2.2233993661475667e-03
2461054.40000000,-1.7565664226666580e+00,2.5154174888086844e+00,-7.7817239719722667e-02,-3.8442728238068423e-03,3.5976446466851934e-02,-2.2233171688277112e-03
2461054.50000000,-1.7569507601346428e+00,2.5190150049827236e+00,-7.8039567332440843e-02,-3.8424772197532329e-03,3.5973876056198936e-02,-2.2232349841495628e-03
2461054.60000000,-1.7573349183007501e+00,2.5226122643307995e+00,-7.8261886727341121e-02,-3.8406867831469976e-03,3.5971309946336842e-02,-2.2231528125455347e-03
2461054.70000000,-1.7577188976807681e+00,2.5262092672825807e+00,-7.8484197905752395e-02,-3.8389014948602743e-03,3.5968748129049599e-02,-2.2230706544441111e-03
2461054.80000000,-1.7581026987867878e+00,2.5298060142501653e+00,-7.8706500868011009e-02,-3.8371213358562514e-03,3.5966190596139314e-02,-2.2229885102702587e-03
2461054.90000000,-1.7584863221343632e+00,2.5334025056950775e+00,-7.8928795617601133e-02,-3.8353462871556455e-03,3.5963637339378768e-02,-2.2229063804439265e-03
2461055.00000000,-1.7588697682317926e+00,2.5369987420277749e+00,-7.9151082154943195e-02,-3.8335763298860521e-03,3.5961088350582933e-02,-2.2228242653823684e-03
2461055.10000000,-1.7592530375872788e+00,2.5405947236746433e+00,-7.9373360481534358e-02,-3.8318114452483838e-03,3.5958543621561506e-02,-2.2227421654986432e-03
2461055.20000000,-1.7596361307071486e+00,2.5441904510612523e+00,-7.9595630598912934e-02,-3.8300516145247892e-03,3.5956003144130909e-02,-2.2226600812020230e-03
2461055.30000000,-1.7600190480940785e+00,2.5477859245956083e+00,-7.9817892507622945e-02,-3.8282968190864321e-03,3.5953466910126207e-02,-2.2225780128984074e-03
2461055.40000000,-1.7604017902542335e+00,2.5513811447351307e+00,-8.0040146211353760e-02,-3.8265470403604537e-03,3.5950934911354024e-02,-2.2224959609888199e-03
2461055.50000000,-1.7607843576865774e+00,2.5549761118861922e+00,-8.0262391710729741e-02,-3.8248022598786251e-03,3.5948407139663498e-02,-2.2224139258717286e-03
2461055.60000000,-1.7611667508900151e+00,2.5585708264710920e+00,-8.0484629007449890e-02,-3.8230624592442610e-03,3.5945883586899152e-02,-2.2223319079415472e-03
2461055.70000000,-1.7615489703616134e+00,2.5621652889113173e+00,-8.0706858103252496e-02,-3.8213276201400307e-03,3.5943364244912838e-02,-2.2222499075890442e-03
2461055.80000000,-1.7619310165948350e+00,2.5657594996108011e+00,-8.0929078998879911e-02,-3.8195977243356354e-03,3.5940849105575462e-02,-2.2221679252017504e-03
2461055.90000000,-1.7623128900866585e+00,2.5693534590228744e+00,-8.1151291698217429e-02,-3.8178727536552354e-03,3.5938338160730401e-02,-2.2220859611624603e-03
2461056.00000000,-1.7626945913269123e+00,2.5729471675498443e+00,-8.1373496202084089e-02,-3.8161526900254176e-03,3.5935831402263779e-02,-2.2220040158515489e-03
2461056.10000000,-1.7630761208054018e+00,2.5765406256099421e+00,-8.1595692512371601e-02,-3.8144375154425831e-03,3.5933328822057735e-02,-2.2219220896454723e-03
2461056.20000000,-1.7634574790101338e+00,2.5801338336205886e+00,-8.1817880631009102e-02,-3.8127272119806532e-03,3.5930830412002256e-02,-2.2218401829171741e-03
2461056.30000000,-1.7638386664255534e+00,2.5837267919816629e+00,-8.2040060558928277e-02,-3.8110217617986324e-03,3.5928336164006883e-02,-2.2217582960364956e-03
2461056.40000000,-1.7642196835396480e+00,2.5873195011424275e+00,-8.2262232300201424e-02,-3.8093211471085077e-03,3.5925846069954352e-02,-2.2216764293686731e-03
2461056.50000000,-1.7646005308333066e+00,2.5909119615011424e+00,-8.2484395855833378e-02,-3.8076253502225391e-03,3.5923360121770415e-02,-2.2215945832766569e-03
2461056.60000000,-1.7649812087874286e+00,2.5945041734719902e+00,-8.2706551227899716e-02,-3.8059343535211091e-03,3.5920878311377462e-02,-2.2215127581196067e-03
2461056.70000000,-1.7653617178811545e+00,2.5980961374683460e+00,-8.2928698418511720e-02,-3.8042481394603227e-03,3.5918400630706192e-02,-2.2214309542533026e-03
2461056.80000000,-1.7657420585901036e+00,2.6016878538860535e+00,-8.3150837428781765e-02,-3.8025666905794719e-03,3.5915927071707245e-02,-2.2213491720305487e-03
2461056.90000000,-1.7661222313934648e+00,2.6052793231703282e+00,-8.3372968262960451e-02,-3.8008899894693849e-03,3.5913457626305267e-02,-2.2212674117996758e-03
2461057.00000000,-1.7665022367633785e+00,2.6088705457154018e+00,-8.3595090922229859e-02,-3.7992180188190553e-03,3.5910992286468102e-02,-2.2211856739068518e-03
2461057.10000000,-1.7668820751720271e+00,2.6124615219314284e+00,-8.3817205408841008e-02,-3.7975507613839492e-03,3.5908531044160738e-02,-2.2211039586945832e-03
2461057.20000000,-1.7672617470898735e+00,2.6160522522277621e+00,-8.4039311725078933e-02,-3.7958881999935004e-03,3.5906073891356992e-02,-2.2210222665021212e-03
2461057.30000000,-1.7676412529838998e+00,2.6196427369962323e+00,-8.4261409872228216e-02,-3.7942303175584717e-03,3.5903620820051003e-02,-2.2209405976658632e-03
2461057.40000000,-1.7680205933246831e+00,2.6232329766780249e+00,-8.4483499854709571e-02,-3.7925770970397544e-03,3.5901171822211572e-02,-2.2208589525178628e-03
2461057.50000000,-1.7683997685758006e+00,2.6268229716633695e+00,-8.4705581673874084e-02,-3.7909285214943423e-03,3.5898726889850900e-02,-2.2207773313881289e-03
2461057.60000000,-1.7687787792009046e+00,2.6304127223584124e+00,-8.4927655332139959e-02,-3.7892845740440909e-03,3.5896286014978900e-02,-2.2206957346031339e-03
2461057.70000000,-1.7691576256619639e+00,2.6340022291685039e+00,-8.5149720831957876e-02,-3.7876452378831074e-03,3.5893849189614677e-02,-2.2206141624862138e-03
2461057.80000000,-1.7695363084175073e+00,2.6375914924814836e+00,-8.5371778174776675e-02,-3.7860104962850155e-03,3.5891416405798016e-02,-2.2205326153579741e-03
2461057.90000000,-1.7699148279296832e+00,2.6411805127345342e+00,-8.5593827365179120e-02,-3.7843803325721881e-03,3.5888987655544102e-02,-2.2204510935347936e-03
2461058.00000000,-1.7702931846536878e+00,2.6447692903139011e+00,-8.5815868404677420e-02,-3.7827547301610889e-03,3.5886562930911581e-02,-2.2203695973311275e-03
2461058.10000000,-1.7706713790448236e+00,2.6483578256217482e+00,-8.6037901295849123e-02,-3.7811336725314675e-03,3.5884142223957305e-02,-2.2202881270580086e-03
2461058.20000000,-1.7710494115567461e+00,2.6519461190594482e+00,-8.6259926041302656e-02,-3.7795171432336507e-03,3.5881725526747794e-02,-2.2202066830234552e-03
2461058.30000000,-1.7714272826397097e+00,2.6555341710108720e+00,-8.6481942642643389e-02,-3.7779051258957060e-03,3.5879312831370476e-02,-2.2201252655328677e-03
2461058.40000000,-1.7718049927476121e+00,2.6591219819092209e+00,-8.6703951104608490e-02,-3.7762976041931105e-03,3.5876904129888858e-02,-2.2200438748875380e-03
2461058.50000000,-1.7721825423274460e+00,2.6627095521367816e+00,-8.6925951428863613e-02,-3.7746945618934618e-03,3.5874499414410031e-02,-2.2199625113869482e-03
2461058.60000000,-1.7725599318263423e+00,2.6662968820917596e+00,-8.7147943618138074e-02,-3.7730959828261054e-03,3.5872098677039756e-02,-2.2198811753272726e-03
2461058.70000000,-1.7729371616898189e+00,2.6698839721715717e+00,-8.7369927675190695e-02,-3.7715018508893269e-03,3.5869701909893796e-02,-2.2197998670017830e-03
2461058.80000000,-1.7733142323600306e+00,2.6734708227561450e+00,-8.7591903601775739e-02,-3.7699121500574212e-03,3.5867309105109109e-02,-2.2197185867012460e-03
2461058.90000000,-1.7736911442828007e+00,2.6770574342747255e+00,-8.7813871402777396e-02,-3.7683268643507834e-03,3.5864920254799378e-02,-2.2196373347124335e-03
2461059.00000000,-1.7740678978970899e+00,2.6806438071056666e+00,-8.8035831080007468e-02,-3.7667459778800028e-03,3.5862535351121938e-02,-2.2195561113204153e-03
2461059.10000000,-1.7744444936420303e+00,2.6842299416432400e+00,-8.8257782636339752e-02,-3.7651694748159145e-03,3.5860154386233210e-02,-2.2194749168070664e-03
2461059.20000000,-1.7748209319551744e+00,2.6878158382809318e+00,-8.8479726074676066e-02,-3.7635973393966965e-03,3.5857777352300002e-02,-2.2193937514514671e-03
2461059.30000000,-1.7751972132707488e+00,2.6914014973947511e+00,-8.8701661396912573e-02,-3.7620295559348434e-03,3.5855404241510520e-02,-2.2193126155303018e-03
2461059.40000000,-1.7755733380266709e+00,2.6949869194100131e+00,-8.8923588608073367e-02,-3.7604661087876716e-03,3.5853035046030310e-02,-2.2192315093163698e-03
2461059.50000000,-1.7759493066540426e+00,2.6985721047011619e+00,-8.9145507710109276e-02,-3.7589069824008102e-03,3.5850669758068610e-02,-2.2191504330808728e-03
2461059.60000000,-1.7763251195841636e+00,2.7021570536585608e+00,-8.9367418706031515e-02,-3.7573521612786691e-03,3.5848308369834159e-02,-2.2190693870919246e-03
2461059.70000000,-1.7767007772467889e+00,2.7057417666717920e+00,-8.9589321598878086e-02,-3.7558016299914388e-03,3.5845950873546362e-02,-2.2189883716149518e-03
2461059.80000000,-1.7770762800683850e+00,2.7093262441129724e+00,-8.9811216390680071e-02,-3.7542553731819729e-03,3.5843597261446286e-02,-2.2189073869130879e-03
2461059.90000000,-1.7774516284791306e+00,2.7129104864035138e+00,-9.0033103086594499e-02,-3.7527133755367033e-03,3.5841247525752927e-02,-2.2188264332456903e-03
2461060.00000000,-1.7778268229024314e+00,2.7164944939139777e+00,-9.0254981688704508e-02,-3.7511756218285316e-03,3.5838901658728932e-02,-2.2187455108706169e-03
2461060.10000000,-1.7782018637619226e+00,2.7200782670308450e+00,-9.0476852200152044e-02,-3.7496420968877110e-03,3.5836559652636879e-02,-2.2186646200427432e-03
2461060.20000000,-1.7785767514797250e+00,2.7236618061398228e+00,-9.0698714624104518e-02,-3.7481127856087504e-03,3.5834221499750303e-02,-2.2185837610143610e-03
2461060.30000000,-1.7789514864747076e+00,2.7272451116091592e+00,-9.0920568962721257e-02,-3.7465876729572065e-03,3.5831887192364562e-02,-2.2185029340355674e-03
2461060.40000000,-1.7793260691694726e+00,2.7308281838563895e+00,-9.1142415221285758e-02,-3.7450667439409995e-03,3.5829556722753467e-02,-2.2184221393527870e-03
2461060.50000000,-1.7797004999798927e+00,2.7344110232482230e+00,-9.1364253402006823e-02,-3.7435499836527223e-03,3.5827230083234546e-02,-2.2183413772110454e-03
2461060.60000000,-1.7800747793220977e+00,2.7379936301672836e+00,-9.1586083508150701e-02,-3.7420373772409227e-03,3.5824907266125583e-02,-2.2182606478524853e-03
2461060.70000000,-1.7804489076107355e+00,2.7415760049954292e+00,-9.1807905543007676e-02,-3.7405289099169134e-03,3.5822588263755568e-02,-2.2181799515167606e-03
2461060.80000000,-1.7808228852572372e+00,2.7451581480970693e+00,-9.2029719508859034e-02,-3.7390245669614787e-03,3.5820273068475517e-02,-2.2180992884414338e-03
2461060.90000000,-1.7811967126767876e+00,2.7487400598858915e+00,-9.2251525411108357e-02,-3.7375243336965833e-03,3.5817961672615389e-02,-2.2180186588604905e-03
2461061.00000000,-1.7815703902778841e+00,2.7523217407247760e+00,-9.2473323252083808e-02,-3.7360281955271055e-03,3.5815654068548836e-02,-2.2179380630066147e-03
2461061.10000000,-1.7819439184693087e+00,2.7559031909925205e+00,-9.2695113035169655e-02,-3.7345361379125148e-03,3.5813350248650136e-02,-2.2178575011097025e-03
2461061.20000000,-1.7823172976583925e+00,2.7594844110671599e+00,-9.2916894763772961e-02,-3.7330481463735939e-03,3.5811050205304992e-02,-2.2177769733972598e-03
2461061.30000000,-1.7826905282492842e+00,2.7630654013092966e+00,-9.3138668440290742e-02,-3.7315642064990567e-03,3.5808753930921242e-02,-2.2176964800947911e-03
2461061.40000000,-1.7830636106499069e+00,2.7666461621287946e+00,-9.3360434070240556e-02,-3.7300843039176391e-03,3.5806461417886223e-02,-2.2176160214243241e-03
2461061.50000000,-1.7834365452615368e+00,2.7702266938847369e+00,-9.3582191656063948e-02,-3.7286084243392790e-03,3.5804172658630902e-02,-2.2175355976066734e-03
2461061.60000000,-1.7838093324857627e+00,2.7738069969521204e+00,-9.3803941201257110e-02,-3.7271365535271692e-03,3.5801887645587158e-02,-2.2174552088599642e-03
2461061.70000000,-1.7841819727227513e+00,2.7773870717051907e+00,-9.4025682709337990e-02,-3.7256686773044015e-03,3.5799606371198542e-02,-2.2173748554000197e-03
2461061.80000000,-1.7845544663695210e+00,2.7809669185007655e+00,-9.4247416182813418e-02,-3.7242047815604904e-03,3.5797328827930866e-02,-2.2172945374407554e-03
2461061.90000000,-1.7849268138268846e+00,2.7845465377449190e+00,-9.4469141627309100e-02,-3.7227448522238501e-03,3.5795055008229902e-02,-2.2172142551927019e-03
2461062.00000000,-1.7852990154890482e+00,2.7881259297929630e+00,-9.4690859045374054e-02,-3.7212888753024153e-03,3.5792784904584971e-02,-2.2171340088652670e-03
2461062.10000000,-1.7856710717505555e+00,2.7917050950161277e+00,-9.4912568440610717e-02,-3.7198368368560799e-03,3.5790518509486648e-02,-2.2170537986652568e-03
2461062.20000000,-1.7860429830045603e+00,2.7952840337848914e+00,-9.5134269816642122e-02,-3.7183887230032501e-03,3.5788255815437320e-02,-2.2169736247972670e-03
2461062.30000000,-1.7864147496410989e+00,2.7988627464523219e+00,-9.5355963176079250e-02,-3.7169445199272868e-03,3.5785996814961786e-02,-2.2168934874640745e-03
2461062.40000000,-1.7867863720540222e+00,2.8024412334207303e+00,-9.5577648524650297e-02,-3.7155042138493524e-03,3.5783741500565229e-02,-2.2168133868651612e-03
2461062.50000000,-1.7871578506306134e+00,2.8060194950416872e+00,-9.5799325865006238e-02,-3.7140677910684882e-03,3.5781489864796345e-02,-2.2167333231989704e-03
2461062.60000000,-1.7875291857585192e+00,2.8095975316826833e+00,-9.6020995200850195e-02,-3.7126352379344314e-03,3.5779241900205261e-02,-2.2166532966614344e-03
2461062.70000000,-1.7879003778240239e+00,2.8131753437104634e+00,-9.6242656535904733e-02,-3.7112065408540780e-03,3.5776997599354196e-02,-2.2165733074463599e-03
2461062.80000000,-1.7882714272103282e+00,2.8167529314743711e+00,-9.6464309872879545e-02,-3.7097816862978407e-03,3.5774756954827798e-02,-2.2164933557458177e-03
2461062.90000000,-1.7886423343044648e+00,2.8203302953729876e+00,-9.6685955217599859e-02,-3.7083606607728691e-03,3.5772519959191555e-02,-2.2164134417486775e-03
2461063.00000000,-1.7890130994869382e+00,2.8239074357541720e+00,-9.6907592572813284e-02,-3.7069434508625876e-03,3.5770286605054359e-02,-2.2163335656428477e-03
2461063.10000000,-1.7893837231386407e+00,2.8274843529817049e+00,-9.7129221942318253e-02,-3.7055300431998789e-03,3.5768056885026829e-02,-2.2162537276138108e-03
2461063.20000000,-1.7897542056391311e+00,2.8310610474186269e+00,-9.7350843329931616e-02,-3.7041204244734655e-03,3.5765830791731790e-02,-2.2161739278450110e-03
2461063.30000000,-1.7901245473649157e+00,2.8346375194105908e+00,-9.7572456738456562e-02,-3.7027145814341874e-03,3.5763608317814569e-02,-2.2160941665182381e-03
2461063.40000000,-1.7904947486963514e+00,2.8382137693524734e+00,-9.7794062173810148e-02,-3.7013125008685762e-03,3.5761389455901751e-02,-2.2160144438121603e-03
2461063.50000000,-1.7908648100073028e+00,2.8417897975884534e+00,-9.8015659638831382e-02,-3.6999141696378731e-03,3.5759174198663222e-02,-2.2159347599045743e-03
2461063.60000000,-1.7912347316720492e+00,2.8453656044786340e+00,-9.8237249137408944e-02,-3.6985195746515737e-03,3.5756962538770816e-02,-2.2158551149709270e-03
2461063.70000000,-1.7916045140635626e+00,2.8489411903823818e+00,-9.8458830673448877e-02,-3.6971287028737245e-03,3.5754754468908689e-02,-2.2157755091847071e-03
2461063.80000000,-1.7919741575517929e+00,2.8525165556416874e+00,-9.8680404249842785e-02,-3.6957415413291193e-03,3.5752549981783614e-02,-2.2156959427178310e-03
2461063.90000000,-1.7923436625105593e+00,2.8560917006477564e+00,-9.8901969872594572e-02,-3.6943580770772313e-03,3.5750349070083967e-02,-2.2156164157391789e-03
2461064.00000000,-1.7927130293072255e+00,2.8596666257411187e+00,-9.9123527544629747e-02,-3.6929782972507114e-03,3.5748151726541305e-02,-2.2155369284168301e-03
2461064.10000000,-1.7930822583095927e+00,2.8632413312782274e+00,-9.9345077269922241e-02,-3.6916021890292883e-03,3.5745957943889350e-02,-2.2154574809165974e-03
2461064.20000000,-1.7934513498841826e+00,2.8668158176148073e+00,-9.9566619052462460e-02,-3.6902297396459852e-03,3.5743767714874274e-02,-2.2153780734024135e-03
2461064.30000000,-1.7938203043945253e+00,2.8703900850892166e+00,-9.9788152895225565e-02,-3.6888609363932359e-03,3.5741581032264907e-02,-2.2152987060367179e-03
2461064.40000000,-1.7941891222080357e+00,2.8739641340890216e+00,-1.0000967880429758e-01,-3.6874957665971645e-03,3.5739397888812037e-02,-2.2152193789789902e-03
2461064.50000000,-1.7945578036857106e+00,2.8775379649511343e+00,-1.0023119678268566e-01,-3.6861342176555774e-03,3.5737218277309482e-02,-2.2151400923879853e-03
2461064.60000000,-1.7949263491890082e+00,2.8811115780283889e+00,-1.0045270683444434e-01,-3.6847762770122121e-03,3.5735042190553498e-02,-2.2150608464202720e-03
2461064.70000000,-1.7952947590781316e+00,2.8846849736729006e+00,-1.0067420896364367e-01,-3.6834219321628735e-03,3.5732869621352831e-02,-2.2149816412306107e-03
2461064.80000000,-1.7956630337103230e+00,2.8882581522194273e+00,-1.0089570317333775e-01,-3.6820711706614722e-03,3.5730700562538915e-02,-2.2149024769723448e-03
2461064.90000000,-1.7960311734467258e+00,2.8918311140519264e+00,-1.0111718946969007e-01,-3.6807239800946447e-03,3.5728535006925487e-02,-2.2148233537959351e-03
2461065.00000000,-1.7963991786421014e+00,2.8954038595037219e+00,-1.0133866785578489e-01,-3.6793803481192516e-03,3.5726372947369224e-02,-2.2147442718511903e-03
2461065.10000000,-1.7967670496516930e+00,2.8989763889240621e+00,-1.0156013833575281e-01,-3.6780402624369615e-03,3.5724214376729346e-02,-2.2146652312858054e-03
2461065.20000000,-1.7971347868295175e+00,2.9025487026614809e+00,-1.0178160091373908e-01,-3.6767037108003152e-03,3.5722059287877715e-02,-2.2145862322457458e-03
2461065.30000000,-1.7975023905266572e+00,2.9061208010471700e+00,-1.0200305559287222e-01,-3.6753706810186857e-03,3.5719907673708862e-02,-2.2145072748756267e-03
2461065.40000000,-1.7978698610981136e+00,2.9096926844615085e+00,-1.0222450237938878e-01,-3.6740411609332336e-03,3.5717759527099963e-02,-2.2144283593172592e-03
2461065.50000000,-1.7982371988925390e+00,2.9132643532342639e+00,-1.0244594127644582e-01,-3.6727151384539137e-03,3.5715614840970966e-02,-2.2143494857118722e-03
2461065.60000000,-1.7986044042590916e+00,2.9168358077111294e+00,-1.0266737228824560e-01,-3.6713926015343999e-03,3.5713473608244520e-02,-2.2142706541986518e-03
2461065.70000000,-1.7989714775457273e+00,2.9204070482370938e+00,-1.0288879541900421e-01,-3.6700735381780683e-03,3.5711335821856004e-02,-2.2141918649151255e-03
2461065.80000000,-1.7993384190974961e+00,2.9239780751398095e+00,-1.0311021067192043e-01,-3.6687579364438829e-03,3.5709201474763481e-02,-2.2141131179975425e-03
2461065.90000000,-1.7997052292633817e+00,2.9275488887961103e+00,-1.0333161805329957e-01,-3.6674457844216822e-03,3.5707070559907989e-02,-2.2140344135794204e-03
2461066.00000000,-1.8000719083860537e+00,2.9311194895322390e+00,-1.0355301756636727e-01,-3.6661370702687044e-03,3.5704943070273130e-02,-2.2139557517937593e-03
2461066.10000000,-1.8004384568087091e+00,2.9346898776903685e+00,-1.0377440921539331e-01,-3.6648317821848402e-03,3.5702818998845379e-02,-2.2138771327715892e-03
2461066.20000000,-1.8008048748733672e+00,2.9382600536119683e+00,-1.0399579300466053e-01,-3.6635299084185444e-03,3.5700698338623993e-02,-2.2137985566423519e-03
2461066.30000000,-1.8011711629191682e+00,2.9418300176211880e+00,-1.0421716893743374e-01,-3.6622314372726445e-03,3.5698581082630909e-02,-2.2137200235342754e-03
2461066.40000000,-1.8015373212892014e+00,2.9453997700913468e+00,-1.0443853702008314e-01,-3.6609363570799512e-03,3.5696467223871327e-02,-2.2136415335729286e-03
2461066.50000000,-1.8019033503202764e+00,2.9489693113451958e+00,-1.0465989725589878e-01,-3.6596446562393134e-03,3.5694356755392870e-02,-2.2135630868834301e-03
2461066.60000000,-1.8022692503497504e+00,2.9525386417214174e+00,-1.0488124964921400e-01,-3.6583563231911936e-03,3.5692249670246125e-02,-2.2134846835889939e-03
2461066.70000000,-1.8026350217138265e+00,2.9561077615579969e+00,-1.0510259420437446e-01,-3.6570713464235036e-03,3.5690145961494536e-02,-2.2134063238113109e-03
2461066.80000000,-1.8030006647458565e+00,2.9596766711756097e+00,-1.0532393092470713e-01,-3.6557897144773466e-03,3.5688045622224232e-02,-2.2133280076709273e-03
2461066.90000000,-1.8033661797831557e+00,2.9632453709440938e+00,-1.0554525981664305e-01,-3.6545114159229385e-03,3.5685948645504825e-02,-2.2132497352857993e-03
2461067.00000000,-1.8037315671567928e+00,2.9668138611827417e+00,-1.0576658088353295e-01,-3.6532364393952032e-03,3.5683855024448201e-02,-2.2131715067734920e-03
2461067.10000000,-1.8040968271984037e+00,2.9703821422267751e+00,-1.0598789412976990e-01,-3.6519647735696660e-03,3.5681764752169366e-02,-2.2130933222497358e-03
2461067.20000000,-1.8044619602384935e+00,2.9739502144107286e+00,-1.0620919955975849e-01,-3.6506964071682134e-03,3.5679677821796180e-02,-2.2130151818288016e-03
2461067.30000000,-1.8048269666047441e+00,2.9775180780518355e+00,-1.0643049717688417e-01,-3.6494313289647672e-03,3.5677594226479134e-02,-2.2129370856238781e-03
2461067.40000000,-1.8051918466288139e+00,2.9810857335164864e+00,-1.0665178698763510e-01,-3.6481695277615187e-03,3.5675513959352541e-02,-2.2128590337456319e-03
2461067.50000000,-1.8055566006361468e+00,2.9846531811205450e+00,-1.0687306899541897e-01,-3.6469109924240632e-03,3.5673437013592761e-02,-2.2127810263043984e-03
2461067.60000000,-1.8059212289527733e+00,2.9882204211958068e+00,-1.0709434320468489e-01,-3.6456557118576104e-03,3.5671363382379362e-02,-2.2127030634087426e-03
2461067.70000000,-1.8062857319036187e+00,2.9917874540733869e+00,-1.0731560961989284e-01,-3.6444036750126760e-03,3.5669293058904837e-02,-2.2126251451658344e-03
2461067.80000000,-1.8066501098108076e+00,2.9953542800671089e+00,-1.0753686824448305e-01,-3.6431548708906760e-03,3.5667226036384232e-02,-2.2125472716818212e-03
2461067.90000000,-1.8070143630004563e+00,2.9989208995399474e+00,-1.0775811908499724e-01,-3.6419092885204740e-03,3.5665162308016717e-02,-2.2124694430603947e-03
2461068.00000000,-1.8073784917924982e+00,3.0024873128043708e+00,-1.0797936214489660e-01,-3.6406669169930686e-03,3.5663101867043225e-02,-2.2123916594049735e-03
2461068.10000000,-1.8077424965074738e+00,3.0060535201887801e+00,-1.0820059742868278e-01,-3.6394277454381094e-03,3.5661044706708070e-02,-2.2123139208172671e-03
2461068.20000000,-1.8081063774648380e+00,3.0096195220209023e+00,-1.0842182494086758e-01,-3.6381917630295148e-03,3.5658990820268494e-02,-2.2122362273976509e-03
2461068.30000000,-1.8084701349812731e+00,3.0131853186111854e+00,-1.0864304468494265e-01,-3.6369589589910043e-03,3.5656940201004253e-02,-2.2121585792455409e-03
2461068.40000000,-1.8088337693774654e+00,3.0167509103192200e+00,-1.0886425666749991e-01,-3.6357293225729426e-03,3.5654892842179417e-02,-2.2120809764579548e-03
2461068.50000000,-1.8091972809679486e+00,3.0203162974541109e+00,-1.0908546089205047e-01,-3.6345028430865862e-03,3.5652848737099688e-02,-2.2120034191316982e-03
2461068.60000000,-1.8095606700678830e+00,3.0238814803408967e+00,-1.0930665736314528e-01,-3.6332795098809058e-03,3.5650807879074181e-02,-2.2119259073619278e-03
2461068.70000000,-1.8099239369913660e+00,3.0274464593039494e+00,-1.0952784608534465e-01,-3.6320593123481304e-03,3.5648770261424968e-02,-2.2118484412425236e-03
2461068.80000000,-1.8102870820497448e+00,3.0310112346503741e+00,-1.0974902706218834e-01,-3.6308422399292115e-03,3.5646735877496581e-02,-2.2117710208664639e-03
2461068.90000000,-1.8106501055583872e+00,3.0345758067364090e+00,-1.0997020030031512e-01,-3.6296282820909714e-03,3.5644704720618099e-02,-2.2116936463243918e-03
2461069.00000000,-1.8110130078265352e+00,3.0381401758678286e+00,-1.1019136580328304e-01,-3.6284174283599071e-03,3.5642676784159999e-02,-2.2116163177067914e-03
2461069.10000000,-1.8113757891640772e+00,3.0417043423663430e+00,-1.1041252357568893e-01,-3.6272096682993106e-03,3.5640652061496268e-02,-2.2115390351025565e-03
2461069.20000000,-1.8117384498798605e+00,3.0452683065529991e+00,-1.1063367362213854e-01,-3.6260049915147535e-03,3.5638630546013836e-02,-2.2114617985993642e-03
2461069.30000000,-1.8121009902800076e+00,3.0488320687315924e+00,-1.1085481594621654e-01,-3.6248033876594751e-03,3.5636612231122029e-02,-2.2113846082840419e-03
2461069.40000000,-1.8124634106746704e+00,3.0523956292550412e+00,-1.1107595055460553e-01,-3.6236048464118277e-03,3.5634597110214952e-02,-2.2113074642411443e-03
2461069.50000000,-1.8128257113679087e+00,3.0559589884258194e+00,-1.1129707745090722e-01,-3.6224093575086503e-03,3.5632585176727891e-02,-2.2112303665551190e-03
2461069.60000000,-1.8131878926644442e+00,3.0595221465623421e+00,-1.1151819663976144e-01,-3.6212169107226891e-03,3.5630576424099690e-02,-2.2111533153088810e-03
2461069.70000000,-1.8135499548679801e+00,3.0630851039823672e+00,-1.1173930812581623e-01,-3.6200274958680038e-03,3.5628570845782165e-02,-2.2110763105841831e-03
2461069.80000000,-1.8139118982795159e+00,3.0666478609864103e+00,-1.1196041191269825e-01,-3.6188411028052984e-03,3.5626568435249382e-02,-2.2109993524619840e-03
2461069.90000000,-1.8142737232040964e+00,3.0702104179241005e+00,-1.1218150800713085e-01,-3.6176577214196482e-03,3.5624569185960464e-02,-2.2109224410210267e-03
2461070.00000000,-1.8146354299407002e+00,3.0737727750946497e+00,-1.1240259641275652e-01,-3.6164773416534597e-03,3.5622573091415463e-02,-2.2108455763399982e-03
2461070.10000000,-1.8149970187889872e+00,3.0773349328132049e+00,-1.1262367713425511e-01,-3.6152999534841712e-03,3.5620580145118048e-02,-2.2107687584961093e-03
2461070.20000000,-1.8153584900476187e+00,3.0808968913942696e+00,-1.1284475017631419e-01,-3.6141255469296012e-03,3.5618590340584837e-02,-2.2106919875654607e-03
2461070.30000000,-1.8157198440125761e+00,3.0844586511351095e+00,-1.1306581554259944e-01,-3.6129541120532085e-03,3.5616603671354649e-02,-2.2106152636234126e-03
2461070.40000000,-1.8160810809838963e+00,3.0880202123821023e+00,-1.1328687323987219e-01,-3.6117856389421056e-03,3.5614620130951534e-02,-2.2105385867431664e-03
2461070.50000000,-1.8164422012555801e+00,3.0915815754312237e+00,-1.1350792327181287e-01,-3.6106201177396021e-03,3.5612639712940229e-02,-2.2104619569979170e-03
2461070.60000000,-1.8168032051223271e+00,3.0951427405943903e+00,-1.1372896564313860e-01,-3.6094575386231907e-03,3.5610662410889143e-02,-2.2103853744594357e-03
2461070.70000000,-1.8171640928778563e+00,3.0987037081828777e+00,-1.1395000035857358e-01,-3.6082978918098294e-03,3.5608688218379661e-02,-2.2103088391984375e-03
2461070.80000000,-1.8175248648132303e+00,3.1022644784907385e+00,-1.1417102742181987e-01,-3.6071411675611393e-03,3.5606717129015225e-02,-2.2102323512849468e-03
2461070.90000000,-1.8178855212235803e+00,3.1058250518611294e+00,-1.1439204683967404e-01,-3.6059873561616928e-03,3.5604749136384714e-02,-2.2101559107868827e-03
2461071.00000000,-1.8182460623980272e+00,3.1093854285868243e+00,-1.1461305861585185e-01,-3.6048364479511538e-03,3.5602784234117439e-02,-2.2100795177722090e-03
2461071.10000000,-1.8186064886264086e+00,3.1129456089765410e+00,-1.1483406275510497e-01,-3.6036884333025439e-03,3.5600822415846473e-02,-2.2100031723075154e-03
2461071.20000000,-1.8189668001976009e+00,3.1165055933383616e+00,-1.1505505926219167e-01,-3.6025433026274536e-03,3.5598863675217786e-02,-2.2099268744583882e-03
2461071.30000000,-1.8193269973978472e+00,3.1200653819631561e+00,-1.1527604814084771e-01,-3.6014010463811820e-03,3.5596908005899333e-02,-2.2098506242897689e-03
2461071.40000000,-1.8196870805174676e+00,3.1236249751908911e+00,-1.1549702939790242e-01,-3.6002616550413007e-03,3.5594955401544691e-02,-2.2097744218645527e-03
2461071.50000000,-1.8200470498408017e+00,3.1271843733111719e+00,-1.1571800303710425e-01,-3.5991251191393892e-03,3.5593005855847633e-02,-2.2096982672457194e-03
2461071.60000000,-1.8204069056529220e+00,3.1307435766295488e+00,-1.1593896906323688e-01,-3.5979914292395762e-03,3.5591059362505707e-02,-2.2096221604949303e-03
2461071.70000000,-1.8207666482379579e+00,3.1343025854509423e+00,-1.1615992748109021e-01,-3.5968605759436924e-03,3.5589115915229327e-02,-2.2095461016728886e-03
2461071.80000000,-1.8211262778774271e+00,3.1378614000630738e+00,-1.1638087829443122e-01,-3.5957325498963398e-03,3.5587175507750826e-02,-2.2094700908397067e-03
2461071.90000000,-1.8214857948569367e+00,3.1414200208027530e+00,-1.1660182151011951e-01,-3.5946073417637316e-03,3.5585238133788291e-02,-2.2093941280534940e-03
2461072.00000000,-1.8218451994561391e+00,3.1449784479564475e+00,-1.1682275713193377e-01,-3.5934849422650339e-03,3.5583303787099764e-02,-2.2093182133724972e-03
2461072.10000000,-1.8222044919554357e+00,3.1485366818265725e+00,-1.1704368516468738e-01,-3.5923653421511717e-03,3.5581372461447117e-02,-2.2092423468536883e-03
2461072.20000000,-1.8225636726343035e+00,3.1520947227149203e+00,-1.1726460561319937e-01,-3.5912485322099215e-03,3.5579444150605023e-02,-2.2091665285531329e-03
2461072.30000000,-1.8229227417696288e+00,3.1556525709060939e+00,-1.1748551848126565e-01,-3.5901345032709276e-03,3.5577518848369974e-02,-2.2090907585263480e-03
2461072.40000000,-1.8232816996423984e+00,3.1592102267337774e+00,-1.1770642377577370e-01,-3.5890232461847928e-03,3.5575596548524380e-02,-2.2090150368269021e-03
2461072.50000000,-1.8236405465276702e+00,3.1627676904813349e+00,-1.1792732150053026e-01,-3.5879147518540419e-03,3.5573677244890370e-02,-2.2089393635085428e-03
2461072.60000000,-1.8239992827012663e+00,3.1663249624480763e+00,-1.1814821166037603e-01,-3.5868090112121920e-03,3.5571760931293911e-02,-2.2088637386237903e-03
2461072.70000000,-1.8243579084381041e+00,3.1698820429326986e+00,-1.1836909426015702e-01,-3.5857060152287823e-03,3.5569847601573744e-02,-2.2087881622243049e-03
2461072.80000000,-1.8247164240105298e+00,3.1734389322167202e+00,-1.1858996930369574e-01,-3.5846057549143297e-03,3.5567937249590273e-02,-2.2087126343612435e-03
2461072.90000000,-1.8250748296950003e+00,3.1769956306307319e+00,-1.1881083679790538e-01,-3.5835082212996808e-03,3.5566029869190025e-02,-2.2086371550838644e-03
2461073.00000000,-1.8254331257620700e+00,3.1805521384550239e+00,-1.1903169674661845e-01,-3.5824134054665969e-03,3.5564125454258966e-02,-2.2085617244416451e-03
2461073.10000000,-1.8257913124830722e+00,3.1841084559858372e+00,-1.1925254915470092e-01,-3.5813212985270808e-03,3.5562223998686915e-02,-2.2084863424828836e-03
2461073.20000000,-1.8261493901284531e+00,3.1876645835188033e+00,-1.1947339402702346e-01,-3.5802318916283507e-03,3.5560325496376423e-02,-2.2084110092550628e-03
2461073.30000000,-1.8265073589661101e+00,3.1912205213323852e+00,-1.1969423136743323e-01,-3.5791451759577325e-03,3.5558429941251628e-02,-2.2083357248052059e-03
2461073.40000000,-1.8268652192680597e+00,3.1947762697541133e+00,-1.1991506118286696e-01,-3.5780611427222728e-03,3.5556537327222866e-02,-2.2082604891784830e-03
2461073.50000000,-1.8272229713004398e+00,3.1983318290612375e+00,-1.2013588347718089e-01,-3.5769797831789445e-03,3.5554647648239700e-02,-2.2081853024203276e-03
2461073.60000000,-1.8275806153301846e+00,3.2018871995469587e+00,-1.2035669825526409e-01,-3.5759010886142325e-03,3.5552760898255556e-02,-2.2081101645750373e-03
2461073.70000000,-1.8279381516233577e+00,3.2054423815038762e+00,-1.2057750552201008e-01,-3.5748250503490472e-03,3.5550877071236539e-02,-2.2080350756861372e-03
2461073.80000000,-1.8282955804434924e+00,3.2089973752074306e+00,-1.2079830528128845e-01,-3.5737516597435610e-03,3.5548996161170174e-02,-2.2079600357967346e-03
2461073.90000000,-1.8286529020582516e+00,3.2125521809821249e+00,-1.2101909754005756e-01,-3.5726809081770691e-03,3.5547118162030385e-02,-2.2078850449481339e-03
2461074.00000000,-1.8290101167294466e+00,3.2161067991021972e+00,-1.2123988230219543e-01,-3.5716127870778296e-03,3.5545243067830044e-02,-2.2078101031819380e-03
2461074.10000000,-1.8293672247196962e+00,3.2196612298578429e+00,-1.2146065957261230e-01,-3.5705472879029032e-03,3.5543370872585890e-02,-2.2077352105386600e-03
2461074.20000000,-1.8297242262907671e+00,3.2232154735386587e+00,-1.2168142935622249e-01,-3.5694844021430042e-03,3.5541501570327282e-02,-2.2076603670580803e-03
2461074.30000000,-1.8300811217019159e+00,3.2267695304170960e+00,-1.2190219165691621e-01,-3.5684241213272800e-03,3.5539635155104887e-02,-2.2075855727796074e-03
2461074.40000000,-1.8304379112165372e+00,3.2303234008146604e+00,-1.2212294648167160e-01,-3.5673664370034241e-03,3.5537771620955894e-02,-2.2075108277408865e-03
2461074.50000000,-1.8307945950921982e+00,3.2338770850026122e+00,-1.2234369383438651e-01,-3.5663113407671488e-03,3.5535910961956171e-02,-2.2074361319799024e-03
2461074.60000000,-1.8311511735872881e+00,3.2374305832681705e+00,-1.2256443371999061e-01,-3.5652588242422764e-03,3.5534053172185456e-02,-2.2073614855335909e-03
2461074.70000000,-1.8315076469593605e+00,3.2409838958979620e+00,-1.2278516614341713e-01,-3.5642088790855285e-03,3.5532198245736078e-02,-2.2072868884381995e-03
2461074.80000000,-1.8318640154634778e+00,3.2445370231614792e+00,-1.2300589110857513e-01,-3.5631614969912563e-03,3.5530346176721482e-02,-2.2072123407296399e-03
2461074.90000000,-1.8322202793588507e+00,3.2480899653772624e+00,-1.2322660862246070e-01,-3.5621166696717904e-03,3.5528496959241831e-02,-2.2071378424421053e-03
2461075.00000000,-1.8325764388988846e+00,3.2516427228136262e+00,-1.2344731868898984e-01,-3.5610743888865588e-03,3.5526650587435676e-02,-2.2070633936101662e-03
2461075.10000000,-1.8329324943378216e+00,3.2551952957548447e+00,-1.2366802131310978e-01,-3.5600346464224235e-03,3.5524807055445425e-02,-2.2069889942673854e-03
2461075.20000000,-1.8332884459290841e+00,3.2587476844846064e+00,-1.2388871649977114e-01,-3.5589974340984143e-03,3.5522966357425981e-02,-2.2069146444466752e-03
2461075.30000000,-1.8336442939236228e+00,3.2622998892694768e+00,-1.2410940425290005e-01,-3.5579627437703969e-03,3.5521128487553323e-02,-2.2068403441806521e-03
2461075.40000000,-1.8340000385765445e+00,3.2658519104250612e+00,-1.2433008457950886e-01,-3.5569305673116727e-03,3.5519293439990177e-02,-2.2067660935002581e-03
2461075.50000000,-1.8343556801371743e+00,3.2694037482167584e+00,-1.2455075748353005e-01,-3.5559008966417377e-03,3.5517461208937444e-02,-2.2066918924368451e-03
2461075.60000000,-1.8347112188556889e+00,3.2729554029259300e+00,-1.2477142296992685e-01,-3.5548737237068627e-03,3.5515631788599893e-02,-2.2066177410208000e-03
2461075.70000000,-1.8350666549814598e+00,3.2765068748333590e+00,-1.2499208104366553e-01,-3.5538490404847696e-03,3.5513805173194683e-02,-2.2065436392818970e-03
2461075.80000000,-1.8354219887614043e+00,3.2800581642027118e+00,-1.2521273170868774e-01,-3.5528268389892490e-03,3.5511981356959904e-02,-2.2064695872496516e-03
2461075.90000000,-1.8357772204466056e+00,3.2836092713466920e+00,-1.2543337497202051e-01,-3.5518071112509890e-03,3.5510160334120550e-02,-2.2063955849519448e-03
2461076.00000000,-1.8361323502823883e+00,3.2871601965278150e+00,-1.2565401083761124e-01,-3.5507898493459963e-03,3.5508342098939487e-02,-2.2063216324171050e-03
2461076.10000000,-1.8364873785149407e+00,3.2907109400245589e+00,-1.2587463931043757e-01,-3.5497750453764051e-03,3.5506526645683441e-02,-2.2062477296725322e-03
2461076.20000000,-1.8368423053896628e+00,3.2942615021148312e+00,-1.2609526039547994e-01,-3.5487626914751055e-03,3.5504713968631481e-02,-2.2061738767450525e-03
2461076.30000000,-1.8371971311495168e+00,3.2978118830594338e+00,-1.2631587409669404e-01,-3.5477527798103026e-03,3.5502904062083444e-02,-2.2061000736612658e-03
2461076.40000000,-1.8375518560416400e+00,3.3013620831681982e+00,-1.2653648042112012e-01,-3.5467453025665794e-03,3.5501096920326200e-02,-2.2060263204461837e-03
2461076.50000000,-1.8379064803074336e+00,3.3049121027007851e+00,-1.2675707937271904e-01,-3.5457402519729776e-03,3.5499292537684204e-02,-2.2059526171252937e-03
2461076.60000000,-1.8382610041891754e+00,3.3084619419328227e+00,-1.2697767095648144e-01,-3.5447376202840386e-03,3.5497490908485772e-02,-2.2058789637231955e-03
2461076.70000000,-1.8386154279283697e+00,3.3120116011393725e+00,-1.2719825517740041e-01,-3.5437373997843787e-03,3.5495692027071514e-02,-2.2058053602639484e-03
2461076.80000000,-1.8389697517641013e+00,3.3155610805784024e+00,-1.2741883203944426e-01,-3.5427395827931944e-03,3.5493895887802614e-02,-2.2057318067714238e-03
2461076.90000000,-1.8393239759396371e+00,3.3191103805569018e+00,-1.2763940154966505e-01,-3.5417441616455553e-03,3.5492102485027432e-02,-2.2056583032679412e-03
2461077.00000000,-1.8396781006925307e+00,3.3226595013317102e+00,-1.2785996371203578e-01,-3.5407511287201465e-03,3.5490311813131649e-02,-2.2055848497763296e-03
2461077.10000000,-1.8400321262612236e+00,3.3262084431756351e+00,-1.2808051853155869e-01,-3.5397604764205439e-03,3.5488523866504772e-02,-2.2055114463185653e-03
2461077.20000000,-1.8403860528834002e+00,3.3297572063609242e+00,-1.2830106601323829e-01,-3.5387721971797312e-03,3.5486738639548487e-02,-2.2054380929161215e-03
2461077.30000000,-1.8407398807943414e+00,3.3333057911427395e+00,-1.2852160616105412e-01,-3.5377862834645554e-03,3.5484956126685015e-02,-2.2053647895903163e-03
2461077.40000000,-1.8410936102335191e+00,3.3368541978252604e+00,-1.2874213898206877e-01,-3.5368027277572446e-03,3.5483176322323756e-02,-2.2052915363609533e-03
2461077.50000000,-1.8414472414347129e+00,3.3404024266625338e+00,-1.2896266448026597e-01,-3.5358215225828197e-03,3.5481399220911189e-02,-2.2052183332483769e-03
2461077.60000000,-1.8418007746326035e+00,3.3439504779245786e+00,-1.2918318266065851e-01,-3.5348426604905983e-03,3.5479624816897634e-02,-2.2051451802721144e-03
2461077.70000000,-1.8421542100611270e+00,3.3474983518808568e+00,-1.2940369352826081e-01,-3.5338661340586540e-03,3.5477853104745501e-02,-2.2050720774512257e-03
2461077.80000000,-1.8425075479518349e+00,3.3510460487837581e+00,-1.2962419708706260e-01,-3.5328919358982242e-03,3.5476084078937507e-02,-2.2049990248046445e-03
2461077.90000000,-1.8428607885404757e+00,3.3545935689346820e+00,-1.2984469334413587e-01,-3.5319200586354472e-03,3.5474317733943772e-02,-2.2049260223498302e-03
2461078.00000000,-1.8432139320571277e+00,3.3581409125849140e+00,-1.3006518230347378e-01,-3.5309504949384545e-03,3.5472554064271168e-02,-2.2048530701048123e-03
2461078.10000000,-1.8435669787327813e+00,3.3616880800017124e+00,-1.3028566397009819e-01,-3.5299832374990877e-03,3.5470793064430337e-02,-2.2047801680868382e-03
2461078.20000000,-1.8439199287976977e+00,3.3652350714517856e+00,-1.3050613834903271e-01,-3.5290182790373137e-03,3.5469034728944013e-02,-2.2047073163127175e-03
2461078.30000000,-1.8442727824797693e+00,3.3687818871847810e+00,-1.3072660544427595e-01,-3.5280556123055791e-03,3.5467279052355034e-02,-2.2046345147991695e-03
2461078.40000000,-1.8446255400110940e+00,3.3723285274993455e+00,-1.3094706526290795e-01,-3.5270952300707646e-03,3.5465526029193756e-02,-2.2045617635614726e-03
2461078.50000000,-1.8449782016181180e+00,3.3758749926440346e+00,-1.3116751780893046e-01,-3.5261371251409579e-03,3.5463775654027009e-02,-2.2044890626155048e-03
2461078.60000000,-1.8453307675282129e+00,3.3794212828833770e+00,-1.3138796308737341e-01,-3.5251812903473894e-03,3.5462027921425408e-02,-2.2044164119763951e-03
2461078.70000000,-1.8456832379680357e+00,3.3829673984813562e+00,-1.3160840110326824e-01,-3.5242277185487982e-03,3.5460282825971509e-02,-2.2043438116588674e-03
2461078.80000000,-1.8460356131618891e+00,3.3865133396849085e+00,-1.3182883186062139e-01,-3.5232764026357339e-03,3.5458540362267865e-02,-2.2042712616775835e-03
2461078.90000000,-1.8463878933382882e+00,3.3900591067899595e+00,-1.3204925536652004e-01,-3.5223273355127266e-03,3.5456800524904637e-02,-2.2041987620458020e-03
2461079.00000000,-1.8467400787201187e+00,3.3936047000423635e+00,-1.3226967162497344e-01,-3.5213805101247460e-03,3.5455063308508186e-02,-2.2041263127774067e-03
2461079.10000000,-1.8470921695312015e+00,3.3971501197039484e+00,-1.3249008064101853e-01,-3.5204359194393503e-03,3.5453328707708606e-02,-2.2040539138855658e-03
2461079.20000000,-1.8474441659946566e+00,3.4006953660360053e+00,-1.3271048241969360e-01,-3.5194935564510045e-03,3.5451596717147864e-02,-2.2039815653830739e-03
2461079.30000000,-1.8477960683312660e+00,3.4042404392827841e+00,-1.3293087696501202e-01,-3.5185534141853295e-03,3.5449867331487792e-02,-2.2039092672826921e-03
2461079.40000000,-1.8481478767660315e+00,3.4077853397375226e+00,-1.3315126428406707e-01,-3.5176154856814872e-03,3.5448140545377885e-02,-2.2038370195958108e-03
2461079.50000000,-1.8484995915183440e+00,3.4113300676434020e+00,-1.3337164438087445e-01,-3.5166797640183273e-03,3.5446416353503603e-02,-2.2037648223344748e-03
2461079.60000000,-1.8488512128085424e+00,3.4148746232595792e+00,-1.3359201726047726e-01,-3.5157462422967497e-03,3.5444694750554083e-02,-2.2036926755100435e-03
2461079.70000000,-1.8492027408562772e+00,3.4184190068446840e+00,-1.3381238292791975e-01,-3.5148149136439684e-03,3.5442975731230252e-02,-2.2036205791335301e-03
2461079.80000000,-1.8495541758788763e+00,3.4219632186403102e+00,-1.3403274138722118e-01,-3.5138857712177203e-03,3.5441259290252755e-02,-2.2035485332159467e-03
2461079.90000000,-1.8499055180978938e+00,3.4255072589370350e+00,-1.3425309264548016e-01,-3.5129588081888514e-03,3.5439545422329979e-02,-2.2034765377669653e-03
2461080.00000000,-1.8502567677292932e+00,3.4290511279753972e+00,-1.3447343670671796e-01,-3.5120340177671617e-03,3.5437834122206004e-02,-2.2034045927969400e-03
2461080.10000000,-1.8506079249899963e+00,3.4325948260119143e+00,-1.3469377357598289e-01,-3.5111113931839762e-03,3.5436125384628585e-02,-2.2033326983155652e-03
2461080.20000000,-1.8509589900962500e+00,3.4361383533025784e+00,-1.3491410325832440e-01,-3.5101909276963592e-03,3.5434419204357137e-02,-2.2032608543322220e-03
2461080.30000000,-1.8513099632619929e+00,3.4396817100863588e+00,-1.3513442575776674e-01,-3.5092726145912749e-03,3.5432715576170649e-02,-2.2031890608563160e-03
2461080.40000000,-1.8516608447053982e+00,3.4432248966512029e+00,-1.3535474108141296e-01,-3.5083564471683763e-03,3.5431014494835954e-02,-2.2031173178959458e-03
2461080.50000000,-1.8520116346390645e+00,3.4467679132350360e+00,-1.3557504923328914e-01,-3.5074424187655573e-03,3.5429315955155291e-02,-2.2030456254599137e-03
2461080.60000000,-1.8523623332765629e+00,3.4503107600917633e+00,-1.3579535021844816e-01,-3.5065305227417187e-03,3.5427619951934552e-02,-2.2029739835563956e-03
2461080.70000000,-1.8527129408307998e+00,3.4538534374747716e+00,-1.3601564404194355e-01,-3.5056207524809431e-03,3.5425926479991196e-02,-2.2029023921932792e-03
2461080.80000000,-1.8530634575123903e+00,3.4573959456204348e+00,-1.3623593070780401e-01,-3.5047131013966029e-03,3.5424235534162088e-02,-2.2028308513785031e-03
2461080.90000000,-1.8534138835361873e+00,3.4609382848140964e+00,-1.3645621022313636e-01,-3.5038075629143565e-03,3.5422547109272035e-02,-2.2027593611187312e-03
2461081.00000000,-1.8537642191114916e+00,3.4644804552910977e+00,-1.3667648259197057e-01,-3.5029041304973944e-03,3.5420861200180967e-02,-2.2026879214213533e-03
2461081.10000000,-1.8541144644485836e+00,3.4680224573027618e+00,-1.3689674781936334e-01,-3.5020027976294193e-03,3.5419177801752431e-02,-2.2026165322931615e-03
2461081.20000000,-1.8544646197570938e+00,3.4715642910998992e+00,-1.3711700591037185e-01,-3.5011035578187645e-03,3.5417496908861472e-02,-2.2025451937406856e-03
2461081.30000000,-1.8548146852443741e+00,3.4751059569163152e+00,-1.3733725686902840e-01,-3.5002064046024610e-03,3.5415818516402360e-02,-2.2024739057705327e-03
2461081.40000000,-1.8551646611220214e+00,3.4786474550347819e+00,-1.3755750070244274e-01,-3.4993113315294291e-03,3.5414142619257391e-02,-2.2024026683880632e-03
2461081.50000000,-1.8555145475960995e+00,3.4821887856880847e+00,-1.3777773741464830e-01,-3.4984183321854368e-03,3.5412469212343721e-02,-2.2023314815993898e-03
2461081.60000000,-1.8558643448736607e+00,3.4857299491249916e+00,-1.3799796701070474e-01,-3.4975274001762748e-03,3.5410798290582093e-02,-2.2022603454100505e-03
2461081.70000000,-1.8562140531611206e+00,3.4892709455937641e+00,-1.3821818949567222e-01,-3.4966385291318285e-03,3.5409129848904632e-02,-2.2021892598253490e-03
2461081.80000000,-1.8565636726626291e+00,3.4928117753256713e+00,-1.3843840487358605e-01,-3.4957517127101041e-03,3.5407463882262548e-02,-2.2021182248506900e-03
2461081.90000000,-1.8569132035865890e+00,3.4963524386009390e+00,-1.3865861315155842e-01,-3.4948669445806092e-03,3.5405800385595161e-02,-2.2020472404902600e-03
2461082.00000000,-1.8572626461358863e+00,3.4998929356498265e+00,-1.3887881433362548e-01,-3.4939842184490292e-03,3.5404139353876367e-02,-2.2019763067490186e-03
2461082.10000000,-1.8576120005144066e+00,3.5034332667185755e+00,-1.3909900842484935e-01,-3.4931035280405930e-03,3.5402480782083627e-02,-2.2019054236313779e-03
2461082.20000000,-1.8579612669254095e+00,3.5069734320529298e+00,-1.3931919543029270e-01,-3.4922248671041081e-03,3.5400824665205645e-02,-2.2018345911415417e-03
2461082.30000000,-1.8583104455699055e+00,3.5105134318816451e+00,-1.3953937535399322e-01,-3.4913482294159299e-03,3.5399170998250122e-02,-2.2017638092838359e-03
2461082.40000000,-1.8586595366531593e+00,3.5140532664824327e+00,-1.3975954820306477e-01,-3.4904736087635457e-03,3.5397519776212902e-02,-2.2016930780613974e-03
2461082.50000000,-1.8590085403749403e+00,3.5175929360830516e+00,-1.3997971398154582e-01,-3.4896009989699608e-03,3.5395870994124161e-02,-2.2016223974781557e-03
2461082.60000000,-1.8593574569360263e+00,3.5211324409272478e+00,-1.4019987269450052e-01,-3.4887303938772626e-03,3.5394224647017546e-02,-2.2015517675375179e-03
2461082.70000000,-1.8597062865365801e+00,3.5246717812582729e+00,-1.4042002434699327e-01,-3.4878617873506041e-03,3.5392580729937922e-02,-2.2014811882427078e-03
2461082.80000000,-1.8600550293745290e+00,3.5282109573024005e+00,-1.4064016894306372e-01,-3.4869951732821348e-03,3.5390939237948962e-02,-2.2014106595970931e-03
2461082.90000000,-1.8604036856520620e+00,3.5317499693348551e+00,-1.4086030648982706e-01,-3.4861305455747716e-03,3.5389300166102547e-02,-2.2013401816028781e-03
2461083.00000000,-1.8607522555658882e+00,3.5352888175809229e+00,-1.4108043699132350e-01,-3.4852678981663054e-03,3.5387663509484607e-02,-2.2012697542630796e-03
2461083.10000000,-1.8611007393137342e+00,3.5388275022818827e+00,-1.4130056045261866e-01,-3.4844072250131575e-03,3.5386029263184571e-02,-2.2011993775802197e-03
2461083.20000000,-1.8614491370927244e+00,3.5423660236785204e+00,-1.4152067687877831e-01,-3.4835485200943182e-03,3.5384397422302920e-02,-2.2011290515566539e-03
2461083.30000000,-1.8617974490977607e+00,3.5459043819946570e+00,-1.4174078627384359e-01,-3.4826917774152337e-03,3.5382767981958801e-02,-2.2010587761949066e-03
2461083.40000000,-1.8621456755280115e+00,3.5494425775030543e+00,-1.4196088864493064e-01,-3.4818369909917603e-03,3.5381140937259671e-02,-2.2009885514963647e-03
2461083.50000000,-1.8624938165771829e+00,3.5529806104265584e+00,-1.4218098399608090e-01,-3.4809841548740041e-03,3.5379516283346769e-02,-2.2009183774632456e-03
2461083.60000000,-1.8628418724400084e+00,3.5565184810040034e+00,-1.4240107233236099e-01,-3.4801332631302570e-03,3.5377894015364737e-02,-2.2008482540972936e-03
2461083.70000000,-1.8631898433106298e+00,3.5600561894737410e+00,-1.4262115365883779e-01,-3.4792843098508945e-03,3.5376274128469234e-02,-2.2007781814001102e-03
2461083.80000000,-1.8635377293809794e+00,3.5635937360571663e+00,-1.4284122797955345e-01,-3.4784372891522200e-03,3.5374656617834399e-02,-2.2007081593734862e-03
2461083.90000000,-1.8638855308472615e+00,3.5671311210246084e+00,-1.4306129530162459e-01,-3.4775921951606037e-03,3.5373041478622740e-02,-2.2006381880180980e-03
2461084.00000000,-1.8642332479002341e+00,3.5706683445964966e+00,-1.4328135562909372e-01,-3.4767490220360487e-03,3.5371428706030307e-02,-2.2005682673354714e-03
2461084.10000000,-1.8645808807316933e+00,3.5742054070092535e+00,-1.4350140896702807e-01,-3.4759077639563134e-03,3.5369818295256511e-02,-2.2004983973266806e-03
2461084.20000000,-1.8649284295328530e+00,3.5777423084988196e+00,-1.4372145532049507e-01,-3.4750684151207680e-03,3.5368210241511669e-02,-2.2004285779926793e-03
2461084.30000000,-1.8652758944927303e+00,3.5812790492841917e+00,-1.4394149469353767e-01,-3.4742309697541928e-03,3.5366604540024417e-02,-2.2003588093346261e-03
2461084.40000000,-1.8656232758046205e+00,3.5848156296332934e+00,-1.4416152709327282e-01,-3.4733954220910971e-03,3.5365001186011845e-02,-2.2002890913525933e-03
2461084.50000000,-1.8659705736563883e+00,3.5883520497641657e+00,-1.4438155252374341e-01,-3.4725617663990253e-03,3.5363400174724294e-02,-2.2002194240475165e-03
2461084.60000000,-1.8663177882369457e+00,3.5918883099108445e+00,-1.4460157099001719e-01,-3.4717299969628558e-03,3.5361801501415449e-02,-2.2001498074199028e-03
2461084.70000000,-1.8666649197346328e+00,3.5954244103068898e+00,-1.4482158249716195e-01,-3.4709001080886160e-03,3.5360205161349759e-02,-2.2000802414701565e-03
2461084.80000000,-1.8670119683356066e+00,3.5989603511689250e+00,-1.4504158704922102e-01,-3.4700720941072392e-03,3.5358611149809920e-02,-2.2000107261989066e-03
2461084.90000000,-1.8673589342303050e+00,3.6024961327624974e+00,-1.4526158465331113e-01,-3.4692459493590607e-03,3.5357019462067096e-02,-2.1999412616057188e-03
2461085.00000000,-1.8677058176037538e+00,3.6060317553032859e+00,-1.4548157531347569e-01,-3.4684216682168627e-03,3.5355430093425441e-02,-2.1998718476910375e-03
2461085.10000000,-1.8680526186420328e+00,3.6095672190229657e+00,-1.4570155903478257e-01,-3.4675992450703529e-03,3.5353843039192395e-02,-2.1998024844548970e-03
2461085.20000000,-1.8683993375306622e+00,3.6131025241527448e+00,-1.4592153582229955e-01,-3.4667786743299341e-03,3.5352258294686113e-02,-2.1997331718972501e-03
2461085.30000000,-1.8687459744529893e+00,3.6166376709068984e+00,-1.4614150568007025e-01,-3.4659599504304230e-03,3.5350675855242791e-02,-2.1996639100182896e-03
2461085.40000000,-1.8690925295966494e+00,3.6201726595486252e+00,-1.4636146861521113e-01,-3.4651430678157213e-03,3.5349095716187162e-02,-2.1995946988171678e-03
2461085.50000000,-1.8694390031438803e+00,3.6237074902912685e+00,-1.4658142463176566e-01,-3.4643280209616018e-03,3.5347517872876710e-02,-2.1995255382939306e-03
2461085.60000000,-1.8697853952779824e+00,3.6272421633641714e+00,-1.4680137373480154e-01,-3.4635148043603635e-03,3.5345942320672161e-02,-2.1994564284482333e-03
2461085.70000000,-1.8701317061817062e+00,3.6307766789962113e+00,-1.4702131592938653e-01,-3.4627034125245581e-03,3.5344369054944855e-02,-2.1993873692796664e-03
2461085.80000000,-1.8704779360356432e+00,3.6343110373993488e+00,-1.4724125121956425e-01,-3.4618938399906696e-03,3.5342798071083988e-02,-2.1993183607880774e-03
2461085.90000000,-1.8708240850246747e+00,3.6378452388344558e+00,-1.4746117961245056e-01,-3.4610860813039609e-03,3.5341229364467402e-02,-2.1992494029722948e-03
2461086.00000000,-1.8711701533283023e+00,3.6413792835125678e+00,-1.4768110111208893e-01,-3.4602801310409993e-03,3.5339662930505417e-02,-2.1991804958320523e-03
2461086.10000000,-1.8715161411270966e+00,3.6449131716607215e+00,-1.4790101572354683e-01,-3.4594759837944904e-03,3.5338098764611532e-02,-2.1991116393667138e-03
2461086.20000000,-1.8718620486010913e+00,3.6484469035054956e+00,-1.4812092345189179e-01,-3.4586736341769612e-03,3.5336536862209750e-02,-2.1990428335755927e-03
2461086.30000000,-1.8722078759281697e+00,3.6519804792565567e+00,-1.4834082430116721e-01,-3.4578730768244034e-03,3.5334977218741841e-02,-2.1989740784582792e-03
2461086.40000000,-1.8725536232905116e+00,3.6555138991724774e+00,-1.4856071827848830e-01,-3.4570743063812798e-03,3.5333419829638203e-02,-2.1989053740133577e-03
2461086.50000000,-1.8728992908649305e+00,3.6590471634620125e+00,-1.4878060538789833e-01,-3.4562773175228138e-03,3.5331864690361502e-02,-2.1988367202403366e-03
2461086.60000000,-1.8732448788293194e+00,3.6625802723499183e+00,-1.4900048563446452e-01,-3.4554821049399835e-03,3.5330311796377543e-02,-2.1987681171383674e-03
2461086.70000000,-1.8735903873610422e+00,3.6661132260604985e+00,-1.4922035902325387e-01,-3.4546886633431686e-03,3.5328761143162503e-02,-2.1986995647065698e-03
2461086.80000000,-1.8739358166353246e+00,3.6696460248011542e+00,-1.4944022555830952e-01,-3.4538969874657517e-03,3.5327212726210172e-02,-2.1986310629443511e-03
2461086.90000000,-1.8742811668316923e+00,3.6731786688281858e+00,-1.4966008524674601e-01,-3.4531070720492979e-03,3.5325666541003067e-02,-2.1985626118501372e-03
2461087.00000000,-1.8746264381243216e+00,3.6767111583480938e+00,-1.4987993809260633e-01,-3.4523189118655915e-03,3.5324122583055680e-02,-2.1984942114232861e-03
2461087.10000000,-1.8749716306884754e+00,3.6802434935833799e+00,-1.5009978410095712e-01,-3.4515325017018001e-03,3.5322580847885608e-02,-2.1984258616628157e-03
2461087.20000000,-1.8753167446988954e+00,3.6837756747560975e+00,-1.5031962327686502e-01,-3.4507478363640827e-03,3.5321041331020757e-02,-2.1983575625677270e-03
2461087.30000000,-1.8756617803281985e+00,3.6873077020714078e+00,-1.5053945562437279e-01,-3.4499649106811531e-03,3.5319504028006453e-02,-2.1982893141373225e-03
2461087.40000000,-1.8760067377533058e+00,3.6908395757833672e+00,-1.5075928115059417e-01,-3.4491837194896230e-03,3.5317968934376796e-02,-2.1982211163699395e-03
2461087.50000000,-1.8763516171458028e+00,3.6943712960962434e+00,-1.5097909985957181e-01,-3.4484042576557929e-03,3.5316436045697647e-02,-2.1981529692648599e-03
2461087.60000000,-1.8766964186783694e+00,3.6979028632303117e+00,-1.5119891175637179e-01,-3.4476265200609874e-03,3.5314905357537889e-02,-2.1980848728210402e-03
2461087.70000000,-1.8770411425231737e+00,3.7014342774054021e+00,-1.5141871684606034e-01,-3.4468505016051216e-03,3.5313376865476621e-02,-2.1980168270374339e-03
2461087.80000000,-1.8773857888502714e+00,3.7049655388244607e+00,-1.5163851513267979e-01,-3.4460761972102253e-03,3.5311850565110235e-02,-2.1979488319133086e-03
2461087.90000000,-1.8777303578340241e+00,3.7084966477393237e+00,-1.5185830662334310e-01,-3.4453036018059478e-03,3.5310326452023956e-02,-2.1978808874469845e-03
2461088.00000000,-1.8780748496434745e+00,3.7120276043520559e+00,-1.5207809132209249e-01,-3.4445327103511158e-03,3.5308804521834471e-02,-2.1978129936377341e-03
2461088.10000000,-1.8784192644487652e+00,3.7155584088807281e+00,-1.5229786923399358e-01,-3.4437635178192231e-03,3.5307284770161491e-02,-2.1977451504845203e-03
2461088.20000000,-1.8787636024195384e+00,3.7190890615429728e+00,-1.5251764036411192e-01,-3.4429960192019632e-03,3.5305767192634827e-02,-2.1976773579863154e-03
2461088.30000000,-1.8791078637233329e+00,3.7226195625395477e+00,-1.5273740471648964e-01,-3.4422302095127150e-03,3.5304251784901423e-02,-2.1976096161424171e-03
2461088.40000000,-1.8794520485319985e+00,3.7261499121200927e+00,-1.5295716229823883e-01,-3.4414660837722086e-03,3.5302738542597127e-02,-2.1975419249511915e-03
2461088.50000000,-1.8797961570120796e+00,3.7296801104844950e+00,-1.5317691311340137e-01,-3.4407036370298462e-03,3.5301227461389001e-02,-2.1974742844119667e-03
2461088.60000000,-1.8801401893312282e+00,3.7332101578486472e+00,-1.5339665716704240e-01,-3.4399428643493522e-03,3.5299718536947071e-02,-2.1974066945237743e-03
2461088.70000000,-1.8804841456566055e+00,3.7367400544280098e+00,-1.5361639446422698e-01,-3.4391837608122684e-03,3.5298211764951355e-02,-2.1973391552856662e-03
2461088.80000000,-1.8808280261532795e+00,3.7402698004211765e+00,-1.5383612500899679e-01,-3.4384263215214033e-03,3.5296707141098893e-02,-2.1972716666970320e-03
2461088.90000000,-1.8811718309906325e+00,3.7437993960756182e+00,-1.5405584880846326e-01,-3.4376705415866534e-03,3.5295204661075628e-02,-2.1972042287563428e-03
2461089.00000000,-1.8815155603327551e+00,3.7473288415890660e+00,-1.5427556586666782e-01,-3.4369164161460932e-03,3.5293704320598522e-02,-2.1971368414630409e-03
2461089.10000000,-1.8818592143448545e+00,3.7508581371752623e+00,-1.5449527618867526e-01,-3.4361639403517850e-03,3.5292206115387414e-02,-2.1970695048162837e-03
2461089.20000000,-1.8822027931916534e+00,3.7543872830475196e+00,-1.5471497977955015e-01,-3.4354131093732331e-03,3.5290710041172069e-02,-2.1970022188152593e-03
2461089.30000000,-1.8825462970357936e+00,3.7579162794022909e+00,-1.5493467664333399e-01,-3.4346639184008000e-03,3.5289216093699081e-02,-2.1969349834595028e-03
2461089.40000000,-1.8828897260442345e+00,3.7614451264849045e+00,-1.5515436678713737e-01,-3.4339163626316799e-03,3.5287724268704086e-02,-2.1968677987476469e-03
2461089.50000000,-1.8832330803786581e+00,3.7649738244909621e+00,-1.5537405021500159e-01,-3.4331704372907632e-03,3.5286234561953379e-02,-2.1968006646793017e-03
2461089.60000000,-1.8835763602018687e+00,3.7685023736320771e+00,-1.5559372693199094e-01,-3.4324261376165984e-03,3.5284746969216192e-02,-2.1967335812538018e-03
2461089.70000000,-1.8839195656761956e+00,3.7720307741194392e+00,-1.5581339694316973e-01,-3.4316834588648142e-03,3.5283261486271499e-02,-2.1966665484705245e-03
2461089.80000000,-1.8842626969618972e+00,3.7755590261473881e+00,-1.5603306025257924e-01,-3.4309423963114929e-03,3.5281778108915016e-02,-2.1965995663292028e-03
2461089.90000000,-1.8846057542235526e+00,3.7790871299591311e+00,-1.5625271686732944e-01,-3.4302029452393033e-03,3.5280296832931497e-02,-2.1965326348286785e-03
2461090.00000000,-1.8849487376204777e+00,3.7826150857481671e+00,-1.5647236679146148e-01,-3.4294651009581355e-03,3.5278817654136173e-02,-2.1964657539687770e-03
2461090.10000000,-1.8852916473131176e+00,3.7861428937240054e+00,-1.5669201003003932e-01,-3.4287288587912202e-03,3.5277340568347103e-02,-2.1963989237490608e-03
2461090.20000000,-1.8856344834614505e+00,3.7896705540957383e+00,-1.5691164658812709e-01,-3.4279942140785099e-03,3.5275865571392048e-02,-2.1963321441691415e-03
2461090.30000000,-1.8859772462233937e+00,3.7931980670556138e+00,-1.5713127646976593e-01,-3.4272611621800190e-03,3.5274392659115347e-02,-2.1962654152289955e-03
2461090.40000000,-1.8863199357611891e+00,3.7967254328447448e+00,-1.5735089968206528e-01,-3.4265296984621074e-03,3.5272921827350374e-02,-2.1961987369277193e-03
2461090.50000000,-1.8866625522318281e+00,3.8002526516545490e+00,-1.5757051622906629e-01,-3.4257998183178959e-03,3.5271453071960793e-02,-2.1961321092653988e-03
2461090.60000000,-1.8870050957934381e+00,3.8037797236924571e+00,-1.5779012611583287e-01,-3.4250715171535301e-03,3.5269986388813054e-02,-2.1960655322418652e-03
2461090.70000000,-1.8873475666036885e+00,3.8073066491654872e+00,-1.5800972934742885e-01,-3.4243447903915310e-03,3.5268521773783194e-02,-2.1959990058570090e-03
2461090.80000000,-1.8876899648181964e+00,3.8108334282638232e+00,-1.5822932592789560e-01,-3.4236196334740993e-03,3.5267059222763658e-02,-2.1959325301110903e-03
2461090.90000000,-1.8880322905969078e+00,3.8143600612265054e+00,-1.5844891586434207e-01,-3.4228960418495468e-03,3.5265598731636046e-02,-2.1958661050034997e-03
2461091.00000000,-1.8883745440945314e+00,3.8178865482428956e+00,-1.5866849916080958e-01,-3.4221740109924904e-03,3.5264140296311940e-02,-2.1957997305346228e-03
2461091.10000000,-1.8887167254669173e+00,3.8214128895183697e+00,-1.5888807582236192e-01,-3.4214535363902691e-03,3.5262683912705664e-02,-2.1957334067045984e-03
2461091.20000000,-1.8890588348694668e+00,3.8249390852578955e+00,-1.5910764585406312e-01,-3.4207346135462576e-03,3.5261229576741056e-02,-2.1956671335136308e-03
2461091.30000000,-1.8894008724555387e+00,3.8284651356496155e+00,-1.5932720925995461e-01,-3.4200172379831367e-03,3.5259777284358224e-02,-2.1956009109623011e-03
2461091.40000000,-1.8897428383828230e+00,3.8319910409305229e+00,-1.5954676604714516e-01,-3.4193014052294681e-03,3.5258327031486458e-02,-2.1955347390503308e-03
2461091.50000000,-1.8900847328037853e+00,3.8355168012879473e+00,-1.5976631621967641e-01,-3.4185871108396763e-03,3.5256878814084812e-02,-2.1954686177784390e-03
2461091.60000000,-1.8904265558720406e+00,3.8390424169252326e+00,-1.5998585978261232e-01,-3.4178743503806117e-03,3.5255432628115001e-02,-2.1954025471471053e-03
2461091.70000000,-1.8907683077407607e+00,3.8425678880453216e+00,-1.6020539674101700e-01,-3.4171631194348270e-03,3.5253988469548213e-02,-2.1953365271568811e-03
2461091.80000000,-1.8911099885610856e+00,3.8460932148343372e+00,-1.6042492709893233e-01,-3.4164534136038147e-03,3.5252546334371693e-02,-2.1952705578086994e-03
2461091.90000000,-1.8914515984884896e+00,3.8496183975272493e+00,-1.6064445086346707e-01,-3.4157452284947279e-03,3.5251106218561971e-02,-2.1952046391026433e-03
2461092.00000000,-1.8917931376732355e+00,3.8531434363093791e+00,-1.6086396803866324e-01,-3.4150385597401483e-03,3.5249668118125084e-02,-2.1951387710397955e-03
2461092.10000000,-1.8921346062667403e+00,3.8566683313820644e+00,-1.6108347862958511e-01,-3.4143334029847912e-03,3.5248232029069702e-02,-2.1950729536210052e-03
2461092.20000000,-1.8924760044199873e+00,3.8601930829462443e+00,-1.6130298264129719e-01,-3.4136297538887518e-03,3.5246797947413810e-02,-2.1950071868471989e-03
2461092.30000000,-1.8928173322819362e+00,3.8637176911860469e+00,-1.6152248007784192e-01,-3.4129276081307069e-03,3.5245365869191379e-02,-2.1949414707196878e-03
2461092.40000000,-1.8931585900058840e+00,3.8672421563344419e+00,-1.6174197094632825e-01,-3.4122269613947797e-03,3.5243935790425687e-02,-2.1948758052389434e-03
2461092.50000000,-1.8934997777399289e+00,3.8707664785747662e+00,-1.6196145525079869e-01,-3.4115278093900954e-03,3.5242507707169267e-02,-2.1948101904064343e-03
2461092.60000000,-1.8938408956333299e+00,3.8742906581063727e+00,-1.6218093299631819e-01,-3.4108301478376298e-03,3.5241081615477246e-02,-2.1947446262234045e-03
2461092.70000000,-1.8941819438349192e+00,3.8778146951282211e+00,-1.6240040418795176e-01,-3.4101339724734222e-03,3.5239657511413995e-02,-2.1946791126911799e-03
2461092.80000000,-1.8945229224915148e+00,3.8813385898224677e+00,-1.6261986882974264e-01,-3.4094392790517442e-03,3.5238235391059698e-02,-2.1946136498114713e-03
2461092.90000000,-1.8948638317542748e+00,3.8848623424201061e+00,-1.6283932692879996e-01,-3.4087460633321024e-03,3.5236815250483902e-02,-2.1945482375851583e-03
2461093.00000000,-1.8952046717691704e+00,3.8883859531025107e+00,-1.6305877848916736e-01,-3.4080543210985919e-03,3.5235397085785172e-02,-2.1944828760141204e-03
2461093.10000000,-1.8955454426833407e+00,3.8919094220670734e+00,-1.6327822351591026e-01,-3.4073640481468801e-03,3.5233980893064634e-02,-2.1944175651000129e-03
2461093.20000000,-1.8958861446435038e+00,3.8954327495107970e+00,-1.6349766201409455e-01,-3.4066752402873903e-03,3.5232566668432545e-02,-2.1943523048445794e-03
2461093.30000000,-1.8962267777943733e+00,3.8989559356138916e+00,-1.6371709398776438e-01,-3.4059878933484348e-03,3.5231154408014852e-02,-2.1942870952499508e-03
2461093.40000000,-1.8965673422850062e+00,3.9024789806053959e+00,-1.6393651944402948e-01,-3.4053020031633587e-03,3.5229744107926883e-02,-2.1942219363174299e-03
2461093.50000000,-1.8969078382592839e+00,3.9060018846647440e+00,-1.6415593838693437e-01,-3.4046175655896844e-03,3.5228335764312793e-02,-2.1941568280493219e-03
2461093.60000000,-1.8972482658622611e+00,3.9095246479873906e+00,-1.6437535082154558e-01,-3.4039345764962413e-03,3.5226929373319227e-02,-2.1940917704477108e-03
2461093.70000000,-1.8975886252385794e+00,3.9130472707684048e+00,-1.6459475675292989e-01,-3.4032530317663107e-03,3.5225524931101836e-02,-2.1940267635147692e-03
2461093.80000000,-1.8979289165308861e+00,3.9165697531860704e+00,-1.6481415618513265e-01,-3.4025729273007284e-03,3.5224122433831884e-02,-2.1939618072530603e-03
2461093.90000000,-1.8982691398861717e+00,3.9200920954674965e+00,-1.6503354912526438e-01,-3.4018942590051662e-03,3.5222721877670025e-02,-2.1938969016643268e-03
2461094.00000000,-1.8986092954462650e+00,3.9236142977901993e+00,-1.6525293557737089e-01,-3.4012170228090726e-03,3.5221323258805497e-02,-2.1938320467513065e-03
2461094.10000000,-1.8989493833541728e+00,3.9271363603477196e+00,-1.6547231554651984e-01,-3.4005412146529412e-03,3.5219926573429997e-02,-2.1937672425165239e-03
2461094.20000000,-1.8992894037524972e+00,3.9306582833332144e+00,-1.6569168903777906e-01,-3.3998668304914209e-03,3.5218531817744154e-02,-2.1937024889625927e-03
2461094.30000000,-1.8996293567818525e+00,3.9341800669230644e+00,-1.6591105605519549e-01,-3.3991938662963910e-03,3.5217138987964025e-02,-2.1936377860925153e-03
2461094.40000000,-1.8999692425871999e+00,3.9377017113424704e+00,-1.6613041660588049e-01,-3.3985223180443710e-03,3.5215748080295137e-02,-2.1935731339084814e-03
2461094.50000000,-1.9003090613083518e+00,3.9412232167670549e+00,-1.6634977069388140e-01,-3.3978521817352694e-03,3.5214359090971391e-02,-2.1935085324136707e-03
2461094.60000000,-1.9006488130863017e+00,3.9447445833884633e+00,-1.6656911832426730e-01,-3.3971834533797806e-03,3.5212972016229048e-02,-2.1934439816110535e-03
2461094.70000000,-1.9009884980616465e+00,3.9482658113979676e+00,-1.6678845950210752e-01,-3.3965161290024676e-03,3.5211586852313223e-02,-2.1933794815036886e-03
2461094.80000000,-1.9013281163730043e+00,3.9517869009700659e+00,-1.6700779423145035e-01,-3.3958502046448026e-03,3.5210203595484345e-02,-2.1933150320950232e-03
2461094.90000000,-1.9016676681633422e+00,3.9553078523280738e+00,-1.6722712251940858e-01,-3.3951856763527136e-03,3.5208822241992350e-02,-2.1932506333876959e-03
2461095.00000000,-1.9020071535704890e+00,3.9588286656457403e+00,-1.6744644437003114e-01,-3.3945225401951313e-03,3.5207442788115280e-02,-2.1931862853853323e-03
2461095.10000000,-1.9023465727334619e+00,3.9623493411128403e+00,-1.6766575978838869e-01,-3.3938607922515242e-03,3.5206065230133518e-02,-2.1931219880913502e-03
2461095.20000000,-1.9026859257908866e+00,3.9658698789187805e+00,-1.6788506877955231e-01,-3.3932004286149485e-03,3.5204689564336249e-02,-2.1930577415092546e-03
2461095.30000000,-1.9030252128794196e+00,3.9693902792361997e+00,-1.6810437134757211e-01,-3.3925414453950557e-03,3.5203315787027775e-02,-2.1929935456429391e-03
2461095.40000000,-1.9033644341400677e+00,3.9729105422865469e+00,-1.6832366749956226e-01,-3.3918838387057698e-03,3.5201943894501944e-02,-2.1929294004954889e-03
2461095.50000000,-1.9037035897087109e+00,3.9764306682417248e+00,-1.6854295723957360e-01,-3.3912276046836453e-03,3.5200573883080531e-02,-2.1928653060709754e-03
2461095.60000000,-1.9040426797224232e+00,3.9799506572896597e+00,-1.6876224057267866e-01,-3.3905727394755304e-03,3.5199205749087602e-02,-2.1928012623732593e-03
2461095.70000000,-1.9043817043178941e+00,3.9834705096179110e+00,-1.6898151750395030e-01,-3.3899192392415835e-03,3.5197839488855895e-02,-2.1927372694062895e-03
2461095.80000000,-1.9047206636298510e+00,3.9869902253972813e+00,-1.6920078803744074e-01,-3.3892671001582533e-03,3.5196475098733151e-02,-2.1926733271744013e-03
2461095.90000000,-1.9050595577973746e+00,3.9905098048473784e+00,-1.6942005218026573e-01,-3.3886163184060859e-03,3.5195112575056725e-02,-2.1926094356811234e-03
2461096.00000000,-1.9053983869544295e+00,3.9940292481382760e+00,-1.6963930993647844e-01,-3.3879668901878883e-03,3.5193751914191614e-02,-2.1925455949309658e-03
2461096.10000000,-1.9057371512361800e+00,3.9975485554560724e+00,-1.6985856131115332e-01,-3.3873188117165246e-03,3.5192393112505084e-02,-2.1924818049282278e-03
2461096.20000000,-1.9060758507774120e+00,4.0010677269865056e+00,-1.7007780630936528e-01,-3.3866720792178999e-03,3.5191036166373001e-02,-2.1924180656772937e-03
2461096.30000000,-1.9064144857109580e+00,4.0045867628985636e+00,-1.7029704493516892e-01,-3.3860266889339107e-03,3.5189681072186091e-02,-2.1923543771829325e-03
2461096.40000000,-1.9067530561740047e+00,4.0081056634100323e+00,-1.7051627719568194e-01,-3.3853826371103798e-03,3.5188327826324702e-02,-2.1922907394491082e-03
2461096.50000000,-1.9070915622986353e+00,4.0116244286891787e+00,-1.7073550309495961e-01,-3.3847399200150289e-03,3.5186976425196664e-02,-2.1922271524807586e-03
2461096.60000000,-1.9074300042181362e+00,4.0151430589202954e+00,-1.7095472263807879e-01,-3.3840985339254072e-03,3.5185626865211990e-02,-2.1921636162826131e-03
2461096.70000000,-1.9077683820654219e+00,4.0186615542873181e+00,-1.7117393583011670e-01,-3.3834584751318403e-03,3.5184279142789196e-02,-2.1921001308594801e-03
2461096.80000000,-1.9081066959714625e+00,4.0221799149574426e+00,-1.7139314267513031e-01,-3.3828197399403555e-03,3.5182933254361531e-02,-2.1920366962165498e-03
2461096.90000000,-1.9084449460715838e+00,4.0256981411466537e+00,-1.7161234318023949e-01,-3.3821823246607328e-03,3.5181589196351906e-02,-2.1919733123582073e-03
2461097.00000000,-1.9087831324960185e+00,4.0292162330214358e+00,-1.7183153734950213e-01,-3.3815462256243075e-03,3.5180246965210500e-02,-2.1919099792898087e-03
2461097.10000000,-1.9091212553762082e+00,4.0327341907642937e+00,-1.7205072518799749e-01,-3.3809114391720081e-03,3.5178906557389630e-02,-2.1918466970164939e-03
2461097.20000000,-1.9094593148432282e+00,4.0362520145573866e+00,-1.7226990670080533e-01,-3.3802779616572895e-03,3.5177567969350003e-02,-2.1917834655434845e-03
2461097.30000000,-1.9097973110262172e+00,4.0397697045661332e+00,-1.7248908189198539e-01,-3.3796457894490167e-03,3.5176231197566972e-02,-2.1917202848763758e-03
2461097.40000000,-1.9101352440586716e+00,4.0432872610047443e+00,-1.7270825076865967e-01,-3.3790149189196496e-03,3.5174896238505553e-02,-2.1916571550199583e-03
2461097.50000000,-1.9104731140690048e+00,4.0468046840379372e+00,-1.7292741333488892e-01,-3.3783853464628565e-03,3.5173563088657794e-02,-2.1915940759799865e-03
2461097.60000000,-1.9108109211868449e+00,4.0503219738464562e+00,-1.7314656959575511e-01,-3.3777570684816760e-03,3.5172231744517876e-02,-2.1915310477619971e-03
2461097.70000000,-1.9111486655414598e+00,4.0538391306106982e+00,-1.7336571955634075e-01,-3.3771300813914243e-03,3.5170902202588269e-02,-2.1914680703716024e-03
2461097.80000000,-1.9114863472601877e+00,4.0573561544943306e+00,-1.7358486322070826e-01,-3.3765043816225476e-03,3.5169574459385934e-02,-2.1914051438147843e-03
2461097.90000000,-1.9118239664747270e+00,4.0608730457098101e+00,-1.7380400059598233e-01,-3.3758799656089292e-03,3.5168248511417560e-02,-2.1913422680967212e-03
2461098.00000000,-1.9121615233117033e+00,4.0643898044201068e+00,-1.7402313168622663e-01,-3.3752568298053213e-03,3.5166924355216664e-02,-2.1912794432235442e-03
2461098.10000000,-1.9124990178989612e+00,4.0679064308042232e+00,-1.7424225649652600e-01,-3.3746349706756341e-03,3.5165601987318787e-02,-2.1912166692011634e-03
2461098.20000000,-1.9128364503639912e+00,4.0714229250408174e+00,-1.7446137503196574e-01,-3.3740143846958072e-03,3.5164281404267729e-02,-2.1911539460355628e-03
2461098.30000000,-1.9131738208323621e+00,4.0749392872918282e+00,-1.7468048729661165e-01,-3.3733950683566380e-03,3.5162962602621625e-02,-2.1910912737330875e-03
2461098.40000000,-1.9135111294340046e+00,4.0784555177679724e+00,-1.7489959329759078e-01,-3.3727770181522080e-03,3.5161645578928369e-02,-2.1910286522992782e-03
2461098.50000000,-1.9138483762937868e+00,4.0819716166304998e+00,-1.7511869303897010e-01,-3.3721602305971351e-03,3.5160330329762485e-02,-2.1909660817406190e-03
2461098.60000000,-1.9141855615377996e+00,4.0854875840566907e+00,-1.7533778652583742e-01,-3.3715447022149860e-03,3.5159016851700468e-02,-2.1909035620633721e-03
2461098.70000000,-1.9145226852917869e+00,4.0890034202234844e+00,-1.7555687376328127e-01,-3.3709304295411156e-03,3.5157705141326961e-02,-2.1908410932738646e-03
2461098.80000000,-1.9148597476795772e+00,4.0925191252911084e+00,-1.7577595475537047e-01,-3.3703174091254725e-03,3.5156395195240858e-02,-2.1907786753787794e-03
2461098.90000000,-1.9151967488293633e+00,4.0960346994685644e+00,-1.7599502950923512e-01,-3.3697056375211355e-03,3.5155087010030811e-02,-2.1907163083839925e-03
2461099.00000000,-1.9155336888642858e+00,4.0995501429154029e+00,-1.7621409802894550e-01,-3.3690951113013986e-03,3.5153780582311882e-02,-2.1906539922963166e-03
2461099.10000000,-1.9158705679087111e+00,4.1030654558071964e+00,-1.7643316031959261e-01,-3.3684858270482984e-03,3.5152475908701089e-02,-2.1905917271223345e-03
2461099.20000000,-1.9162073860866666e+00,4.1065806383191914e+00,-1.7665221638626807e-01,-3.3678777813554274e-03,3.5151172985823514e-02,-2.1905295128686886e-03
2461099.30000000,-1.9165441435202701e+00,4.1100956906099224e+00,-1.7687126623304433e-01,-3.3672709708307057e-03,3.5149871810318305e-02,-2.1904673495423718e-03
2461099.40000000,-1.9168808403360043e+00,4.1136106128866974e+00,-1.7709030986705454e-01,-3.3666653920850433e-03,3.5148572378814441e-02,-2.1904052371495672e-03
2461099.50000000,-1.9172174766553112e+00,4.1171254053073794e+00,-1.7730934729237222e-01,-3.3660610417492456e-03,3.5147274687967106e-02,-2.1903431756973815e-03
2461099.60000000,-1.9175540526008636e+00,4.1206400680458675e+00,-1.7752837851409184e-01,-3.3654579164626624e-03,3.5145978734433383e-02,-2.1902811651926895e-03
2461099.70000000,-1.9178905682949987e+00,4.1241546012757251e+00,-1.7774740353730847e-01,-3.3648560128759653e-03,3.5144684514878323e-02,-2.1902192056424187e-03
2461099.80000000,-1.9182270238581529e+00,4.1276690051538196e+00,-1.7796642236609811e-01,-3.3642553276539032e-03,3.5143392025980928e-02,-2.1901572970538384e-03
2461099.90000000,-1.9185634194151298e+00,4.1311832798857813e+00,-1.7818543500759704e-01,-3.3636558574640717e-03,3.5142101264410065e-02,-2.1900954394334037e-03
2461100.00000000,-1.9188997550856997e+00,4.1346974256278113e+00,-1.7840444146588241e-01,-3.3630575989936511e-03,3.5140812226860559e-02,-2.1900336327884866e-03
2461100.10000000,-1.9192360309908698e+00,4.1382114425521479e+00,-1.7862344174605227e-01,-3.3624605489381678e-03,3.5139524910029155e-02,-2.1899718771262173e-03
2461100.20000000,-1.9195722472513161e+00,4.1417253308306963e+00,-1.7884243585320514e-01,-3.3618647040042507e-03,3.5138239310620413e-02,-2.1899101724537754e-03
2461100.30000000,-1.9199084039858214e+00,4.1452390906186736e+00,-1.7906142379142070e-01,-3.3612700609123533e-03,3.5136955425352757e-02,-2.1898485187786705e-03
2461100.40000000,-1.9202445013175369e+00,4.1487527221200518e+00,-1.7928040556783859e-01,-3.3606766163856387e-03,3.5135673250934474e-02,-2.1897869161075956e-03
2461100.50000000,-1.9205805393645912e+00,4.1522662254893925e+00,-1.7949938118653960e-01,-3.3600843671665508e-03,3.5134392784099647e-02,-2.1897253644481509e-03
2461100.60000000,-1.9209165182463519e+00,4.1557796008972900e+00,-1.7971835065262545e-01,-3.3594933100056876e-03,3.5133114021584193e-02,-2.1896638638076883e-03
2461100.70000000,-1.9212524380818634e+00,4.1592928485140135e+00,-1.7993731397119841e-01,-3.3589034416645321e-03,3.5131836960131765e-02,-2.1896024141935971e-03
2461100.80000000,-1.9215882989882818e+00,4.1628059684931475e+00,-1.8015627114634189e-01,-3.3583147589181456e-03,3.5130561596499750e-02,-2.1895410156135948e-03
2461100.90000000,-1.9219241010871333e+00,4.1663189610370281e+00,-1.8037522218519875e-01,-3.3577272585441683e-03,3.5129287927435457e-02,-2.1894796680745746e-03
2461101.00000000,-1.9222598444949313e+00,4.1698318262985961e+00,-1.8059416709185400e-01,-3.3571409373392203e-03,3.5128015949711773e-02,-2.1894183715843230e-03
2461101.10000000,-1.9225955293294330e+00,4.1733445644468210e+00,-1.8081310587141280e-01,-3.3565557921078916e-03,3.5126745660103320e-02,-2.1893571261503743e-03
2461101.20000000,-1.9229311557080762e+00,4.1768571756503530e+00,-1.8103203852898120e-01,-3.3559718196654424e-03,3.5125477055392457e-02,-2.1892959317802931e-03
2461101.30000000,-1.9232667237464187e+00,4.1803696600611664e+00,-1.8125096506864649e-01,-3.3553890168404711e-03,3.5124210132375093e-02,-2.1892347884819603e-03
2461101.40000000,-1.9236022335643885e+00,4.1838820178799825e+00,-1.8146988549755519e-01,-3.3548073804640253e-03,3.5122944887837085e-02,-2.1891736962624296e-03
2461101.50000000,-1.9239376852769106e+00,4.1873942492581309e+00,-1.8168879981979602e-01,-3.3542269073858410e-03,3.5121681318589691e-02,-2.1891126551296354e-03
2461101.60000000,-1.9242730790001572e+00,4.1909063543629843e+00,-1.8190770804047812e-01,-3.3536475944634415e-03,3.5120419421445843e-02,-2.1890516650912534e-03
2461101.70000000,-1.9246084148499876e+00,4.1944183333615914e+00,-1.8212661016471124e-01,-3.3530694385648127e-03,3.5119159193226106e-02,-2.1889907261549808e-03
2461101.80000000,-1.9249436929403867e+00,4.1979301864043359e+00,-1.8234550619658671e-01,-3.3524924365710435e-03,3.5117900630764511e-02,-2.1889298383288196e-03
2461101.90000000,-1.9252789133897110e+00,4.2014419136903411e+00,-1.8256439614325462e-01,-3.3519165853655472e-03,3.5116643730885057e-02,-2.1888690016199420e-03
2461102.00000000,-1.9256140763113241e+00,4.2049535153693514e+00,-1.8278328000880767e-01,-3.3513418818501384e-03,3.5115388490436890e-02,-2.1888082160363871e-03
2461102.10000000,-1.9259491818198398e+00,4.2084649916071548e+00,-1.8300215779835882e-01,-3.3507683229342393e-03,3.5114134906270869e-02,-2.1887474815859291e-03
2461102.20000000,-1.9262842300295642e+00,4.2119763425692227e+00,-1.8322102951702171e-01,-3.3501959055375332e-03,3.5112882975245327e-02,-2.1886867982763530e-03
2461102.30000000,-1.9266192210529365e+00,4.2154875684043596e+00,-1.8343989516889173e-01,-3.3496246265925771e-03,3.5111632694231940e-02,-2.1886261661157405e-03
2461102.40000000,-1.9269541550067670e+00,4.2189986693101131e+00,-1.8365875476112239e-01,-3.3490544830341285e-03,3.5110384060092426e-02,-2.1885655851113356e-03
2461102.50000000,-1.9272890320028826e+00,4.2225096454346644e+00,-1.8387760829781066e-01,-3.3484854718150666e-03,3.5109137069713435e-02,-2.1885050552712393e-03
2461102.60000000,-1.9276238521543654e+00,4.2260204969422341e+00,-1.8409645578407335e-01,-3.3479175898957062e-03,3.5107891719983242e-02,-2.1884445766032772e-03
2461102.70000000,-1.9279586155739936e+00,4.2295312239967302e+00,-1.8431529722502804e-01,-3.3473508342464200e-03,3.5106648007797572e-02,-2.1883841491152777e-03
2461102.80000000,-1.9282933223726848e+00,4.2330418267454046e+00,-1.8453413262477411e-01,-3.3467852018502333e-03,3.5105405930065343e-02,-2.1883237728153562e-03
2461102.90000000,-1.9286279726657309e+00,4.2365523053842447e+00,-1.8475296199046876e-01,-3.3462206896922525e-03,3.5104165483685515e-02,-2.1882634477107840e-03
2461103.00000000,-1.9289625665634471e+00,4.2400626600598850e+00,-1.8497178532621292e-01,-3.3456572947754290e-03,3.5102926665581798e-02,-2.1882031738096760e-03
2461103.10000000,-1.9292971041774074e+00,4.2435728909349963e+00,-1.8519060263712736e-01,-3.3450950141099812e-03,3.5101689472679505e-02,-2.1881429511198627e-03
2461103.20000000,-1.9296315856188884e+00,4.2470829981719467e+00,-1.8540941392833352e-01,-3.3445338447159918e-03,3.5100453901911265e-02,-2.1880827796491708e-03
2461103.30000000,-1.9299660109973114e+00,4.2505929819164532e+00,-1.8562821920393494e-01,-3.3439737836259758e-03,3.5099219950222804e-02,-2.1880226594056997e-03
2461103.40000000,-1.9303003804264727e+00,4.2541028423629568e+00,-1.8584701847109239e-01,-3.3434148278744138e-03,3.5097987614549929e-02,-2.1879625903967006e-03
2461103.50000000,-1.9306346940152013e+00,4.2576125796565663e+00,-1.8606581173391087e-01,-3.3428569745133615e-03,3.5096756891852994e-02,-2.1879025726302555e-03
2461103.60000000,-1.9309689518735900e+00,4.2611221939584256e+00,-1.8628459899751507e-01,-3.3423002206019780e-03,3.5095527779093867e-02,-2.1878426061141530e-03
2461103.70000000,-1.9313031541114363e+00,4.2646316854293778e+00,-1.8650338026703031e-01,-3.3417445632090942e-03,3.5094300273241723e-02,-2.1877826908561662e-03
2461103.80000000,-1.9316373008366905e+00,4.2681410542136176e+00,-1.8672215554656413e-01,-3.3411899994157577e-03,3.5093074371278649e-02,-2.1877228268643322e-03
2461103.90000000,-1.9319713921616788e+00,4.2716503005040680e+00,-1.8694092484328093e-01,-3.3406365263048726e-03,3.5091850070176872e-02,-2.1876630141458341e-03
2461104.00000000,-1.9323054281937673e+00,4.2751594244443227e+00,-1.8715968816128969e-01,-3.3400841409766506e-03,3.5090627366932921e-02,-2.1876032527086697e-03
2461104.10000000,-1.9326394090415906e+00,4.2786684261940184e+00,-1.8737844550571903e-01,-3.3395328405382476e-03,3.5089406258544856e-02,-2.1875435425605370e-03
2461104.20000000,-1.9329733348134930e+00,4.2821773059124917e+00,-1.8759719688169821e-01,-3.3389826221063043e-03,3.5088186742017892e-02,-2.1874838837091077e-03
2461104.30000000,-1.9333072056159768e+00,4.2856860637424390e+00,-1.8781594229333864e-01,-3.3384334828094691e-03,3.5086968814370088e-02,-2.1874242761623064e-03
2461104.40000000,-1.9336410215599220e+00,4.2891946998752752e+00,-1.8803468174780844e-01,-3.3378854197781351e-03,3.5085752472609637e-02,-2.1873647199271967e-03
2461104.50000000,-1.9339747827512566e+00,4.2927032144531045e+00,-1.8825341524922046e-01,-3.3373384301597486e-03,3.5084537713768890e-02,-2.1873052150116435e-03
2461104.60000000,-1.9343084892971798e+00,4.2962116076340697e+00,-1.8847214280270710e-01,-3.3367925111085378e-03,3.5083324534881631e-02,-2.1872457614232023e-03
2461104.70000000,-1.9346421413046073e+00,4.2997198795760179e+00,-1.8869086441340138e-01,-3.3362476597880359e-03,3.5082112932988699e-02,-2.1871863591693941e-03
2461104.80000000,-1.9349757388786168e+00,4.3032280304201640e+00,-1.8890958008541878e-01,-3.3357038733735789e-03,3.5080902905143714e-02,-2.1871270082579808e-03
2461104.90000000,-1.9353092821286644e+00,4.3067360603564380e+00,-1.8912828982593080e-01,-3.3351611490421403e-03,3.5079694448390410e-02,-2.1870677086958546e-03
2461105.00000000,-1.9356427711592650e+00,4.3102439695254668e+00,-1.8934699363905422e-01,-3.3346194839874933e-03,3.5078487559796458e-02,-2.1870084604906979e-03
2461105.10000000,-1.9359762060762058e+00,4.3137517580839191e+00,-1.8956569152992511e-01,-3.3340788754100386e-03,3.5077282236430966e-02,-2.1869492636498737e-03
2461105.20000000,-1.9363095869849949e+00,4.3172594261881718e+00,-1.8978438350368032e-01,-3.3335393205193055e-03,3.5076078475370046e-02,-2.1868901181806995e-03
2461105.30000000,-1.9366429139893102e+00,4.3207669739779755e+00,-1.9000306956443908e-01,-3.3330008165364214e-03,3.5074876273702378e-02,-2.1868310240907227e-03
2461105.40000000,-1.9369761871972075e+00,4.3242744016417918e+00,-1.9022174971937628e-01,-3.3324633606840516e-03,3.5073675628506849e-02,-2.1867719813866149e-03
2461105.50000000,-1.9373094067118104e+00,4.3277817093187876e+00,-1.9044042397261249e-01,-3.3319269502014117e-03,3.5072476536886082e-02,-2.1867129900758225e-03
2461105.60000000,-1.9376425726375177e+00,4.3312888971641748e+00,-1.9065909232928749e-01,-3.3313915823341934e-03,3.5071278995944047e-02,-2.1866540501654635e-03
2461105.70000000,-1.9379756850784531e+00,4.3347959653328809e+00,-1.9087775479454158e-01,-3.3308572543370440e-03,3.5070083002791665e-02,-2.1865951616626021e-03
2461105.80000000,-1.9383087441369162e+00,4.3383029139632088e+00,-1.9109641137249775e-01,-3.3303239634760130e-03,3.5068888554552285e-02,-2.1865363245745194e-03
2461105.90000000,-1.9386417499195854e+00,4.3418097432421661e+00,-1.9131506207033419e-01,-3.3297917070185864e-03,3.5067695648339503e-02,-2.1864775389076130e-03
2461106.00000000,-1.9389747025282149e+00,4.3453164533074791e+00,-1.9153370689217511e-01,-3.3292604822485537e-03,3.5066504281290482e-02,-2.1864188046690435e-03
2461106.10000000,-1.9393076020658377e+00,4.3488230443129243e+00,-1.9175234584316378e-01,-3.3287302864560401e-03,3.5065314450543651e-02,-2.1863601218656322e-03
2461106.20000000,-1.9396404486352161e+00,4.3523295164119871e+00,-1.9197097892844397e-01,-3.3282011169399523e-03,3.5064126153244300e-02,-2.1863014905041376e-03
2461106.30000000,-1.9399732423372933e+00,4.3558358697415427e+00,-1.9218960615214220e-01,-3.3276729710104047e-03,3.5062939386550071e-02,-2.1862429105915203e-03
2461106.40000000,-1.9403059832773939e+00,4.3593421044871663e+00,-1.9240822752143982e-01,-3.3271458459788556e-03,3.5061754147608828e-02,-2.1861843821338552e-03
2461106.50000000,-1.9406386715559232e+00,4.3628482207851640e+00,-1.9262684304046457e-01,-3.3266197391728261e-03,3.5060570433591821e-02,-2.1861259051379634e-03
2461106.60000000,-1.9409713072745713e+00,4.3663542187878850e+00,-1.9284545271436301e-01,-3.3260946479260266e-03,3.5059388241671548e-02,-2.1860674796103196e-03
2461106.70000000,-1.9413038905347606e+00,4.3698600986473970e+00,-1.9306405654828213e-01,-3.3255705695807857e-03,3.5058207569027250e-02,-2.1860091055573203e-03
2461106.80000000,-1.9416364214361004e+00,4.3733658604991659e+00,-1.9328265454635193e-01,-3.3250475014904523e-03,3.5057028412850424e-02,-2.1859507829855586e-03
2461106.90000000,-1.9419689000825804e+00,4.3768715045273456e+00,-1.9350124671575669e-01,-3.3245254410096204e-03,3.5055850770322805e-02,-2.1858925119007323e-03
2461107.00000000,-1.9423013265732820e+00,4.3803770308668355e+00,-1.9371983306062737e-01,-3.3240043855087159e-03,3.5054674638649315e-02,-2.1858342923092708e-03
2461107.10000000,-1.9426337010085726e+00,4.3838824396685805e+00,-1.9393841358611374e-01,-3.3234843323642132e-03,3.5053500015036071e-02,-2.1857761242172476e-03
2461107.20000000,-1.9429660234885560e+00,4.3873877310832485e+00,-1.9415698829736600e-01,-3.3229652789610424e-03,3.5052326896695872e-02,-2.1857180076306519e-03
2461107.30000000,-1.9432982941115293e+00,4.3908929052449066e+00,-1.9437555719851721e-01,-3.3224472226949676e-03,3.5051155280853633e-02,-2.1856599425556524e-03
2461107.40000000,-1.9436305129801703e+00,4.3943979623363081e+00,-1.9459412029675438e-01,-3.3219301609629086e-03,3.5049985164724552e-02,-2.1856019289975192e-03
2461107.50000000,-1.9439626801922556e+00,4.3979029024909639e+00,-1.9481267759621174e-01,-3.3214140911773846e-03,3.5048816545546806e-02,-2.1855439669622384e-03
2461107.60000000,-1.9442947958468513e+00,4.4014077258584319e+00,-1.9503122910204171e-01,-3.3208990107568290e-03,3.5047649420559761e-02,-2.1854860564554336e-03
2461107.70000000,-1.9446268600427643e+00,4.4049124325879943e+00,-1.9524977481939754e-01,-3.3203849171279712e-03,3.5046483787009308e-02,-2.1854281974826298e-03
2461107.80000000,-1.9449588728770002e+00,4.4084170228123361e+00,-1.9546831475241527e-01,-3.3198718077281923e-03,3.5045319642153405e-02,-2.1853703900495255e-03
2461107.90000000,-1.9452908344509456e+00,4.4119214967128295e+00,-1.9568684890828442e-01,-3.3193596799959424e-03,3.5044156983240267e-02,-2.1853126341609074e-03
2461108.00000000,-1.9456227448610939e+00,4.4154258544216125e+00,-1.9590537729114194e-01,-3.3188485313850450e-03,3.5042995807540923e-02,-2.1852549298222697e-03
2461108.10000000,-1.9459546042052303e+00,4.4189300960868705e+00,-1.9612389990614323e-01,-3.3183383593551022e-03,3.5041836112327536e-02,-2.1851972770387329e-03
2461108.20000000,-1.9462864125808859e+00,4.4224342218565136e+00,-1.9634241675844399e-01,-3.3178291613738583e-03,3.5040677894878719e-02,-2.1851396758153100e-03
2461108.30000000,-1.9466181700837943e+00,4.4259382318618661e+00,-1.9656092785218296e-01,-3.3173209349195319e-03,3.5039521152485022e-02,-2.1850821261571725e-03
2461108.40000000,-1.9469498768140721e+00,4.4294421262829342e+00,-1.9677943319455196e-01,-3.3168136774713243e-03,3.5038365882427272e-02,-2.1850246280685800e-03
2461108.50000000,-1.9472815328669502e+00,4.4329459052505014e+00,-1.9699793278969063e-01,-3.3163073865235880e-03,3.5037212082008967e-02,-2.1849671815544810e-03
2461108.60000000,-1.9476131383389534e+00,4.4364495689113923e+00,-1.9721642664275674e-01,-3.3158020595763257e-03,3.5036059748534631e-02,-2.1849097866194428e-03
2461108.70000000,-1.9479446933263564e+00,4.4399531174121671e+00,-1.9743491475890831e-01,-3.3152976941375287e-03,3.5034908879315214e-02,-2.1848524432679147e-03
2461108.80000000,-1.9482761979236429e+00,4.4434565508828037e+00,-1.9765339714228658e-01,-3.3147942877254882e-03,3.5033759471673413e-02,-2.1847951515044954e-03
2461108.90000000,-1.9486076522296782e+00,4.4469598695019537e+00,-1.9787187380008528e-01,-3.3142918378593978e-03,3.5032611522922315e-02,-2.1847379113328624e-03
2461109.00000000,-1.9489390563384503e+00,4.4504630733990620e+00,-1.9809034473644649e-01,-3.3137903420733814e-03,3.5031465030397391e-02,-2.1846807227573714e-03
2461109.10000000,-1.9492704103452441e+00,4.4539661627196150e+00,-1.9830880995653000e-01,-3.3132897979070873e-03,3.5030319991435153e-02,-2.1846235857819855e-03
2461109.20000000,-1.9496017143450990e+00,4.4574691376088369e+00,-1.9852726946549593e-01,-3.3127902029080037e-03,3.5029176403378472e-02,-2.1845665004105439e-03
2461109.30000000,-1.9499329684312672e+00,4.4609719981953724e+00,-1.9874572326748777e-01,-3.3122915546337501e-03,3.5028034263581816e-02,-2.1845094666470203e-03
2461109.40000000,-1.9502641727013836e+00,4.4644747446565383e+00,-1.9896417136970088e-01,-3.3117938506427641e-03,3.5026893569390066e-02,-2.1844524844944627e-03
2461109.50000000,-1.9505953272482124e+00,4.4679773771204534e+00,-1.9918261377627930e-01,-3.3112970885082016e-03,3.5025754318170330e-02,-2.1843955539565846e-03
2461109.60000000,-1.9509264321658184e+00,4.4714798957312842e+00,-1.9940105049238471e-01,-3.3108012658086207e-03,3.5024616507290676e-02,-2.1843386750366989e-03
2461109.70000000,-1.9512574875480249e+00,4.4749823006329308e+00,-1.9961948152317902e-01,-3.3103063801302713e-03,3.5023480134125422e-02,-2.1842818477379824e-03
2461109.80000000,-1.9515884934868719e+00,4.4784845919527285e+00,-1.9983790687280739e-01,-3.3098124290693700e-03,3.5022345196060470e-02,-2.1842250720637392e-03
2461109.90000000,-1.9519194500787838e+00,4.4819867698666700e+00,-2.0005632654846661e-01,-3.3093194102228707e-03,3.5021211690472051e-02,-2.1841683480163404e-03
2461110.00000000,-1.9522503574153209e+00,4.4854888345015649e+00,-2.0027474055430255e-01,-3.3088273212022387e-03,3.5020079614758497e-02,-2.1841116755988068e-03
2461110.10000000,-1.9525812155893469e+00,4.4889907860002713e+00,-2.0049314889547815e-01,-3.3083361596242178e-03,3.5018948966319033e-02,-2.1840550548137554e-03
2461110.20000000,-1.9529120246934872e+00,4.4924926245053882e+00,-2.0071155157715681e-01,-3.3078459231131022e-03,3.5017819742559096e-02,-2.1839984856636538e-03
2461110.30000000,-1.9532427848185896e+00,4.4959943501429462e+00,-2.0092994860348523e-01,-3.3073566093029922e-03,3.5016691940895496e-02,-2.1839419681510888e-03
2461110.40000000,-1.9535734960598863e+00,4.4994959630876377e+00,-2.0114833998166118e-01,-3.3068682158286429e-03,3.5015565558735480e-02,-2.1838855022777068e-03
2461110.50000000,-1.9539041585077530e+00,4.5029974634649772e+00,-2.0136672571583172e-01,-3.3063807403391214e-03,3.5014440593508188e-02,-2.1838290880457950e-03
2461110.60000000,-1.9542347722538718e+00,4.5064988514165316e+00,-2.0158510581116107e-01,-3.3058941804886529e-03,3.5013317042643592e-02,-2.1837727254572239e-03
2461110.70000000,-1.9545653373896890e+00,4.5100001270836092e+00,-2.0180348027281364e-01,-3.3054085339388750e-03,3.5012194903577806e-02,-2.1837164145137103e-03
2461110.80000000,-1.9548958540048784e+00,4.5135012905909573e+00,-2.0202184910493720e-01,-3.3049237983610647e-03,3.5011074173758219e-02,-2.1836601552170758e-03
2461110.90000000,-1.9552263221935002e+00,4.5170023421119794e+00,-2.0224021231473024e-01,-3.3044399714270913e-03,3.5009954850622645e-02,-2.1836039475681985e-03
2461111.00000000,-1.9555567420447630e+00,4.5205032817709139e+00,-2.0245856990634073e-01,-3.3039570508229237e-03,3.5008836931630621e-02,-2.1835477915685855e-03
2461111.10000000,-1.9558871136491844e+00,4.5240041097080494e+00,-2.0267692188493358e-01,-3.3034750342395788e-03,3.5007720414242494e-02,-2.1834916872193171e-03
2461111.20000000,-1.9562174370970515e+00,4.5275048260634181e+00,-2.0289526825567392e-01,-3.3029939193753477e-03,3.5006605295924642e-02,-2.1834356345213145e-03
2461111.30000000,-1.9565477124768833e+00,4.5310054309604988e+00,-2.0311360902271022e-01,-3.3025137039380064e-03,3.5005491574154592e-02,-2.1833796334755919e-03
2461111.40000000,-1.9568779398815841e+00,4.5345059245714214e+00,-2.0333194419324119e-01,-3.3020343856358485e-03,3.5004379246400368e-02,-2.1833236840822176e-03
2461111.50000000,-1.9572081193992152e+00,4.5380063070191632e+00,-2.0355027377141535e-01,-3.3015559621910723e-03,3.5003268310151499e-02,-2.1832677863418718e-03
2461111.60000000,-1.9575382511191493e+00,4.5415065784427489e+00,-2.0376859776239800e-01,-3.3010784313308086e-03,3.5002158762898285e-02,-2.1832119402548063e-03
2461111.70000000,-1.9578683351305304e+00,4.5450067389809483e+00,-2.0398691617135445e-01,-3.3006017907893305e-03,3.5001050602136971e-02,-2.1831561458211016e-03
2461111.80000000,-1.9581983715207409e+00,4.5485067887559936e+00,-2.0420522900243349e-01,-3.3001260383102430e-03,3.4999943825374885e-02,-2.1831004030409243e-03
2461111.90000000,-1.9585283603815486e+00,4.5520067279387542e+00,-2.0442353626283363e-01,-3.2996511716375954e-03,3.4998838430109806e-02,-2.1830447119134868e-03
2461112.00000000,-1.9588583017998851e+00,4.5555065566509567e+00,-2.0464183795670352e-01,-3.2991771885291505e-03,3.4997734413860872e-02,-2.1829890724386061e-03
2461112.10000000,-1.9591881958639947e+00,4.5590062750303790e+00,-2.0486013408920845e-01,-3.2987040867474937e-03,3.4996631774147906e-02,-2.1829334846156629e-03
2461112.20000000,-1.9595180426618983e+00,4.5625058832145520e+00,-2.0507842466551349e-01,-3.2982318640622211e-03,3.4995530508496665e-02,-2.1828779484438557e-03
2461112.30000000,-1.9598478422798591e+00,4.5660053813244632e+00,-2.0529670968976726e-01,-3.2977605182521099e-03,3.4994430614443829e-02,-2.1828224639224643e-03
2461112.40000000,-1.9601775948085245e+00,4.5695047695297406e+00,-2.0551498916916769e-01,-3.2972900470963143e-03,3.4993332089516584e-02,-2.1827670310498076e-03
2461112.50000000,-1.9605073003337143e+00,4.5730040479508753e+00,-2.0573326310786311e-01,-3.2968204483875127e-03,3.4992234931263244e-02,-2.1827116498247994e-03
2461112.60000000,-1.9608369589425620e+00,4.5765032167244142e+00,-2.0595153151101817e-01,-3.2963517199230958e-03,3.4991139137232827e-02,-2.1826563202459073e-03
2461112.70000000,-1.9611665707219834e+00,4.5800022759866552e+00,-2.0616979438379748e-01,-3.2958838595073385e-03,3.4990044704980156e-02,-2.1826010423114149e-03
2461112.80000000,-1.9614961357571390e+00,4.5835012258573640e+00,-2.0638805173034908e-01,-3.2954168649535483e-03,3.4988951632070900e-02,-2.1825458160196713e-03
2461112.90000000,-1.9618256541375743e+00,4.5870000665049364e+00,-2.0660630355786969e-01,-3.2949507340753479e-03,3.4987859916061202e-02,-2.1824906413680676e-03
2461113.00000000,-1.9621551259480139e+00,4.5904987980486496e+00,-2.0682454987050694e-01,-3.2944854646996913e-03,3.4986769554528223e-02,-2.1824355183545753e-03
2461113.10000000,-1.9624845512744995e+00,4.5939974206238299e+00,-2.0704279067342451e-01,-3.2940210546581424e-03,3.4985680545049733e-02,-2.1823804469767137e-03
2461113.20000000,-1.9628139302028569e+00,4.5974959343655630e+00,-2.0726102597178589e-01,-3.2935575017890256e-03,3.4984592885209255e-02,-2.1823254272318117e-03
2461113.30000000,-1.9631432628171610e+00,4.6009943393924004e+00,-2.0747925576973797e-01,-3.2930948039395524e-03,3.4983506572601020e-02,-2.1822704591172564e-03
2461113.40000000,-1.9634725492058742e+00,4.6044926358715248e+00,-2.0769748007447605e-01,-3.2926329589571821e-03,3.4982421604809771e-02,-2.1822155426294725e-03
2461113.50000000,-1.9638017894526423e+00,4.6079908239210088e+00,-2.0791569889014647e-01,-3.2921719647025266e-03,3.4981337979441092e-02,-2.1821606777654556e-03
2461113.60000000,-1.9641309836424317e+00,4.6114889036749753e+00,-2.0813391222191135e-01,-3.2917118190407039e-03,3.4980255694101167e-02,-2.1821058645217425e-03
2461113.70000000,-1.9644601318599944e+00,4.6149868752673076e+00,-2.0835212007493262e-01,-3.2912525198434670e-03,3.4979174746401782e-02,-2.1820511028946732e-03
2461113.80000000,-1.9647892341883388e+00,4.6184847388153605e+00,-2.0857032245335566e-01,-3.2907940649913167e-03,3.4978095133965381e-02,-2.1819963928806385e-03
2461113.90000000,-1.9651182907148586e+00,4.6219824944851196e+00,-2.0878851936437370e-01,-3.2903364523649403e-03,3.4977016854404901e-02,-2.1819417344750630e-03
2461114.00000000,-1.9654473015221376e+00,4.6254801423934646e+00,-2.0900671081213135e-01,-3.2898796798579962e-03,3.4975939905353991e-02,-2.1818871276739326e-03
2461114.10000000,-1.9657762666940832e+00,4.6289776826733284e+00,-2.0922489680178877e-01,-3.2894237453685487e-03,3.4974864284446787e-02,-2.1818325724727704e-03
2461114.20000000,-1.9661051863143928e+00,4.6324751154574093e+00,-2.0944307733850573e-01,-3.2889686468011766e-03,3.4973789989323011e-02,-2.1817780688668941e-03
2461114.30000000,-1.9664340604650223e+00,4.6359724408618801e+00,-2.0966125242642553e-01,-3.2885143820690689e-03,3.4972717017632909e-02,-2.1817236168516683e-03
2461114.40000000,-1.9667628892323137e+00,4.6394696590515387e+00,-2.0987942207273902e-01,-3.2880609490855395e-03,3.4971645367017239e-02,-2.1816692164214864e-03
2461114.50000000,-1.9670916726978069e+00,4.6429667701420891e+00,-2.1009758628158834e-01,-3.2876083457766972e-03,3.4970575035137313e-02,-2.1816148675712927e-03
2461114.60000000,-1.9674204109443654e+00,4.6464637742652890e+00,-2.1031574505813136e-01,-3.2871565700729566e-03,3.4969506019654852e-02,-2.1815605702955672e-03
2461114.70000000,-1.9677491040546469e+00,4.6499606715526616e+00,-2.1053389840752515e-01,-3.2867056199111333e-03,3.4968438318237136e-02,-2.1815063245885771e-03
2461114.80000000,-1.9680777521095718e+00,4.6534574621192126e+00,-2.1075204633391051e-01,-3.2862554932365138e-03,3.4967371928561822e-02,-2.1814521304446281e-03
2461114.90000000,-1.9684063551944475e+00,4.6569541461285651e+00,-2.1097018884447502e-01,-3.2858061879944517e-03,3.4966306848297102e-02,-2.1813979878570569e-03
2461115.00000000,-1.9687349133897845e+00,4.6604507236952655e+00,-2.1118832594335818e-01,-3.2853577021429228e-03,3.4965243075131554e-02,-2.1813438968197370e-03
2461115.10000000,-1.9690634267774201e+00,4.6639471949499045e+00,-2.1140645763571475e-01,-3.2849100336441125e-03,3.4964180606754172e-02,-2.1812898573260772e-03
2461115.20000000,-1.9693918954389877e+00,4.6674435600228472e+00,-2.1162458392669870e-01,-3.2844631804664903e-03,3.4963119440859329e-02,-2.1812358693692659e-03
2461115.30000000,-1.9697203194543889e+00,4.6709398190279448e+00,-2.1184270482044770e-01,-3.2840171405868648e-03,3.4962059575151735e-02,-2.1811819329425252e-03
2461115.40000000,-1.9700486989079102e+00,4.6744359721276636e+00,-2.1206082032414583e-01,-3.2835719119820553e-03,3.4961001007326672e-02,-2.1811280480381044e-03
2461115.50000000,-1.9703770338790505e+00,4.6779320194353966e+00,-2.1227893044192919e-01,-3.2831274926413316e-03,3.4959943735099606e-02,-2.1810742146487856e-03
2461115.60000000,-1.9707053244486354e+00,4.6814279610805896e+00,-2.1249703517894894e-01,-3.2826838805580781e-03,3.4958887756186330e-02,-2.1810204327668789e-03
2461115.70000000,-1.9710335706972903e+00,4.6849237971924600e+00,-2.1271513454035543e-01,-3.2822410737318535e-03,3.4957833068308027e-02,-2.1809667023844704e-03
2461115.80000000,-1.9713617727039130e+00,4.6884195278837186e+00,-2.1293322853028260e-01,-3.2817990701704235e-03,3.4956779669196088e-02,-2.1809130234936732e-03
2461115.90000000,-1.9716899305517874e+00,4.6919151533156844e+00,-2.1315131715591032e-01,-3.2813578678815088e-03,3.4955727556572454e-02,-2.1808593960856272e-03
2461116.00000000,-1.9720180443194129e+00,4.6954106736006169e+00,-2.1336940042137095e-01,-3.2809174648851134e-03,3.4954676728179090e-02,-2.1808058201519967e-03
2461116.10000000,-1.9723461140866196e+00,4.6989060888668241e+00,-2.1358747833181144e-01,-3.2804778592052659e-03,3.4953627181758318e-02,-2.1807522956839701e-03
2461116.20000000,-1.9726741399330414e+00,4.7024013992423912e+00,-2.1380555089237790e-01,-3.2800390488720559e-03,3.4952578915057674e-02,-2.1806988226725100e-03
2461116.30000000,-1.9730021219365868e+00,4.7058966048389044e+00,-2.1402361810720011e-01,-3.2796010319236534e-03,3.4951531925834854e-02,-2.1806454011085983e-03
2461116.40000000,-1.9733300601795514e+00,4.7093917058165475e+00,-2.1424167998345323e-01,-3.2791638063981296e-03,3.4950486211838126e-02,-2.1805920309822440e-03
2461116.50000000,-1.9736579547394522e+00,4.7128867022864558e+00,-2.1445973652526504e-01,-3.2787273703456742e-03,3.4949441770835574e-02,-2.1805387122839728e-03
2461116.60000000,-1.9739858056951389e+00,4.7163815943758181e+00,-2.1467778773777790e-01,-3.2782917218204112e-03,3.4948398600595627e-02,-2.1804854450038322e-03
2461116.70000000,-1.9743136131252679e+00,4.7198763822116012e+00,-2.1489583362613304e-01,-3.2778568588824205e-03,3.4947356698891860e-02,-2.1804322291316390e-03
2461116.80000000,-1.9746413771067748e+00,4.7233710659042725e+00,-2.1511387419445555e-01,-3.2774227795997323e-03,3.4946316063507891e-02,-2.1803790646572263e-03
2461116.90000000,-1.9749690977209804e+00,4.7268656456128975e+00,-2.1533190944991523e-01,-3.2769894820402299e-03,3.4945276692217912e-02,-2.1803259515694520e-03
2461117.00000000,-1.9752967750444355e+00,4.7303601214475037e+00,-2.1554993939663492e-01,-3.2765569642837517e-03,3.4944238582815798e-02,-2.1802728898576867e-03
2461117.10000000,-1.9756244091550244e+00,4.7338544935341726e+00,-2.1576796403975165e-01,-3.2761252244139817e-03,3.4943201733095716e-02,-2.1802198795108168e-03
2461117.20000000,-1.9759520001304398e+00,4.7373487619987582e+00,-2.1598598338440134e-01,-3.2756942605204546e-03,3.4942166140856892e-02,-2.1801669205174976e-03
2461117.30000000,-1.9762795480466595e+00,4.7408429269506289e+00,-2.1620399743470353e-01,-3.2752640707005352e-03,3.4941131803908496e-02,-2.1801140128663949e-03
2461117.40000000,-1.9766070529840456e+00,4.7443369885477464e+00,-2.1642200619782234e-01,-3.2748346530513859e-03,3.4940098720050300e-02,-2.1800611565452026e-03
2461117.50000000,-1.9769345150181954e+00,4.7478309468990396e+00,-2.1664000967787486e-01,-3.2744060056819667e-03,3.4939066887101598e-02,-2.1800083515421146e-03
2461117.60000000,-1.9772619342260429e+00,4.7513248021294903e+00,-2.1685800787999238e-01,-3.2739781267050010e-03,3.4938036302881913e-02,-2.1799555978448452e-03
2461117.70000000,-1.9775893106843327e+00,4.7548185543638617e+00,-2.1707600080930478e-01,-3.2735510142389559e-03,3.4937006965215775e-02,-2.1799028954408717e-03
2461117.80000000,-1.9779166444680978e+00,4.7583122037104326e+00,-2.1729398846992573e-01,-3.2731246664100076e-03,3.4935978871937556e-02,-2.1798502443176803e-03
2461117.90000000,-1.9782439356567574e+00,4.7618057503260705e+00,-2.1751197086901286e-01,-3.2726990813440817e-03,3.4934952020872240e-02,-2.1797976444617819e-03
2461118.00000000,-1.9785711843249696e+00,4.7652991943186205e+00,-2.1772994801067708e-01,-3.2722742571787470e-03,3.4933926409864154e-02,-2.1797450958601868e-03
2461118.10000000,-1.9788983905487321e+00,4.7687925358119800e+00,-2.1794791990004317e-01,-3.2718501920552482e-03,3.4932902036757828e-02,-2.1796925984994210e-03
2461118.20000000,-1.9792255544038559e+00,4.7722857749298324e+00,-2.1816588654223451e-01,-3.2714268841204748e-03,3.4931878899402753e-02,-2.1796401523657724e-03
2461118.30000000,-1.9795526759644448e+00,4.7757789117793790e+00,-2.1838384794135821e-01,-3.2710043315289051e-03,3.4930856995658108e-02,-2.1795877574455331e-03
2461118.40000000,-1.9798797553089875e+00,4.7792719465164053e+00,-2.1860180410456478e-01,-3.2705825324347224e-03,3.4929836323373736e-02,-2.1795354137240232e-03
2461118.50000000,-1.9802067925112177e+00,4.7827648792476847e+00,-2.1881975503595846e-01,-3.2701614850035956e-03,3.4928816880418670e-02,-2.1794831211870559e-03
2461118.60000000,-1.9805337876462108e+00,4.7862577100960451e+00,-2.1903770074065690e-01,-3.2697411874047918e-03,3.4927798664662092e-02,-2.1794308798199595e-03
2461118.70000000,-1.9808607407888581e+00,4.7897504391840986e+00,-2.1925564122377642e-01,-3.2693216378131187e-03,3.4926781673978072e-02,-2.1793786896078214e-03
2461118.80000000,-1.9811876520123479e+00,4.7932430666179826e+00,-2.1947357648941682e-01,-3.2689028344108613e-03,3.4925765906250260e-02,-2.1793265505357321e-03
2461118.90000000,-1.9815145213942527e+00,4.7967355925524151e+00,-2.1969150654472108e-01,-3.2684847753799589e-03,3.4924751359353003e-02,-2.1792744625878106e-03
2461119.00000000,-1.9818413490073963e+00,4.8002280170931089e+00,-2.1990943139378605e-01,-3.2680674589136878e-03,3.4923738031179680e-02,-2.1792224257486652e-03
2461119.10000000,-1.9821681349259457e+00,4.8037203403618323e+00,-2.2012735104172171e-01,-3.2676508832088420e-03,3.4922725919623754e-02,-2.1791704400024180e-03
2461119.20000000,-1.9824948792238866e+00,4.8072125624801396e+00,-2.2034526549363664e-01,-3.2672350464676620e-03,3.4921715022583538e-02,-2.1791185053329498e-03
2461119.30000000,-1.9828215819735044e+00,4.8107046835531175e+00,-2.2056317475362297e-01,-3.2668199468997446e-03,3.4920705337966811e-02,-2.1790666217241408e-03
2461119.40000000,-1.9831482432514702e+00,4.8141967037344280e+00,-2.2078107882881529e-01,-3.2664055827143013e-03,3.4919696863672058e-02,-2.1790147891589044e-03
2461119.50000000,-1.9834748631297112e+00,4.8176886231287357e+00,-2.2099897772330246e-01,-3.2659919521317322e-03,3.4918689597616639e-02,-2.1789630076206367e-03
2461119.60000000,-1.9838014416814993e+00,4.8211804418567619e+00,-2.2121687144218632e-01,-3.2655790533758738e-03,3.4917683537718000e-02,-2.1789112770922475e-03
2461119.70000000,-1.9841279789799282e+00,4.8246721600390154e+00,-2.2143475999056703e-01,-3.2651668846759149e-03,3.4916678681898308e-02,-2.1788595975564076e-03
2461119.80000000,-1.9844544750963953e+00,4.8281637777795430e+00,-2.2165264337252830e-01,-3.2647554442682904e-03,3.4915675028089135e-02,-2.1788079689957825e-03
2461119.90000000,-1.9847809301066817e+00,4.8316552952309602e+00,-2.2187052159519599e-01,-3.2643447303890034e-03,3.4914672574212768e-02,-2.1787563913920741e-03
2461120.00000000,-1.9851073440818328e+00,4.8351467124968979e+00,-2.2208839466265032e-01,-3.2639347412851028e-03,3.4913671318210215e-02,-2.1787048647274637e-03
2461120.10000000,-1.9854337170942387e+00,4.8386380296970408e+00,-2.2230626257998426e-01,-3.2635254752069955e-03,3.4912671258022498e-02,-2.1786533889836487e-03
2461120.20000000,-1.9857600492161138e+00,4.8421292469508677e+00,-2.2252412535228894e-01,-3.2631169304103464e-03,3.4911672391595337e-02,-2.1786019641420831e-03
2461120.30000000,-1.9860863405179807e+00,4.8456203643613955e+00,-2.2274198298363920e-01,-3.2627091051579591e-03,3.4910674716883756e-02,-2.1785505901842153e-03
2461120.40000000,-1.9864125910747457e+00,4.8491113820802081e+00,-2.2295983548115145e-01,-3.2623019977121603e-03,3.4909678231833503e-02,-2.1784992670905372e-03
2461120.50000000,-1.9867388009565836e+00,4.8526023002099121e+00,-2.2317768284889661e-01,-3.2618956063461811e-03,3.4908682934408873e-02,-2.1784479948420122e-03
2461120.60000000,-1.9870649702350160e+00,4.8560931188691674e+00,-2.2339552509195820e-01,-3.2614899293365346e-03,3.4907688822574175e-02,-2.1783967734191221e-03
2461120.70000000,-1.9873910989813930e+00,4.8595838381764320e+00,-2.2361336221541786e-01,-3.2610849649649019e-03,3.4906695894298304e-02,-2.1783456028021076e-03
2461120.80000000,-1.9877171872653741e+00,4.8630744582337044e+00,-2.2383119422334083e-01,-3.2606807115199933e-03,3.4905704147559391e-02,-2.1782944829712029e-03
2461120.90000000,-1.9880432351610027e+00,4.8665649791915486e+00,-2.2404902112283334e-01,-3.2602771672900015e-03,3.4904713580326277e-02,-2.1782434139056852e-03
2461121.00000000,-1.9883692427375974e+00,4.8700554011515598e+00,-2.2426684291795665e-01,-3.2598743305738841e-03,3.4903724190586273e-02,-2.1781923955853035e-03
2461121.10000000,-1.9886952100658244e+00,4.8735457242313833e+00,-2.2448465961378419e-01,-3.2594721996738059e-03,3.4902735976326579e-02,-2.1781414279893269e-03
2461121.20000000,-1.9890211372161808e+00,4.8770359485484702e+00,-2.2470247121538739e-01,-3.2590707728970087e-03,3.4901748935538976e-02,-2.1780905110967818e-03
2461121.30000000,-1.9893470242574769e+00,4.8805260742038135e+00,-2.2492027772682124e-01,-3.2586700485576600e-03,3.4900763066224347e-02,-2.1780396448866893e-03
2461121.40000000,-1.9896728712629068e+00,4.8840161013469645e+00,-2.2513807915518144e-01,-3.2582700249693705e-03,3.4899778366374319e-02,-2.1779888293371181e-03
2461121.50000000,-1.9899986783009453e+00,4.8875060300785185e+00,-2.2535587550451872e-01,-3.2578707004563730e-03,3.4898794833998832e-02,-2.1779380644266063e-03
2461121.60000000,-1.9903244454414151e+00,4.8909958605151234e+00,-2.2557366677989582e-01,-3.2574720733460406e-03,3.4897812467107693e-02,-2.1778873501332131e-03
2461121.70000000,-1.9906501727539740e+00,4.8944855927732291e+00,-2.2579145298637338e-01,-3.2570741419707338e-03,3.4896831263715213e-02,-2.1778366864347570e-03
2461121.80000000,-1.9909758603065955e+00,4.8979752269528367e+00,-2.2600923412799570e-01,-3.2566769046696335e-03,3.4895851221844708e-02,-2.1777860733090478e-03
2461121.90000000,-1.9913015081716372e+00,4.9014647632024975e+00,-2.2622701021184713e-01,-3.2562803597813244e-03,3.4894872339510254e-02,-2.1777355107329521e-03
2461122.00000000,-1.9916271164167405e+00,4.9049542016218153e+00,-2.2644478124196737e-01,-3.2558845056548814e-03,3.4893894614744091e-02,-2.1776849986838019e-03
2461122.10000000,-1.9919526851108995e+00,4.9084435423264532e+00,-2.2666254722340798e-01,-3.2554893406424473e-03,3.4892918045578328e-02,-2.1776345371384521e-03
2461122.20000000,-1.9922782143229438e+00,4.9119327854318691e+00,-2.2688030816121815e-01,-3.2550948631010651e-03,3.4891942630049431e-02,-2.1775841260735186e-03
2461122.30000000,-1.9926037041200229e+00,4.9154219310370824e+00,-2.2709806405943073e-01,-3.2547010713944954e-03,3.4890968366202875e-02,-2.1775337654656125e-03
2461122.40000000,-1.9929291545736694e+00,4.9189109792896595e+00,-2.2731581492511829e-01,-3.2543079638858679e-03,3.4889995252074854e-02,-2.1774834552904018e-03
2461122.50000000,-1.9932545657507066e+00,4.9223999302882255e+00,-2.2753356076230885e-01,-3.2539155389486670e-03,3.4889023285719592e-02,-2.1774331955240200e-03
2461122.60000000,-1.9935799377193100e+00,4.9258887841474630e+00,-2.2775130157604204e-01,-3.2535237949593756e-03,3.4888052465191104e-02,-2.1773829861421266e-03
2461122.70000000,-1.9939052705474931e+00,4.9293775409818537e+00,-2.2796903737135518e-01,-3.2531327302992930e-03,3.4887082788547782e-02,-2.1773328271201438e-03
2461122.80000000,-1.9942305643015943e+00,4.9328662008894453e+00,-2.2818676815226910e-01,-3.2527423433563372e-03,3.4886114253856869e-02,-2.1772827184334902e-03
2461122.90000000,-1.9945558190523334e+00,4.9363547640168282e+00,-2.2840449392584383e-01,-3.2523526325177574e-03,3.4885146859176368e-02,-2.1772326600566459e-03
2461123.00000000,-1.9948810348657262e+00,4.9398432304616611e+00,-2.2862221469609514e-01,-3.2519635961810256e-03,3.4884180602582179e-02,-2.1771826519645563e-03
2461123.10000000,-1.9952062118091429e+00,4.9433316003376575e+00,-2.2883993046805037e-01,-3.2515752327465456e-03,3.4883215482149933e-02,-2.1771326941316940e-03
2461123.20000000,-1.9955313499497940e+00,4.9468198737583364e+00,-2.2905764124673406e-01,-3.2511875406194559e-03,3.4882251495959603e-02,-2.1770827865323005e-03
2461123.30000000,-1.9958564493532165e+00,4.9503080508207828e+00,-2.2927534703615449e-01,-3.2508005182114142e-03,3.4881288642099897e-02,-2.1770329291406106e-03
2461123.40000000,-1.9961815100893312e+00,4.9537961316706216e+00,-2.2949304784335869e-01,-3.2504141639333730e-03,3.4880326918650312e-02,-2.1769831219299292e-03
2461123.50000000,-1.9965065322233575e+00,4.9572841164045549e+00,-2.2971074367234967e-01,-3.2500284762063797e-03,3.4879366323708090e-02,-2.1769333648740240e-03
2461123.60000000,-1.9968315158218719e+00,4.9607720051353370e+00,-2.2992843452814155e-01,-3.2496434534543483e-03,3.4878406855370185e-02,-2.1768836579461968e-03
2461123.70000000,-1.9971564609512935e+00,4.9642597979755338e+00,-2.3014612041574581e-01,-3.2492590941058446e-03,3.4877448511737810e-02,-2.1768340011195158e-03
2461123.80000000,-1.9974813676763719e+00,4.9677474950212810e+00,-2.3036380133915757e-01,-3.2488753965958564e-03,3.4876491290920825e-02,-2.1767843943670470e-03
2461123.90000000,-1.9978062360662376e+00,4.9712350964172467e+00,-2.3058147730541018e-01,-3.2484923593586348e-03,3.4875535191019935e-02,-2.1767348376609337e-03
2461124.00000000,-1.9981310661853278e+00,4.9747226022591864e+00,-2.3079914831849321e-01,-3.2481099808383969e-03,3.4874580210153390e-02,-2.1766853309737786e-03
2461124.10000000,-1.9984558580994363e+00,4.9782100126589111e+00,-2.3101681438340721e-01,-3.2477282594821620e-03,3.4873626346439181e-02,-2.1766358742777241e-03
2461124.20000000,-1.9987806118742018e+00,4.9816973277280425e+00,-2.3123447550514992e-01,-3.2473471937415200e-03,3.4872673597999441e-02,-2.1765864675446838e-03
2461124.30000000,-1.9991053275735968e+00,4.9851845475617740e+00,-2.3145213168770265e-01,-3.2469667820743918e-03,3.4871721962964890e-02,-2.1765371107465687e-03
2461124.40000000,-1.9994300052659757e+00,4.9886716723038305e+00,-2.3166978293808452e-01,-3.2465870229379246e-03,3.4870771439457111e-02,-2.1764878038543732e-03
2461124.50000000,-1.9997546450150028e+00,4.9921587020490321e+00,-2.3188742926027114e-01,-3.2462079147991089e-03,3.4869822025615088e-02,-2.1764385468395530e-03
2461124.60000000,-2.0000792468857012e+00,4.9956456369082547e+00,-2.3210507065924887e-01,-3.2458294561276729e-03,3.4868873719577496e-02,-2.1763893396731068e-03
2461124.70000000,-2.0004038109429412e+00,4.9991324769921830e+00,-2.3232270714000100e-01,-3.2454516453978379e-03,3.4867926519487148e-02,-2.1763401823258061e-03
2461124.80000000,-2.0007283372499298e+00,5.0026192223950838e+00,-2.3254033870649463e-01,-3.2450744810900629e-03,3.4866980423495279e-02,-2.1762910747684249e-03
2461124.90000000,-2.0010528258742557e+00,5.0061058732597470e+00,-2.3275796536573404e-01,-3.2446979616840006e-03,3.4866035429744056e-02,-2.1762420169708268e-03
2461125.00000000,-2.0013772768788223e+00,5.0095924296800689e+00,-2.3297558712168037e-01,-3.2443220856690244e-03,3.4865091536392903e-02,-2.1761930089033363e-03
2461125.10000000,-2.0017016903278928e+00,5.0130788917659963e+00,-2.3319320397930501e-01,-3.2439468515371829e-03,3.4864148741600876e-02,-2.1761440505358256e-03
2461125.20000000,-2.0020260662855813e+00,5.0165652596272956e+00,-2.3341081594357660e-01,-3.2435722577849433e-03,3.4863207043531123e-02,-2.1760951418379440e-03
2461125.30000000,-2.0023504048143397e+00,5.0200515333573099e+00,-2.3362842301844716e-01,-3.2431983029149163e-03,3.4862266440355158e-02,-2.1760462827793456e-03
2461125.40000000,-2.0026747059810024e+00,5.0235377130979080e+00,-2.3384602521090575e-01,-3.2428249854288774e-03,3.4861326930235394e-02,-2.1759974733287792e-03
2461125.50000000,-2.0029989698477224e+00,5.0270237989420661e+00,-2.3406362252489829e-01,-3.2424523038381997e-03,3.4860388511351398e-02,-2.1759487134554592e-03
2461125.60000000,-2.0033231964780152e+00,5.0305097909988223e+00,-2.3428121496538099e-01,-3.2420802566568725e-03,3.4859451181882363e-02,-2.1759000031281489e-03
2461125.70000000,-2.0036473859352482e+00,5.0339956893770239e+00,-2.3449880253730676e-01,-3.2417088424032277e-03,3.4858514940011437e-02,-2.1758513423153934e-03
2461125.80000000,-2.0039715382811298e+00,5.0374814941691071e+00,-2.3471638524461233e-01,-3.2413380596016507e-03,3.4857579783930129e-02,-2.1758027309857473e-03
2461125.90000000,-2.0042956535817504e+00,5.0409672055160257e+00,-2.3493396309427084e-01,-3.2409679067756597e-03,3.4856645711820837e-02,-2.1757541691068663e-03
2461126.00000000,-2.0046197318985257e+00,5.0444528235098565e+00,-2.3515153609021255e-01,-3.2405983824582573e-03,3.4855712721882946e-02,-2.1757056566468732e-03
2461126.10000000,-2.0049437732942330e+00,5.0479383482587235e+00,-2.3536910423737781e-01,-3.2402294851849971e-03,3.4854780812315474e-02,-2.1756571935734425e-03
2461126.20000000,-2.0052677778315040e+00,5.0514237798705759e+00,-2.3558666754070356e-01,-3.2398612134957043e-03,3.4853849981321336e-02,-2.1756087798540384e-03
2461126.30000000,-2.0055917455713148e+00,5.0549091184369512e+00,-2.3580422600411055e-01,-3.2394935659361690e-03,3.4852920227111693e-02,-2.1755604154561352e-03
2461126.40000000,-2.0059156765790229e+00,5.0583943640978983e+00,-2.3602177963455542e-01,-3.2391265410512860e-03,3.4851991547888643e-02,-2.1755121003463173e-03
2461126.50000000,-2.0062395709153158e+00,5.0618795169445967e+00,-2.3623932843595216e-01,-3.2387601373953133e-03,3.4851063941871131e-02,-2.1754638344916337e-03
2461126.60000000,-2.0065634286422434e+00,5.0653645770842761e+00,-2.3645687241322474e-01,-3.2383943535250061e-03,3.4850137407277708e-02,-2.1754156178586965e-03
2461126.70000000,-2.0068872498217130e+00,5.0688495446239923e+00,-2.3667441157129357e-01,-3.2380291880013175e-03,3.4849211942330746e-02,-2.1753674504139094e-03
2461126.80000000,-2.0072110345139786e+00,5.0723344196543909e+00,-2.3689194591406279e-01,-3.2376646393910778e-03,3.4848287545260814e-02,-2.1753193321236877e-03
2461126.90000000,-2.0075347827836763e+00,5.0758192023146265e+00,-2.3710947544847222e-01,-3.2373007062601947e-03,3.4847364214289411e-02,-2.1752712629535690e-03
2461127.00000000,-2.0078584946907743e+00,5.0793038926949956e+00,-2.3732700017841912e-01,-3.2369373871838224e-03,3.4846441947654766e-02,-2.1752232428695517e-03
2461127.10000000,-2.0081821702966076e+00,5.0827884909018426e+00,-2.3754452010881033e-01,-3.2365746807395592e-03,3.4845520743594656e-02,-2.1751752718372074e-03
2461127.20000000,-2.0085058096623674e+00,5.0862729970413367e+00,-2.3776203524454936e-01,-3.2362125855091265e-03,3.4844600600350654e-02,-2.1751273498219008e-03
2461127.30000000,-2.0088294128475987e+00,5.0897574112032462e+00,-2.3797954558952333e-01,-3.2358511000800368e-03,3.4843681516172446e-02,-2.1750794767890153e-03
2461127.40000000,-2.0091529799162249e+00,5.0932417335258418e+00,-2.3819705115065440e-01,-3.2354902230388562e-03,3.4842763489300654e-02,-2.1750316527030600e-03
2461127.50000000,-2.0094765109275063e+00,5.0967259640985390e+00,-2.3841455193182265e-01,-3.2351299529812848e-03,3.4841846517992520e-02,-2.1749838775290123e-03
2461127.60000000,-2.0098000059420724e+00,5.1002101030268117e+00,-2.3863204793791742e-01,-3.2347702885054050e-03,3.4840930600504763e-02,-2.1749361512314251e-03
2461127.70000000,-2.0101234650204107e+00,5.1036941504159508e+00,-2.3884953917382476e-01,-3.2344112282133579e-03,3.4840015735097908e-02,-2.1748884737746495e-03
2461127.80000000,-2.0104468882213644e+00,5.1071781063548576e+00,-2.3906702564341409e-01,-3.2340527707129920e-03,3.4839101920040451e-02,-2.1748408451230604e-03
2461127.90000000,-2.0107702756081549e+00,5.1106619709809227e+00,-2.3928450735358964e-01,-3.2336949146111811e-03,3.4838189153591874e-02,-2.1747932652401675e-03
2461128.00000000,-2.0110936272393465e+00,5.1141457443826992e+00,-2.3950198430821376e-01,-3.2333376585238186e-03,3.4837277434028154e-02,-2.1747457340899469e-03
2461128.10000000,-2.0114169431748712e+00,5.1176294266647888e+00,-2.3971945651215787e-01,-3.2329810010691324e-03,3.4836366759624711e-02,-2.1746982516359604e-03
2461128.20000000,-2.0117402234745234e+00,5.1211130179316244e+00,-2.3993692397028973e-01,-3.2326249408693363e-03,3.4835457128660693e-02,-2.1746508178415720e-03
2461128.30000000,-2.0120634681964553e+00,5.1245965182712396e+00,-2.4015438668646080e-01,-3.2322694765522702e-03,3.4834548539423194e-02,-2.1746034326701712e-03
2461128.40000000,-2.0123866774031969e+00,5.1280799278201652e+00,-2.4037184466755690e-01,-3.2319146067447714e-03,3.4833640990190262e-02,-2.1745560960842940e-03
2461128.50000000,-2.0127098511526258e+00,5.1315632466660954e+00,-2.4058929791742198e-01,-3.2315603300825920e-03,3.4832734479256326e-02,-2.1745088080469461e-03
2461128.60000000,-2.0130329895039876e+00,5.1350464749127749e+00,-2.4080674644090913e-01,-3.2312066452037610e-03,3.4831829004915264e-02,-2.1744615685207209e-03
2461128.70000000,-2.0133560925163945e+00,5.1385296126637741e+00,-2.4102419024286753e-01,-3.2308535507502250e-03,3.4830924565464605e-02,-2.1744143774680208e-03
2461128.80000000,-2.0136791602473152e+00,5.1420126600062819e+00,-2.4124162932713017e-01,-3.2305010453694818e-03,3.4830021159209704e-02,-2.1743672348512803e-03
2461128.90000000,-2.0140021927585976e+00,5.1454956170759703e+00,-2.4145906370056375e-01,-3.2301491277079973e-03,3.4829118784446944e-02,-2.1743201406320867e-03
2461129.00000000,-2.0143251901074439e+00,5.1489784839596835e+00,-2.4167649336699359e-01,-3.2297977964210454e-03,3.4828217439488982e-02,-2.1742730947725006e-03
2461129.10000000,-2.0146481523524238e+00,5.1524612607603189e+00,-2.4189391833125373e-01,-3.2294470501661233e-03,3.4827317122647826e-02,-2.1742260972341743e-03
2461129.20000000,-2.0149710795519731e+00,5.1559439475806039e+00,-2.4211133859817438e-01,-3.2290968876045835e-03,3.4826417832239130e-02,-2.1741791479785800e-03
2461129.30000000,-2.0152939717628895e+00,5.1594265445068821e+00,-2.4232875417156949e-01,-3.2287473074032462e-03,3.4825519566586298e-02,-2.1741322469672219e-03
2461129.40000000,-2.0156168290463512e+00,5.1629090516739780e+00,-2.4254616505828636e-01,-3.2283983082278785e-03,3.4824622324003796e-02,-2.1740853941607675e-03
2461129.50000000,-2.0159396514588912e+00,5.1663914691678947e+00,-2.4276357126213108e-01,-3.2280498887529464e-03,3.4823726102822167e-02,-2.1740385895203580e-03
2461129.60000000,-2.0162624390584125e+00,5.1698737970906912e+00,-2.4298097278791830e-01,-3.2277020476550915e-03,3.4822830901371386e-02,-2.1739918330067362e-03
2461129.70000000,-2.0165851919026876e+00,5.1733560355442600e+00,-2.4319836964045877e-01,-3.2273547836147434e-03,3.4821936717984919e-02,-2.1739451245804679e-03
2461129.80000000,-2.0169079100478524e+00,5.1768381846141054e+00,-2.4341576182354688e-01,-3.2270080953177224e-03,3.4821043551003995e-02,-2.1738984642021564e-03
2461129.90000000,-2.0172305935544226e+00,5.1803202444342178e+00,-2.4363314934401012e-01,-3.2266619814487721e-03,3.4820151398760851e-02,-2.1738518518315776e-03
2461130.00000000,-2.0175532424782712e+00,5.1838022150897718e+00,-2.4385053220563496e-01,-3.2263164407012311e-03,3.4819260259603760e-02,-2.1738052874289843e-03
2461130.10000000,-2.0178758568766462e+00,5.1872840966819922e+00,-2.4406791041321610e-01,-3.2259714717705616e-03,3.4818370131880307e-02,-2.1737587709542380e-03
2461130.20000000,-2.0181984368066641e+00,5.1907658893119413e+00,-2.4428528397154436e-01,-3.2256270733559528e-03,3.4817481013941609e-02,-2.1737123023670255e-03
2461130.30000000,-2.0185209823238104e+00,5.1942475930643033e+00,-2.4450265288439432e-01,-3.2252832441619062e-03,3.4816592904146397e-02,-2.1736658816270803e-03
2461130.40000000,-2.0188434934879442e+00,5.1977292080722357e+00,-2.4472001715857300e-01,-3.2249399828918248e-03,3.4815705800844483e-02,-2.1736195086933148e-03
2461130.50000000,-2.0191659703542935e+00,5.2012107344200897e+00,-2.4493737679784686e-01,-3.2245972882576027e-03,3.4814819702401564e-02,-2.1735731835251211e-03
2461130.60000000,-2.0194884129794564e+00,5.2046921722082748e+00,-2.4515473180699032e-01,-3.2242551589732101e-03,3.4813934607182642e-02,-2.1735269060815087e-03
2461130.70000000,-2.0198108214199046e+00,5.2081735215370273e+00,-2.4537208219077383e-01,-3.2239135937562804e-03,3.4813050513556175e-02,-2.1734806763213169e-03
2461130.80000000,-2.0201331957304793e+00,5.2116547824902169e+00,-2.4558942795295163e-01,-3.2235725913296867e-03,3.4812167419898198e-02,-2.1734344942034374e-03
2461130.90000000,-2.0204555359703971e+00,5.2151359552001821e+00,-2.4580676910030996e-01,-3.2232321504151776e-03,3.4811285324575836e-02,-2.1733883596859499e-03
2461131.00000000,-2.0207778421942457e+00,5.2186170397504599e+00,-2.4602410563659474e-01,-3.2228922697428958e-03,3.4810404225971960e-02,-2.1733422727274166e-03
2461131.10000000,-2.0211001144579850e+00,5.2220980362406442e+00,-2.4624143756655975e-01,-3.2225529480450084e-03,3.4809524122468745e-02,-2.1732962332860228e-03
2461131.20000000,-2.0214223528174502e+00,5.2255789447701639e+00,-2.4645876489495464e-01,-3.2222141840572865e-03,3.4808645012451782e-02,-2.1732502413197921e-03
2461131.30000000,-2.0217445573268491e+00,5.2290597654220790e+00,-2.4667608762551280e-01,-3.2218759765206668e-03,3.4807766894314134e-02,-2.1732042967868019e-03
2461131.40000000,-2.0220667280447633e+00,5.2325404983279133e+00,-2.4689340576499946e-01,-3.2215383241749390e-03,3.4806889766439975e-02,-2.1731583996443295e-03
2461131.50000000,-2.0223888650251496e+00,5.2360211435704045e+00,-2.4711071931713952e-01,-3.2212012257681879e-03,3.4806013627229147e-02,-2.1731125498501377e-03
2461131.60000000,-2.0227109683233393e+00,5.2395017012483400e+00,-2.4732802828666567e-01,-3.2208646800504777e-03,3.4805138475080752e-02,-2.1730667473616192e-03
2461131.70000000,-2.0230330379945394e+00,5.2429821714603442e+00,-2.4754533267830636e-01,-3.2205286857754137e-03,3.4804264308397240e-02,-2.1730209921360100e-03
2461131.80000000,-2.0233550740923318e+00,5.2464625542886765e+00,-2.4776263249577388e-01,-3.2201932417016943e-03,3.4803391125588515e-02,-2.1729752841306077e-03
2461131.90000000,-2.0236770766746739e+00,5.2499428498640617e+00,-2.4797992774581190e-01,-3.2198583465868533e-03,3.4802518925055557e-02,-2.1729296233019158e-03
2461132.00000000,-2.0239990457949002e+00,5.2534230582684396e+00,-2.4819721843212392e-01,-3.2195239991966189e-03,3.4801647705214933e-02,-2.1728840096069280e-03
2461132.10000000,-2.0243209815077217e+00,5.2569031795997994e+00,-2.4841450455942127e-01,-3.2191901982986507e-03,3.4800777464482437e-02,-2.1728384430022732e-03
2461132.20000000,-2.0246428838677257e+00,5.2603832139559730e+00,-2.4863178613241074e-01,-3.2188569426640961e-03,3.4799908201277166e-02,-2.1727929234444335e-03
2461132.30000000,-2.0249647529278794e+00,5.2638631614184304e+00,-2.4884906315478306e-01,-3.2185242310691208e-03,3.4799039914025554e-02,-2.1727474508899539e-03
2461132.40000000,-2.0252865887455225e+00,5.2673430221170978e+00,-2.4906633563325989e-01,-3.2181920622887045e-03,3.4798172601145240e-02,-2.1727020252945979e-03
2461132.50000000,-2.0256083913733760e+00,5.2708227961331291e+00,-2.4928360357152321e-01,-3.2178604351059278e-03,3.4797306261069236e-02,-2.1726566466146210e-03
2461132.60000000,-2.0259301608655407e+00,5.2743024835637256e+00,-2.4950086697426241e-01,-3.2175293483057569e-03,3.4796440892229788e-02,-2.1726113148059206e-03
2461132.70000000,-2.0262518972759929e+00,5.2777820845059340e+00,-2.4971812584616226e-01,-3.2171988006765855e-03,3.4795576493062419e-02,-2.1725660298242532e-03
2461132.80000000,-2.0265736006570916e+00,5.2812615990404366e+00,-2.4993538019089170e-01,-3.2168687910117582e-03,3.4794713062009937e-02,-2.1725207916254430e-03
2461132.90000000,-2.0268952710655683e+00,5.2847410272963762e+00,-2.5015263001515020e-01,-3.2165393181034147e-03,3.4793850597506316e-02,-2.1724756001645440e-03
2461133.00000000,-2.0272169085535414e+00,5.2882203693541250e+00,-2.5036987532259758e-01,-3.2162103807516968e-03,3.4792989098000826e-02,-2.1724304553971041e-03
2461133.10000000,-2.0275385131745063e+00,5.2916996253101072e+00,-2.5058711611790080e-01,-3.2158819777585910e-03,3.4792128561941964e-02,-2.1723853572783195e-03
2461133.20000000,-2.0278600849818398e+00,5.2951787952605880e+00,-2.5080435240572263e-01,-3.2155541079294542e-03,3.4791268987781426e-02,-2.1723403057632537e-03
2461133.30000000,-2.0281816240273010e+00,5.2986578792854839e+00,-2.5102158418970955e-01,-3.2152267700745244e-03,3.4790410373978134e-02,-2.1722953008070428e-03
2461133.40000000,-2.0285031303670218e+00,5.3021368775131501e+00,-2.5123881147653837e-01,-3.2148999630028157e-03,3.4789552718982215e-02,-2.1722503423640600e-03
2461133.50000000,-2.0288246040525251e+00,5.3056157900231904e+00,-2.5145603426984670e-01,-3.2145736855312525e-03,3.4788696021258982e-02,-2.1722054303891774e-03
2461133.60000000,-2.0291460451367112e+00,5.3090946169112554e+00,-2.5167325257427881e-01,-3.2142479364785596e-03,3.4787840279272918e-02,-2.1721605648369236e-03
2461133.70000000,-2.0294674536723631e+00,5.3125733582728447e+00,-2.5189046639447482e-01,-3.2139227146667755e-03,3.4786985491491694e-02,-2.1721157456616983e-03
2461133.80000000,-2.0297888297106499e+00,5.3160520141871022e+00,-2.5210767573405879e-01,-3.2135980189227525e-03,3.4786131656390142e-02,-2.1720709728179797e-03
2461133.90000000,-2.0301101733071119e+00,5.3195305847816154e+00,-2.5232488059968433e-01,-3.2132738480721030e-03,3.4785278772434300e-02,-2.1720262462594942e-03
2461134.00000000,-2.0304314845126843e+00,5.3230090701352246e+00,-2.5254208099496628e-01,-3.2129502009482550e-03,3.4784426838105301e-02,-2.1719815659404676e-03
2461134.10000000,-2.0307527633796805e+00,5.3264874703428173e+00,-2.5275927692452627e-01,-3.2126270763863942e-03,3.4783575851883422e-02,-2.1719369318147926e-03
2461134.20000000,-2.0310740099603004e+00,5.3299657854991294e+00,-2.5297646839298132e-01,-3.2123044732249688e-03,3.4782725812252079e-02,-2.1718923438362350e-03
2461134.30000000,-2.0313952243051294e+00,5.3334440156825451e+00,-2.5319365540393252e-01,-3.2119823903071715e-03,3.4781876717701783e-02,-2.1718478019586494e-03
2461134.40000000,-2.0317164064691253e+00,5.3369221610198920e+00,-2.5341083796401032e-01,-3.2116608264749365e-03,3.4781028566714292e-02,-2.1718033061351445e-03
2461134.50000000,-2.0320375565026447e+00,5.3404002215892525e+00,-2.5362801607680646e-01,-3.2113397805779262e-03,3.4780181357786322e-02,-2.1717588563193325e-03
2461134.60000000,-2.0323586744574222e+00,5.3438781974847593e+00,-2.5384518974691928e-01,-3.2110192514675172e-03,3.4779335089413742e-02,-2.1717144524644977e-03
2461134.70000000,-2.0326797603850788e+00,5.3473560888003924e+00,-2.5406235897894258e-01,-3.2106992379982938e-03,3.4778489760095489e-02,-2.1716700945238095e-03
2461134.80000000,-2.0330008143356282e+00,5.3508338956137873e+00,-2.5427952377645424e-01,-3.2103797390295218e-03,3.4777645368337551e-02,-2.1716257824505240e-03
2461134.90000000,-2.0333218363634518e+00,5.3543116180510122e+00,-2.5449668414606119e-01,-3.2100607534191910e-03,3.4776801912637170e-02,-2.1715815161971663e-03
2461135.00000000,-2.0336428265183337e+00,5.3577892561894087e+00,-2.5471384009133169e-01,-3.2097422800329289e-03,3.4775959391506468e-02,-2.1715372957167660e-03
2461135.10000000,-2.0339637848514416e+00,5.3612668101223564e+00,-2.5493099161684080e-01,-3.2094243177380379e-03,3.4775117803456677e-02,-2.1714931209620334e-03
2461135.20000000,-2.0342847114138265e+00,5.3647442799430873e+00,-2.5514813872715858e-01,-3.2091068654049749e-03,3.4774277147002063e-02,-2.1714489918855657e-03
2461135.30000000,-2.0346056062549334e+00,5.3682216657284973e+00,-2.5536528142583947e-01,-3.2087899219088137e-03,3.4773437420663876e-02,-2.1714049084400589e-03
2461135.40000000,-2.0349264694285800e+00,5.3716989676039066e+00,-2.5558241971946632e-01,-3.2084734861233355e-03,3.4772598622954648e-02,-2.1713608705774814e-03
2461135.50000000,-2.0352473009839858e+00,5.3751761856459144e+00,-2.5579955361158407e-01,-3.2081575569298708e-03,3.4771760752401674e-02,-2.1713168782503110e-03
2461135.60000000,-2.0355681009717546e+00,5.3786533199471620e+00,-2.5601668310674369e-01,-3.2078421332113875e-03,3.4770923807531350e-02,-2.1712729314107152e-03
2461135.70000000,-2.0358888694423785e+00,5.3821303706001427e+00,-2.5623380820949171e-01,-3.2075272138539549e-03,3.4770087786873065e-02,-2.1712290300107523e-03
2461135.80000000,-2.0362096064447432e+00,5.3856073376810150e+00,-2.5645092892335858e-01,-3.2072127977481948e-03,3.4769252688963123e-02,-2.1711851740025849e-03
2461135.90000000,-2.0365303120321072e+00,5.3890842213143584e+00,-2.5666804525490305e-01,-3.2068988837834224e-03,3.4768418512329147e-02,-2.1711413633376604e-03
2461136.00000000,-2.0368509862531345e+00,5.3925610215760429e+00,-2.5688515720764610e-01,-3.2065854708564164e-03,3.4767585255513399e-02,-2.1710975979679346e-03
2461136.10000000,-2.0371716291578750e+00,5.3960377385579719e+00,-2.5710226478611481e-01,-3.2062725578655502e-03,3.4766752917057234e-02,-2.1710538778450610e-03
2461136.20000000,-2.0374922407962659e+00,5.3995143723519119e+00,-2.5731936799483152e-01,-3.2059601437122508e-03,3.4765921495504969e-02,-2.1710102029205928e-03
2461136.30000000,-2.0378128212166442e+00,5.4029909230332906e+00,-2.5753646683730269e-01,-3.2056482273024362e-03,3.4765090989407769e-02,-2.1709665731461897e-03
2461136.40000000,-2.0381333704717157e+00,5.4064673907259593e+00,-2.5775356132006261e-01,-3.2053368075406993e-03,3.4764261397308115e-02,-2.1709229884728037e-03
2461136.50000000,-2.0384538886095971e+00,5.4099437755050550e+00,-2.5797065144660819e-01,-3.2050258833390133e-03,3.4763432717763075e-02,-2.1708794488519037e-03
2461136.60000000,-2.0387743756797905e+00,5.4134200774617618e+00,-2.5818773722144212e-01,-3.2047154536109096e-03,3.4762604949328743e-02,-2.1708359542346603e-03
2461136.70000000,-2.0390948317316888e+00,5.4168962966871197e+00,-2.5840481864906234e-01,-3.2044055172729198e-03,3.4761778090564181e-02,-2.1707925045721496e-03
2461136.80000000,-2.0394152568130850e+00,5.4203724332558361e+00,-2.5862189573295113e-01,-3.2040960732460069e-03,3.4760952140035203e-02,-2.1707490998155591e-03
2461136.90000000,-2.0397356509761408e+00,5.4238484872910355e+00,-2.5883896847961818e-01,-3.2037871204497956e-03,3.4760127096298978e-02,-2.1707057399153800e-03
2461137.00000000,-2.0400560142684330e+00,5.4273244588671394e+00,-2.5905603689253598e-01,-3.2034786578112040e-03,3.4759302957927160e-02,-2.1706624248226201e-03
2461137.10000000,-2.0403763467389235e+00,5.4308003480746114e+00,-2.5927310097618261e-01,-3.2031706842586740e-03,3.4758479723490408e-02,-2.1706191544879974e-03
2461137.20000000,-2.0406966484364673e+00,5.4342761550037766e+00,-2.5949016073503156e-01,-3.2028631987235960e-03,3.4757657391562315e-02,-2.1705759288621436e-03
2461137.30000000,-2.0410169194083223e+00,5.4377518797286282e+00,-2.5970721617254044e-01,-3.2025562001417353e-03,3.4756835960723154e-02,-2.1705327478958032e-03
2461137.40000000,-2.0413371597061141e+00,5.4412275223715749e+00,-2.5992426729519424e-01,-3.2022496874475003e-03,3.4756015429544589e-02,-2.1704896115390345e-03
2461137.50000000,-2.0416573693768849e+00,5.4447030830063250e+00,-2.6014131410644076e-01,-3.2019436595825137e-03,3.4755195796612667e-02,-2.1704465197424179e-03
2461137.60000000,-2.0419775484690663e+00,5.4481785617226342e+00,-2.6035835661073342e-01,-3.2016381154898830e-03,3.4754377060512445e-02,-2.1704034724562473e-03
2461137.70000000,-2.0422976970309819e+00,5.4516539586101143e+00,-2.6057539481252096e-01,-3.2013330541156189e-03,3.4753559219831823e-02,-2.1703604696307376e-03
2461137.80000000,-2.0426178151093608e+00,5.4551292737420516e+00,-2.6079242871523589e-01,-3.2010284744100428e-03,3.4752742273165355e-02,-2.1703175112162232e-03
2461137.90000000,-2.0429379027552992e+00,5.4586045072401470e+00,-2.6100945832533851e-01,-3.2007243753221113e-03,3.4751926219099033e-02,-2.1702745971623602e-03
2461138.00000000,-2.0432579600153149e+00,5.4620796591774052e+00,-2.6122648364625162e-01,-3.2004207558079113e-03,3.4751111056233089e-02,-2.1702317274193274e-03
2461138.10000000,-2.0435779869373150e+00,5.4655547296428759e+00,-2.6144350468240368e-01,-3.2001176148249788e-03,3.4750296783166754e-02,-2.1701889019370263e-03
2461138.20000000,-2.0438979835690989e+00,5.4690297187254711e+00,-2.6166052143821839e-01,-3.1998149513337050e-03,3.4749483398502090e-02,-2.1701461206652855e-03
2461138.30000000,-2.0442179499568738e+00,5.4725046264977788e+00,-2.6187753391710378e-01,-3.1995127642987370e-03,3.4748670900847781e-02,-2.1701033835540562e-03
2461138.40000000,-2.0445378861512156e+00,5.4759794530807913e+00,-2.6209454212549432e-01,-3.1992110526833399e-03,3.4747859288803883e-02,-2.1700606905526209e-03
2461138.50000000,-2.0448577921981230e+00,5.4794541985468213e+00,-2.6231154606678808e-01,-3.1989098154578295e-03,3.4747048560984671e-02,-2.1700180416107887e-03
2461138.60000000,-2.0451776681449827e+00,5.4829288629842212e+00,-2.6252854574538836e-01,-3.1986090515939377e-03,3.4746238716003394e-02,-2.1699754366780975e-03
2461138.70000000,-2.0454975140390812e+00,5.4864034464812033e+00,-2.6274554116569360e-01,-3.1983087600662035e-03,3.4745429752476062e-02,-2.1699328757040170e-03
2461138.80000000,-2.0458173299261113e+00,5.4898779491096663e+00,-2.6296253233108668e-01,-3.1980089398533649e-03,3.4744621669025262e-02,-2.1698903586381459e-03
2461138.90000000,-2.0461371158561312e+00,5.4933523709899106e+00,-2.6317951924797689e-01,-3.1977095899327649e-03,3.4743814464265020e-02,-2.1698478854294224e-03
2461139.00000000,-2.0464568718746308e+00,5.4968267121935535e+00,-2.6339650191973679e-01,-3.1974107092887223e-03,3.4743008136823413e-02,-2.1698054560273126e-03
2461139.10000000,-2.0467765980284867e+00,5.5003009728082599e+00,-2.6361348035074461e-01,-3.1971122969069307e-03,3.4742202685327524e-02,-2.1697630703810195e-03
2461139.20000000,-2.0470962943644748e+00,5.5037751529215528e+00,-2.6383045454537346e-01,-3.1968143517758507e-03,3.4741398108407165e-02,-2.1697207284396844e-03
2461139.30000000,-2.0474159609277813e+00,5.5072492526046464e+00,-2.6404742450698093e-01,-3.1965168728880834e-03,3.4740594404698642e-02,-2.1696784301525806e-03
2461139.40000000,-2.0477355977679568e+00,5.5107232719771480e+00,-2.6426439024195048e-01,-3.1962198592348245e-03,3.4739791572829741e-02,-2.1696361754683304e-03
2461139.50000000,-2.0480552049299865e+00,5.5141972111099973e+00,-2.6448135175362947e-01,-3.1959233098141642e-03,3.4738989611442207e-02,-2.1695939643360850e-03
2461139.60000000,-2.0483747824602427e+00,5.5176710700901719e+00,-2.6469830904637071e-01,-3.1956272236255360e-03,3.4738188519176760e-02,-2.1695517967047421e-03
2461139.70000000,-2.0486943304050005e+00,5.5211448490045187e+00,-2.6491526212452160e-01,-3.1953315996710971e-03,3.4737388294676833e-02,-2.1695096725231396e-03
2461139.80000000,-2.0490138488089435e+00,5.5246185479235708e+00,-2.6513221099141437e-01,-3.1950364369570891e-03,3.4736588936592268e-02,-2.1694675917402545e-03
2461139.90000000,-2.0493333377211229e+00,5.5280921669662533e+00,-2.6534915565340683e-01,-3.1947417344883348e-03,3.4735790443564438e-02,-2.1694255543044214e-03
2461140.00000000,-2.0496527971860257e+00,5.5315657062028256e+00,-2.6556609611382065e-01,-3.1944474912764757e-03,3.4734992814248591e-02,-2.1693835601645063e-03
2461140.10000000,-2.0499722272495289e+00,5.5350391657195948e+00,-2.6578303237698303e-01,-3.1941537063344648e-03,3.4734196047298917e-02,-2.1693416092691269e-03
2461140.20000000,-2.0502916279574093e+00,5.5385125456027300e+00,-2.6599996444721596e-01,-3.1938603786779329e-03,3.4733400141372286e-02,-2.1692997015668471e-03
2461140.30000000,-2.0506109993538599e+00,5.5419858459220936e+00,-2.6621689232782592e-01,-3.1935675073265428e-03,3.4732605095131909e-02,-2.1692578370063752e-03
2461140.40000000,-2.0509303414874367e+00,5.5454590667959307e+00,-2.6643381602514482e-01,-3.1932750912985258e-03,3.4731810907232590e-02,-2.1692160155357839e-03
2461140.50000000,-2.0512496544021346e+00,5.5489322082938379e+00,-2.6665073554246893e-01,-3.1929831296188577e-03,3.4731017576342858e-02,-2.1691742371036803e-03
2461140.60000000,-2.0515689381433413e+00,5.5524052705014491e+00,-2.6686765088409947e-01,-3.1926916213137935e-03,3.4730225101130233e-02,-2.1691325016584299e-03
2461140.70000000,-2.0518881927563446e+00,5.5558782535042663e+00,-2.6708456205433251e-01,-3.1924005654122224e-03,3.4729433480264846e-02,-2.1690908091483501e-03
2461140.80000000,-2.0522074182848500e+00,5.5593511573714851e+00,-2.6730146905644903e-01,-3.1921099609470102e-03,3.4728642712423152e-02,-2.1690491595219063e-03
2461140.90000000,-2.0525266147769261e+00,5.5628239822206860e+00,-2.6751837189675493e-01,-3.1918198069495851e-03,3.4727852796273155e-02,-2.1690075527269360e-03
2461141.00000000,-2.0528457822760862e+00,5.5662967281208005e+00,-2.6773527057852070e-01,-3.1915301024580409e-03,3.4727063730496568e-02,-2.1689659887118157e-03
2461141.10000000,-2.0531649208272311e+00,5.5697693951567979e+00,-2.6795216510602154e-01,-3.1912408465117211e-03,3.4726275513774010e-02,-2.1689244674246841e-03
2461141.20000000,-2.0534840304751687e+00,5.5732419834135198e+00,-2.6816905548352793e-01,-3.1909520381525587e-03,3.4725488144788715e-02,-2.1688829888136378e-03
2461141.30000000,-2.0538031112631230e+00,5.5767144929595043e+00,-2.6838594171429475e-01,-3.1906636764264160e-03,3.4724701622230188e-02,-2.1688415528269256e-03
2461141.40000000,-2.0541221632386817e+00,5.5801869239116684e+00,-2.6860282380460182e-01,-3.1903757603777010e-03,3.4723915944779513e-02,-2.1688001594121790e-03
2461141.50000000,-2.0544411864448797e+00,5.5836592763382855e+00,-2.6881970175769376e-01,-3.1900882890574188e-03,3.4723131111131386e-02,-2.1687588085175661e-03
2461141.60000000,-2.0547601809261415e+00,5.5871315503236705e+00,-2.6903657557782001e-01,-3.1898012615177913e-03,3.4722347119979423e-02,-2.1687175000910269e-03
2461141.70000000,-2.0550791467267979e+00,5.5906037459520075e+00,-2.6925344526922484e-01,-3.1895146768135887e-03,3.4721563970019770e-02,-2.1686762340804629e-03
2461141.80000000,-2.0553980838896009e+00,5.5940758632911880e+00,-2.6947031083513728e-01,-3.1892285340034583e-03,3.4720781659954805e-02,-2.1686350104339310e-03
2461141.90000000,-2.0557169924616625e+00,5.5975479024574657e+00,-2.6968717228181072e-01,-3.1889428321445834e-03,3.4720000188478553e-02,-2.1685938290988797e-03
2461142.00000000,-2.0560358724855465e+00,5.6010198635184691e+00,-2.6990402961246401e-01,-3.1886575703006736e-03,3.4719219554298505e-02,-2.1685526900232974e-03
2461142.10000000,-2.0563547240052076e+00,5.6044917465578656e+00,-2.7012088283132046e-01,-3.1883727475366217e-03,3.4718439756121072e-02,-2.1685115931549498e-03
2461142.20000000,-2.0566735470645061e+00,5.6079635516591866e+00,-2.7033773194259814e-01,-3.1880883629198317e-03,3.4717660792655210e-02,-2.1684705384415678e-03
2461142.30000000,-2.0569923417057261e+00,5.6114352788896769e+00,-2.7055457694950019e-01,-3.1878044155215311e-03,3.4716882662616022e-02,-2.1684295258310440e-03
2461142.40000000,-2.0573111079755133e+00,5.6149069283649444e+00,-2.7077141785825382e-01,-3.1875209044114755e-03,3.4716105364710266e-02,-2.1683885552706674e-03
2461142.50000000,-2.0576298459159643e+00,5.6183785001519722e+00,-2.7098825467205162e-01,-3.1872378286658750e-03,3.4715328897658104e-02,-2.1683476267082722e-03
2461142.60000000,-2.0579485555705697e+00,5.6218499943337834e+00,-2.7120508739509086e-01,-3.1869551873620933e-03,3.4714553260178596e-02,-2.1683067400914712e-03
2461142.70000000,-2.0582672369827275e+00,5.6253214109932710e+00,-2.7142191603156340e-01,-3.1866729795799660e-03,3.4713778450993320e-02,-2.1682658953678519e-03
2461142.80000000,-2.0585858901942609e+00,5.6287927501970332e+00,-2.7163874058464627e-01,-3.1863912044031006e-03,3.4713004468829932e-02,-2.1682250924851660e-03
2461142.90000000,-2.0589045152513519e+00,5.6322640120600393e+00,-2.7185556106054015e-01,-3.1861098609136250e-03,3.4712231312407811e-02,-2.1681843313905657e-03
2461143.00000000,-2.0592231121956388e+00,5.6357351966486364e+00,-2.7207237746241197e-01,-3.1858289482000514e-03,3.4711458980459603e-02,-2.1681436120317556e-03
2461143.10000000,-2.0595416810701552e+00,5.6392063040452083e+00,-2.7228918979443223e-01,-3.1855484653520155e-03,3.4710687471716885e-02,-2.1681029343562229e-03
2461143.20000000,-2.0598602219178419e+00,5.6426773343320109e+00,-2.7250599806076686e-01,-3.1852684114615859e-03,3.4709916784913662e-02,-2.1680622983114325e-03
2461143.30000000,-2.0601787347800653e+00,5.6461482875750129e+00,-2.7272280226456674e-01,-3.1849887856245551e-03,3.4709146918790047e-02,-2.1680217038450183e-03
2461143.40000000,-2.0604972197025533e+00,5.6496191638885449e+00,-2.7293960241200615e-01,-3.1847095869352257e-03,3.4708377872077818e-02,-2.1679811509040248e-03
2461143.50000000,-2.0608156767264907e+00,5.6530899633383234e+00,-2.7315639850622547e-01,-3.1844308144942154e-03,3.4707609643522000e-02,-2.1679406394360451e-03
2461143.60000000,-2.0611341058944590e+00,5.6565606860061006e+00,-2.7337319055136927e-01,-3.1841524674032402e-03,3.4706842231866493e-02,-2.1679001693884654e-03
2461143.70000000,-2.0614525072489482e+00,5.6600313319735021e+00,-2.7358997855157702e-01,-3.1838745447664071e-03,3.4706075635857640e-02,-2.1678597407086514e-03
2461143.80000000,-2.0617708808308750e+00,5.6635019013058692e+00,-2.7380676250997349e-01,-3.1835970456914977e-03,3.4705309854247780e-02,-2.1678193533441427e-03
2461143.90000000,-2.0620892266855173e+00,5.6669723941169039e+00,-2.7402354243270644e-01,-3.1833199692847983e-03,3.4704544885780994e-02,-2.1677790072418966e-03
2461144.00000000,-2.0624075448536150e+00,5.6704428104716955e+00,-2.7424031832288998e-01,-3.1830433146588411e-03,3.4703780729214512e-02,-2.1677387023494206e-03
2461144.10000000,-2.0627258353773024e+00,5.6739131504513711e+00,-2.7445709018464248e-01,-3.1827670809272280e-03,3.4703017383304419e-02,-2.1676984386140193e-03
2461144.20000000,-2.0630440982986218e+00,5.6773834141369361e+00,-2.7467385802207700e-01,-3.1824912672059145e-03,3.4702254846809229e-02,-2.1676582159829852e-03
2461144.30000000,-2.0633623336580520e+00,5.6808536015931077e+00,-2.7489062183829199e-01,-3.1822158726144850e-03,3.4701493118493382e-02,-2.1676180344037824e-03
2461144.40000000,-2.0636805415004233e+00,5.6843237129329633e+00,-2.7510738163940873e-01,-3.1819408962710178e-03,3.4700732197113129e-02,-2.1675778938233057e-03
2461144.50000000,-2.0639987218660356e+00,5.6877937482209751e+00,-2.7532413742851503e-01,-3.1816663372997715e-03,3.4699972081437727e-02,-2.1675377941889969e-03
2461144.60000000,-2.0643168747965825e+00,5.6912637075376509e+00,-2.7554088920970288e-01,-3.1813921948260454e-03,3.4699212770235320e-02,-2.1674977354481039e-03
2461144.70000000,-2.0646350003336691e+00,5.6947335909633789e+00,-2.7575763698705913e-01,-3.1811184679774577e-03,3.4698454262276412e-02,-2.1674577175478642e-03
2461144.80000000,-2.0649530985173343e+00,5.6982033985622627e+00,-2.7597438076365577e-01,-3.1808451558852078e-03,3.4697696556337428e-02,-2.1674177404356920e-03
2461144.90000000,-2.0652711693919721e+00,5.7016731304467569e+00,-2.7619112054558759e-01,-3.1805722576789815e-03,3.4696939651186601e-02,-2.1673778040584377e-03
2461145.00000000,-2.0655892129974474e+00,5.7051427866807218e+00,-2.7640785633591619e-01,-3.1802997724945763e-03,3.4696183545605101e-02,-2.1673379083635026e-03
2461145.10000000,-2.0659072293750187e+00,5.7086123673440543e+00,-2.7662458813870699e-01,-3.1800276994688082e-03,3.4695428238372975e-02,-2.1672980532980966e-03
2461145.20000000,-2.0662252185658603e+00,5.7120818725165297e+00,-2.7684131595802042e-01,-3.1797560377407720e-03,3.4694673728272590e-02,-2.1672582388094232e-03
2461145.30000000,-2.0665431806095755e+00,5.7155513022616438e+00,-2.7705803979690252e-01,-3.1794847864530982e-03,3.4693920014092203e-02,-2.1672184648448690e-03
2461145.40000000,-2.0668611155501280e+00,5.7190206566912387e+00,-2.7727475966142118e-01,-3.1792139447468968e-03,3.4693167094611878e-02,-2.1671787313512596e-03
2461145.50000000,-2.0671790234269536e+00,5.7224899358685679e+00,-2.7749147555461168e-01,-3.1789435117693270e-03,3.4692414968624581e-02,-2.1671390382759768e-03
2461145.60000000,-2.0674969042808815e+00,5.7259591398729208e+00,-2.7770818748051340e-01,-3.1786734866685352e-03,3.4691663634922071e-02,-2.1670993855662122e-03
2461145.70000000,-2.0678147581526574e+00,5.7294282687834661e+00,-2.7792489544316001e-01,-3.1784038685949141e-03,3.4690913092298464e-02,-2.1670597731691587e-03
2461145.80000000,-2.0681325850814605e+00,5.7328973226630984e+00,-2.7814159944557110e-01,-3.1781346567023466e-03,3.4690163339553687e-02,-2.1670202010321930e-03
2461145.90000000,-2.0684503851108271e+00,5.7363663016230504e+00,-2.7835829949378849e-01,-3.1778658501431874e-03,3.4689414375479552e-02,-2.1669806691021381e-03
2461146.00000000,-2.0687681582797692e+00,5.7398352057259769e+00,-2.7857499559082088e-01,-3.1775974480757773e-03,3.4688666198880599e-02,-2.1669411773263731e-03
2461146.10000000,-2.0690859046286931e+00,5.7433040350505653e+00,-2.7879168774068103e-01,-3.1773294496594173e-03,3.4687918808560238e-02,-2.1669017256520941e-03
2461146.20000000,-2.0694036241979230e+00,5.7467727896753855e+00,-2.7900837594737660e-01,-3.1770618540556193e-03,3.4687172203324172e-02,-2.1668623140265009e-03
2461146.30000000,-2.0697213170262181e+00,5.7502414696627326e+00,-2.7922506021390081e-01,-3.1767946604293433e-03,3.4686426381983868e-02,-2.1668229423969804e-03
2461146.40000000,-2.0700389831566932e+00,5.7537100751232426e+00,-2.7944174054626841e-01,-3.1765278679440107e-03,3.4685681343342684e-02,-2.1667836107103731e-03
2461146.50000000,-2.0703566226279424e+00,5.7571786061189698e+00,-2.7965841694746235e-01,-3.1762614757689677e-03,3.4684937086216679e-02,-2.1667443189140761e-03
2461146.60000000,-2.0706742354799541e+00,5.7606470627280109e+00,-2.7987508942146877e-01,-3.1759954830744984e-03,3.4684193609420724e-02,-2.1667050669553086e-03
2461146.70000000,-2.0709918217526355e+00,5.7641154450283372e+00,-2.8009175797226898e-01,-3.1757298890330598e-03,3.4683450911771961e-02,-2.1666658547812956e-03
2461146.80000000,-2.0713093814843306e+00,5.7675837530816541e+00,-2.8030842260282990e-01,-3.1754646928205117e-03,3.4682708992093275e-02,-2.1666266823394528e-03
2461146.90000000,-2.0716269147177409e+00,5.7710519869980024e+00,-2.8052508331913978e-01,-3.1751998936111730e-03,3.4681967849199455e-02,-2.1665875495766574e-03
2461147.00000000,-2.0719444214910450e+00,5.7745201468388485e+00,-2.8074174012415509e-01,-3.1749354905852229e-03,3.4681227481917903e-02,-2.1665484564403425e-03
2461147.10000000,-2.0722619018438206e+00,5.7779882326816967e+00,-2.8095839302183573e-01,-3.1746714829237526e-03,3.4680487889074844e-02,-2.1665094028777681e-03
2461147.20000000,-2.0725793558155634e+00,5.7814562446039313e+00,-2.8117504201613647e-01,-3.1744078698099963e-03,3.4679749069498743e-02,-2.1664703888362048e-03
2461147.30000000,-2.0728967834442105e+00,5.7849241826666722e+00,-2.8139168710999801e-01,-3.1741446504305448e-03,3.4679011022023733e-02,-2.1664314142631168e-03
2461147.40000000,-2.0732141847720493e+00,5.7883920469793706e+00,-2.8160832830938226e-01,-3.1738818239704426e-03,3.4678273745475927e-02,-2.1663924791054342e-03
2461147.50000000,-2.0735315598368547e+00,5.7918598376029093e+00,-2.8182496561721920e-01,-3.1736193896205337e-03,3.4677537238693913e-02,-2.1663535833106443e-03
2461147.60000000,-2.0738489086777960e+00,5.7953275546142082e+00,-2.8204159903744247e-01,-3.1733573465725497e-03,3.4676801500515143e-02,-2.1663147268260654e-03
2461147.70000000,-2.0741662313339631e+00,5.7987951980900698e+00,-2.8225822857398064e-01,-3.1730956940203298e-03,3.4676066529779274e-02,-2.1662759095990324e-03
2461147.80000000,-2.0744835278428888e+00,5.8022627680910333e+00,-2.8247485422974800e-01,-3.1728344311610320e-03,3.4675332325331563e-02,-2.1662371315770718e-03
2461147.90000000,-2.0748007982464554e+00,5.8057302647259643e+00,-2.8269147601067979e-01,-3.1725735571902581e-03,3.4674598886009274e-02,-2.1661983927071865e-03
2461148.00000000,-2.0751180425820364e+00,5.8091976880551695e+00,-2.8290809391967986e-01,-3.1723130713093494e-03,3.4673866210662131e-02,-2.1661596929369357e-03
2461148.10000000,-2.0754352608883995e+00,5.8126650381549885e+00,-2.8312470796065570e-01,-3.1720529727205129e-03,3.4673134298138633e-02,-2.1661210322137144e-03
2461148.20000000,-2.0757524532042346e+00,5.8161323151016475e+00,-2.8334131813750918e-01,-3.1717932606280296e-03,3.4672403147289484e-02,-2.1660824104849361e-03
2461148.30000000,-2.0760696195666744e+00,5.8195995189551084e+00,-2.8355792445312861e-01,-3.1715339342394573e-03,3.4671672756970959e-02,-2.1660438276982106e-03
2461148.40000000,-2.0763867600172046e+00,5.8230666498236605e+00,-2.8377452691342286e-01,-3.1712749927607924e-03,3.4670943126031362e-02,-2.1660052838006270e-03
2461148.50000000,-2.0767038745927979e+00,5.8265337077670400e+00,-2.8399112552126954e-01,-3.1710164354037135e-03,3.4670214253331368e-02,-2.1659667787398340e-03
2461148.60000000,-2.0770209633318291e+00,5.8300006928610113e+00,-2.8420772028054975e-01,-3.1707582613807383e-03,3.4669486137730410e-02,-2.1659283124633188e-03
2461148.70000000,-2.0773380262725913e+00,5.8334676051812284e+00,-2.8442431119513928e-01,-3.1705004699064268e-03,3.4668758778090121e-02,-2.1658898849185905e-03
2461148.80000000,-2.0776550634518238e+00,5.8369344447870866e+00,-2.8464089826790001e-01,-3.1702430601985763e-03,3.4668032173277678e-02,-2.1658514960533567e-03
2461148.90000000,-2.0779720749106163e+00,5.8404012117862978e+00,-2.8485748150471440e-01,-3.1699860314734168e-03,3.4667306322152286e-02,-2.1658131458148124e-03
2461149.00000000,-2.0782890606855524e+00,5.8438679062380343e+00,-2.8507406090843412e-01,-3.1697293829528010e-03,3.4666581223585423e-02,-2.1657748341507087e-03
2461149.10000000,-2.0786060208146138e+00,5.8473345282174920e+00,-2.8529063648291386e-01,-3.1694731138593997e-03,3.4665856876447396e-02,-2.1657365610086429e-03
2461149.20000000,-2.0789229553357047e+00,5.8508010777997583e+00,-2.8550720823200326e-01,-3.1692172234178933e-03,3.4665133279610592e-02,-2.1656983263362343e-03
2461149.30000000,-2.0792398642851762e+00,5.8542675550436654e+00,-2.8572377615853806e-01,-3.1689617108561596e-03,3.4664410431952959e-02,-2.1656601300813058e-03
2461149.40000000,-2.0795567477037276e+00,5.8577339600563612e+00,-2.8594034026837450e-01,-3.1687065754005049e-03,3.4663688332344463e-02,-2.1656219721911700e-03
2461149.50000000,-2.0798736056275566e+00,5.8612002928964495e+00,-2.8615690056433790e-01,-3.1684518162827975e-03,3.4662966979667330e-02,-2.1655838526136997e-03
2461149.60000000,-2.0801904380942569e+00,5.8646665536385694e+00,-2.8637345705025691e-01,-3.1681974327357047e-03,3.4662246372802505e-02,-2.1655457712966152e-03
2461149.70000000,-2.0805072451413493e+00,5.8681327423572442e+00,-2.8659000972995496e-01,-3.1679434239938716e-03,3.4661526510633103e-02,-2.1655077281876635e-03
2461149.80000000,-2.0808240268048004e+00,5.8715988591107475e+00,-2.8680655860624193e-01,-3.1676897892950989e-03,3.4660807392047695e-02,-2.1654697232347938e-03
2461149.90000000,-2.0811407831249271e+00,5.8750649040056642e+00,-2.8702310368494749e-01,-3.1674365278756139e-03,3.4660089015926897e-02,-2.1654317563854554e-03
2461150.00000000,-2.0814575141375431e+00,5.8785308771000429e+00,-2.8723964496887100e-01,-3.1671836389771490e-03,3.4659371381163498e-02,-2.1653938275876528e-03
2461150.10000000,-2.0817742198798634e+00,5.8819967784679683e+00,-2.8745618246181509e-01,-3.1669311218422099e-03,3.4658654486649065e-02,-2.1653559367892463e-03
2461150.20000000,-2.0820909003890269e+00,5.8854626081834054e+00,-2.8767271616757706e-01,-3.1666789757152556e-03,3.4657938331277220e-02,-2.1653180839381224e-03
2461150.30000000,-2.0824075557006210e+00,5.8889283663040750e+00,-2.8788924608894068e-01,-3.1664271998438575e-03,3.4657222913947031e-02,-2.1652802689823749e-03
2461150.40000000,-2.0827241858545831e+00,5.8923940529360053e+00,-2.8810577223170958e-01,-3.1661757934740085e-03,3.4656508233549675e-02,-2.1652424918695997e-03
2461150.50000000,-2.0830407908863515e+00,5.8958596681366942e+00,-2.8832229459865699e-01,-3.1659247558571539e-03,3.4655794288988413e-02,-2.1652047525479523e-03
2461150.60000000,-2.0833573708327644e+00,5.8993252119796713e+00,-2.8853881319355962e-01,-3.1656740862454889e-03,3.4655081079165241e-02,-2.1651670509654428e-03
2461150.70000000,-2.0836739257305847e+00,5.9027906845383571e+00,-2.8875532802018872e-01,-3.1654237838931302e-03,3.4654368602984230e-02,-2.1651293870701134e-03
2461150.80000000,-2.0839904556150275e+00,5.9062560858699218e+00,-2.8897183908130208e-01,-3.1651738480572727e-03,3.4653656859354828e-02,-2.1650917608102148e-03
2461150.90000000,-2.0843069605256535e+00,5.9097214160798410e+00,-2.8918834638267732e-01,-3.1649242779935266e-03,3.4652945847178630e-02,-2.1650541721335050e-03
2461151.00000000,-2.0846234404975310e+00,5.9131866752250692e+00,-2.8940484992706167e-01,-3.1646750729628988e-03,3.4652235565369248e-02,-2.1650166209883004e-03
2461151.10000000,-2.0849398955671261e+00,5.9166518633785854e+00,-2.8962134971820591e-01,-3.1644262322271261e-03,3.4651526012839003e-02,-2.1649791073227774e-03
2461151.20000000,-2.0852563257708305e+00,5.9201169806132663e+00,-2.8983784575985533e-01,-3.1641777550498375e-03,3.4650817188502270e-02,-2.1649416310851469e-03
2461151.30000000,-2.0855727311434897e+00,5.9235820269857413e+00,-2.9005433805474196e-01,-3.1639296406976995e-03,3.4650109091278802e-02,-2.1649041922238280e-03
2461151.40000000,-2.0858891117242986e+00,5.9270470026009381e+00,-2.9027082660861719e-01,-3.1636818884357935e-03,3.4649401720080464e-02,-2.1648667906867532e-03
2461151.50000000,-2.0862054675479542e+00,5.9305119075152710e+00,-2.9048731142420281e-01,-3.1634344975345410e-03,3.4648695073831080e-02,-2.1648294264224135e-03
2461151.60000000,-2.0865217986505575e+00,5.9339767418011782e+00,-2.9070379250522332e-01,-3.1631874672650739e-03,3.4647989151453222e-02,-2.1647920993791646e-03
2461151.70000000,-2.0868381050681339e+00,5.9374415055309964e+00,-2.9092026985539826e-01,-3.1629407969003872e-03,3.4647283951871444e-02,-2.1647548095053959e-03
2461151.80000000,-2.0871543868351656e+00,5.9409061987608149e+00,-2.9113674347743407e-01,-3.1626944857164768e-03,3.4646579474015664e-02,-2.1647175567497115e-03
2461151.90000000,-2.0874706439904802e+00,5.9443708215950206e+00,-2.9135321337705600e-01,-3.1624485329877494e-03,3.4645875716807911e-02,-2.1646803410602282e-03
2461152.00000000,-2.0877868765684147e+00,5.9478353740894940e+00,-2.9156967955696006e-01,-3.1622029379938976e-03,3.4645172679182115e-02,-2.1646431623856270e-03
2461152.10000000,-2.0881030846047053e+00,5.9512998563161368e+00,-2.9178614202084519e-01,-3.1619577000153044e-03,3.4644470360070956e-02,-2.1646060206744503e-03
2461152.20000000,-2.0884192681350178e+00,5.9547642683467492e+00,-2.9200260077240514e-01,-3.1617128183341879e-03,3.4643768758409070e-02,-2.1645689158752827e-03
2461152.30000000,-2.0887354271934750e+00,5.9582286102368904e+00,-2.9221905581432056e-01,-3.1614682922357302e-03,3.4643067873136403e-02,-2.1645318479369194e-03
2461152.40000000,-2.0890515618185432e+00,5.9616928820904098e+00,-2.9243550715229094e-01,-3.1612241210035217e-03,3.4642367703185087e-02,-2.1644948168076787e-03
2461152.50000000,-2.0893676720442014e+00,5.9651570839626533e+00,-2.9265195478898659e-01,-3.1609803039263839e-03,3.4641668247499022e-02,-2.1644578224364382e-03
2461152.60000000,-2.0896837579058296e+00,5.9686212159249958e+00,-2.9286839872808074e-01,-3.1607368402938123e-03,3.4640969505020866e-02,-2.1644208647719427e-03
2461152.70000000,-2.0899998194387361e+00,5.9720852780487048e+00,-2.9308483897324167e-01,-3.1604937293971055e-03,3.4640271474695242e-02,-2.1643839437629799e-03
2461152.80000000,-2.0903158566766882e+00,5.9755492703888127e+00,-2.9330127552712437e-01,-3.1602509705304922e-03,3.4639574155472003e-02,-2.1643470593585516e-03
2461152.90000000,-2.0906318696577975e+00,5.9790131930486403e+00,-2.9351770839540248e-01,-3.1600085629866063e-03,3.4638877546293224e-02,-2.1643102115071859e-03
2461153.00000000,-2.0909478584156886e+00,5.9824770460830079e+00,-2.9373413758072098e-01,-3.1597665060632604e-03,3.4638181646112730e-02,-2.1642734001579684e-03
2461153.10000000,-2.0912638229853888e+00,5.9859408295627601e+00,-2.9395056308672740e-01,-3.1595247990589214e-03,3.4637486453883030e-02,-2.1642366252598577e-03
2461153.20000000,-2.0915797634018540e+00,5.9894045435586412e+00,-2.9416698491706439e-01,-3.1592834412738332e-03,3.4636791968558622e-02,-2.1641998867618557e-03
2461153.30000000,-2.0918956796985015e+00,5.9928681881251622e+00,-2.9438340307436150e-01,-3.1590424320111330e-03,3.4636098189099164e-02,-2.1641631846131795e-03
2461153.40000000,-2.0922115719130905e+00,5.9963317633651139e+00,-2.9459981756426684e-01,-3.1588017705723595e-03,3.4635405114456591e-02,-2.1641265187625778e-03
2461153.50000000,-2.0925274400788965e+00,5.9997952693327958e+00,-2.9481622838939986e-01,-3.1585614562641821e-03,3.4634712743594462e-02,-2.1640898891593569e-03
2461153.60000000,-2.0928432842305988e+00,6.0032587060985376e+00,-2.9503263555338266e-01,-3.1583214883939017e-03,3.4634021075475085e-02,-2.1640532957526979e-03
2461153.70000000,-2.0931591044028068e+00,6.0067220737325568e+00,-2.9524903905983235e-01,-3.1580818662705714e-03,3.4633330109062679e-02,-2.1640167384918284e-03
2461153.80000000,-2.0934749006285904e+00,6.0101853722888503e+00,-2.9546543891135335e-01,-3.1578425892061029e-03,3.4632639843326603e-02,-2.1639802173261898e-03
2461153.90000000,-2.0937906729453624e+00,6.0136486018696873e+00,-2.9568183511356805e-01,-3.1576036565108064e-03,3.4631950277228540e-02,-2.1639437322047623e-03
2461154.00000000,-2.0941064213860536e+00,6.0171117625288515e+00,-2.9589822766907070e-01,-3.1573650675000690e-03,3.4631261409741730e-02,-2.1639072830770827e-03
2461154.10000000,-2.0944221459849981e+00,6.0205748543361537e+00,-2.9611461658145799e-01,-3.1571268214898958e-03,3.4630573239838099e-02,-2.1638708698925634e-03
2461154.20000000,-2.0947378467764630e+00,6.0240378773612990e+00,-2.9633100185432187e-01,-3.1568889177980143e-03,3.4629885766491522e-02,-2.1638344926006668e-03
2461154.30000000,-2.0950535237931760e+00,6.0275008316577683e+00,-2.9654738349024146e-01,-3.1566513557449772e-03,3.4629198988680977e-02,-2.1637981511510706e-03
2461154.40000000,-2.0953691770722074e+00,6.0309637173273138e+00,-2.9676376149481348e-01,-3.1564141346497338e-03,3.4628512905377745e-02,-2.1637618454929943e-03
2461154.50000000,-2.0956848066461471e+00,6.0344265344232113e+00,-2.9698013587060712e-01,-3.1561772538362615e-03,3.4627827515564626e-02,-2.1637255755762139e-03
2461154.60000000,-2.0960004125489915e+00,6.0378892830147564e+00,-2.9719650662119396e-01,-3.1559407126291340e-03,3.4627142818223107e-02,-2.1636893413503849e-03
2461154.70000000,-2.0963159948146672e+00,6.0413519631711479e+00,-2.9741287375014058e-01,-3.1557045103546236e-03,3.4626458812336586e-02,-2.1636531427652117e-03
2461154.80000000,-2.0966315534755640e+00,6.0448145749453559e+00,-2.9762923726000107e-01,-3.1554686463417946e-03,3.4625775496893538e-02,-2.1636169797706181e-03
2461154.90000000,-2.0969470885684132e+00,6.0482771184386221e+00,-2.9784559715634695e-01,-3.1552331199181027e-03,3.4625092870874764e-02,-2.1635808523160715e-03
2461155.00000000,-2.0972626001254713e+00,6.0517395937037142e+00,-2.9806195344172220e-01,-3.1549979304159857e-03,3.4624410933272495e-02,-2.1635447603515967e-03
2461155.10000000,-2.0975780881803971e+00,6.0552020008094223e+00,-2.9827830611967343e-01,-3.1547630771684584e-03,3.4623729683077684e-02,-2.1635087038270992e-03
2461155.20000000,-2.0978935527667812e+00,6.0586643398244382e+00,-2.9849465519374196e-01,-3.1545285595102088e-03,3.4623049119283149e-02,-2.1634726826925362e-03
2461155.30000000,-2.0982089939166833e+00,6.0621266108012302e+00,-2.9871100066645689e-01,-3.1542943767786835e-03,3.4622369240886741e-02,-2.1634366968980852e-03
2461155.40000000,-2.0985244116664985e+00,6.0655888138405301e+00,-2.9892734254336467e-01,-3.1540605283097200e-03,3.4621690046878671e-02,-2.1634007463934703e-03
2461155.50000000,-2.0988398060481526e+00,6.0690509489946054e+00,-2.9914368082698439e-01,-3.1538270134440875e-03,3.4621011536260543e-02,-2.1633648311289717e-03
2461155.60000000,-2.0991551770949717e+00,6.0725130163317447e+00,-2.9936001552083752e-01,-3.1535938315231148e-03,3.4620333708032650e-02,-2.1633289510547553e-03
2461155.70000000,-2.0994705248402186e+00,6.0759750159201378e+00,-2.9957634662844057e-01,-3.1533609818897800e-03,3.4619656561197094e-02,-2.1632931061210383e-03
2461155.80000000,-2.0997858493156203e+00,6.0794369478117529e+00,-2.9979267415229777e-01,-3.1531284638897854e-03,3.4618980094761040e-02,-2.1632572962782589e-03
2461155.90000000,-2.1001011505572436e+00,6.0828988121068228e+00,-3.0000899809793036e-01,-3.1528962768672241e-03,3.4618304307724015e-02,-2.1632215214764071e-03
2461156.00000000,-2.1004164285966858e+00,6.0863606088571167e+00,-3.0022531846783274e-01,-3.1526644201710719e-03,3.4617629199096840e-02,-2.1631857816660277e-03
2461156.10000000,-2.1007316834669476e+00,6.0898223381304248e+00,-3.0044163526550149e-01,-3.1524328931508477e-03,3.4616954767889042e-02,-2.1631500767975527e-03
2461156.20000000,-2.1010469152009632e+00,6.0932839999944406e+00,-3.0065794849442834e-01,-3.1522016951576943e-03,3.4616281013111982e-02,-2.1631144068214683e-03
2461156.30000000,-2.1013621238301363e+00,6.0967455945006375e+00,-3.0087425815709279e-01,-3.1519708255454471e-03,3.4615607933781968e-02,-2.1630787716884806e-03
2461156.40000000,-2.1016773093902072e+00,6.1002071217487499e+00,-3.0109056425899117e-01,-3.1517402836663318e-03,3.4614935528907757e-02,-2.1630431713488534e-03
2461156.50000000,-2.1019924719124501e+00,6.1036685817900560e+00,-3.0130686680259311e-01,-3.1515100688774052e-03,3.4614263797509301e-02,-2.1630076057534025e-03
2461156.60000000,-2.1023076114295405e+00,6.1071299746918530e+00,-3.0152316579137062e-01,-3.1512801805362550e-03,3.4613592738605259e-02,-2.1629720748528336e-03
2461156.70000000,-2.1026227279740923e+00,6.1105913005213432e+00,-3.0173946122879053e-01,-3.1510506180020678e-03,3.4612922351216144e-02,-2.1629365785979073e-03
2461156.80000000,-2.1029378215771870e+00,6.1140525593295099e+00,-3.0195575311730816e-01,-3.1508213806366891e-03,3.4612252634367305e-02,-2.1629011169396065e-03
2461156.90000000,-2.1032528922742428e+00,6.1175137512155935e+00,-3.0217204146239468e-01,-3.1505924678003547e-03,3.4611583587076597e-02,-2.1628656898284747e-03
2461157.00000000,-2.1035679400962146e+00,6.1209748762303837e+00,-3.0238832626649537e-01,-3.1503638788580859e-03,3.4610915208373068e-02,-2.1628302972156069e-03
2461157.10000000,-2.1038829650754596e+00,6.1244359344406920e+00,-3.0260460753305740e-01,-3.1501356131754176e-03,3.4610247497284405e-02,-2.1627949390519894e-03
2461157.20000000,-2.1041979672442732e+00,6.1278969259132294e+00,-3.0282088526552359e-01,-3.1499076701194573e-03,3.4609580452840079e-02,-2.1627596152886657e-03
2461157.30000000,-2.1045129466334180e+00,6.1313578506984969e+00,-3.0303715946632426e-01,-3.1496800490599447e-03,3.4608914074074473e-02,-2.1627243258769005e-03
2461157.40000000,-2.1048279032779962e+00,6.1348187088952457e+00,-3.0325343014090633e-01,-3.1494527493650041e-03,3.4608248360014436e-02,-2.1626890707675214e-03
2461157.50000000,-2.1051428372086467e+00,6.1382795005537831e+00,-3.0346969729169038e-01,-3.1492257704075024e-03,3.4607583309697959e-02,-2.1626538499119109e-03
